ARO Accession,AMR Gene Family,Drug Class,Resistance Mechanism
ARO:3005099,Erm 23S ribosomal RNA methyltransferase,lincosamide antibiotic;macrolide antibiotic;streptogramin antibiotic,antibiotic target alteration
ARO:3002523,AAC(2'),aminoglycoside antibiotic,antibiotic inactivation
ARO:3002524,AAC(2'),aminoglycoside antibiotic,antibiotic inactivation
ARO:3002525,AAC(2'),aminoglycoside antibiotic,antibiotic inactivation
ARO:3002526,AAC(2'),aminoglycoside antibiotic,antibiotic inactivation
ARO:3002527,AAC(2'),aminoglycoside antibiotic,antibiotic inactivation
ARO:3004628,AAC(2'),aminoglycoside antibiotic,antibiotic inactivation
ARO:3003988,AAC(2'),aminoglycoside antibiotic,antibiotic inactivation
ARO:3002528,AAC(3),aminoglycoside antibiotic,antibiotic inactivation
ARO:3002530,AAC(3),aminoglycoside antibiotic,antibiotic inactivation
ARO:3002600,aminoglycoside bifunctional resistance protein,aminoglycoside antibiotic,antibiotic inactivation
ARO:3002531,AAC(3),aminoglycoside antibiotic,antibiotic inactivation
ARO:3002529,AAC(3),aminoglycoside antibiotic,antibiotic inactivation
ARO:3002533,AAC(3),aminoglycoside antibiotic,antibiotic inactivation
ARO:3002534,AAC(3),aminoglycoside antibiotic,antibiotic inactivation
ARO:3002535,AAC(3),aminoglycoside antibiotic,antibiotic inactivation
ARO:3004623,AAC(3),aminoglycoside antibiotic,antibiotic inactivation
ARO:3004621,AAC(3),aminoglycoside antibiotic,antibiotic inactivation
ARO:3005085,AAC(3),aminoglycoside antibiotic,antibiotic inactivation
ARO:3002536,AAC(3),aminoglycoside antibiotic,antibiotic inactivation
ARO:3002537,AAC(3),aminoglycoside antibiotic,antibiotic inactivation
ARO:3002538,AAC(3),aminoglycoside antibiotic,antibiotic inactivation
ARO:3002539,AAC(3),aminoglycoside antibiotic,antibiotic inactivation
ARO:3005061,AAC(3),aminoglycoside antibiotic,antibiotic inactivation
ARO:3002543,AAC(3),aminoglycoside antibiotic,antibiotic inactivation
ARO:3002540,AAC(3),aminoglycoside antibiotic,antibiotic inactivation
ARO:3002541,AAC(3),aminoglycoside antibiotic,antibiotic inactivation
ARO:3002542,AAC(3),aminoglycoside antibiotic,antibiotic inactivation
ARO:3002544,AAC(3),aminoglycoside antibiotic,antibiotic inactivation
ARO:3002583,AAC(6'),aminoglycoside antibiotic,antibiotic inactivation
ARO:3002584,AAC(6'),aminoglycoside antibiotic,antibiotic inactivation
ARO:3002599,aminoglycoside bifunctional resistance protein,aminoglycoside antibiotic,antibiotic inactivation
ARO:3002585,AAC(6'),aminoglycoside antibiotic,antibiotic inactivation
ARO:3002586,AAC(6'),aminoglycoside antibiotic,antibiotic inactivation
ARO:3003989,AAC(6'),aminoglycoside antibiotic,antibiotic inactivation
ARO:3002588,AAC(6'),aminoglycoside antibiotic,antibiotic inactivation
ARO:3002587,AAC(6'),aminoglycoside antibiotic,antibiotic inactivation
ARO:3004641,AAC(6'),aminoglycoside antibiotic,antibiotic inactivation
ARO:3004638,AAC(6'),aminoglycoside antibiotic,antibiotic inactivation
ARO:3002545,AAC(6'),aminoglycoside antibiotic,antibiotic inactivation
ARO:3002571,AAC(6'),aminoglycoside antibiotic,antibiotic inactivation
ARO:3002572,AAC(6'),aminoglycoside antibiotic,antibiotic inactivation
ARO:3002573,AAC(6'),aminoglycoside antibiotic,antibiotic inactivation
ARO:3002574,AAC(6'),aminoglycoside antibiotic,antibiotic inactivation
ARO:3002575,AAC(6'),aminoglycoside antibiotic,antibiotic inactivation
ARO:3003677,AAC(6'),aminoglycoside antibiotic,antibiotic inactivation
ARO:3003199,AAC(6'),aminoglycoside antibiotic,antibiotic inactivation
ARO:3003200,AAC(6'),aminoglycoside antibiotic,antibiotic inactivation
ARO:3007204,AAC(6'),aminoglycoside antibiotic,antibiotic inactivation
ARO:3002546,AAC(6'),aminoglycoside antibiotic,antibiotic inactivation
ARO:3003676,AAC(6'),aminoglycoside antibiotic,antibiotic inactivation
ARO:3002581,AAC(6'),aminoglycoside antibiotic,antibiotic inactivation
ARO:3002582,AAC(6'),aminoglycoside antibiotic,antibiotic inactivation
ARO:3002576,AAC(6'),aminoglycoside antibiotic,antibiotic inactivation
ARO:3002577,AAC(6'),aminoglycoside antibiotic,antibiotic inactivation
ARO:3002578,AAC(6'),aminoglycoside antibiotic,antibiotic inactivation
ARO:3002579,AAC(6'),aminoglycoside antibiotic,antibiotic inactivation
ARO:3002580,AAC(6'),aminoglycoside antibiotic,antibiotic inactivation
ARO:3002547,AAC(6');AAC(6')-Ib-cr,aminoglycoside antibiotic;fluoroquinolone antibiotic,antibiotic inactivation
ARO:3007770,AAC(6');AAC(6')-Ib-cr,aminoglycoside antibiotic;fluoroquinolone antibiotic,antibiotic inactivation
ARO:3007771,AAC(6');AAC(6')-Ib-cr,aminoglycoside antibiotic;fluoroquinolone antibiotic,antibiotic inactivation
ARO:3005112,AAC(6');AAC(6')-Ib-cr,aminoglycoside antibiotic;fluoroquinolone antibiotic,antibiotic inactivation
ARO:3005114,AAC(6');AAC(6')-Ib-cr,aminoglycoside antibiotic;fluoroquinolone antibiotic,antibiotic inactivation
ARO:3005115,AAC(6');AAC(6')-Ib-cr,aminoglycoside antibiotic;fluoroquinolone antibiotic,antibiotic inactivation
ARO:3005116,AAC(6');AAC(6')-Ib-cr,aminoglycoside antibiotic;fluoroquinolone antibiotic,antibiotic inactivation
ARO:3005117,AAC(6');AAC(6')-Ib-cr,aminoglycoside antibiotic;fluoroquinolone antibiotic,antibiotic inactivation
ARO:3005118,AAC(6');AAC(6')-Ib-cr,aminoglycoside antibiotic;fluoroquinolone antibiotic,antibiotic inactivation
ARO:3005119,AAC(6');AAC(6')-Ib-cr,aminoglycoside antibiotic;fluoroquinolone antibiotic,antibiotic inactivation
ARO:3002592,AAC(6'),aminoglycoside antibiotic,antibiotic inactivation
ARO:3002593,AAC(6'),aminoglycoside antibiotic,antibiotic inactivation
ARO:3002591,AAC(6'),aminoglycoside antibiotic,antibiotic inactivation
ARO:3002549,AAC(6'),aminoglycoside antibiotic,antibiotic inactivation
ARO:3002597,aminoglycoside bifunctional resistance protein,aminoglycoside antibiotic,antibiotic inactivation
ARO:3002553,AAC(6'),aminoglycoside antibiotic,antibiotic inactivation
ARO:3002554,AAC(6'),aminoglycoside antibiotic,antibiotic inactivation
ARO:3002555,AAC(6'),aminoglycoside antibiotic,antibiotic inactivation
ARO:3002556,AAC(6'),aminoglycoside antibiotic,antibiotic inactivation
ARO:3002594,AAC(6'),aminoglycoside antibiotic,antibiotic inactivation
ARO:3002595,AAC(6'),aminoglycoside antibiotic,antibiotic inactivation
ARO:3002596,AAC(6'),aminoglycoside antibiotic,antibiotic inactivation
ARO:3002589,AAC(6'),aminoglycoside antibiotic,antibiotic inactivation
ARO:3002590,AAC(6'),aminoglycoside antibiotic,antibiotic inactivation
ARO:3002557,AAC(6'),aminoglycoside antibiotic,antibiotic inactivation
ARO:3002558,AAC(6'),aminoglycoside antibiotic,antibiotic inactivation
ARO:3004635,AAC(6'),aminoglycoside antibiotic,antibiotic inactivation
ARO:3004629,AAC(6'),aminoglycoside antibiotic,antibiotic inactivation
ARO:3002559,AAC(6'),aminoglycoside antibiotic,antibiotic inactivation
ARO:3002560,AAC(6'),aminoglycoside antibiotic,antibiotic inactivation
ARO:3002561,AAC(6'),aminoglycoside antibiotic,antibiotic inactivation
ARO:3002562,AAC(6'),aminoglycoside antibiotic,antibiotic inactivation
ARO:3002563,AAC(6'),aminoglycoside antibiotic,antibiotic inactivation
ARO:3002564,AAC(6'),aminoglycoside antibiotic,antibiotic inactivation
ARO:3002565,AAC(6'),aminoglycoside antibiotic,antibiotic inactivation
ARO:3002566,AAC(6'),aminoglycoside antibiotic,antibiotic inactivation
ARO:3002567,AAC(6'),aminoglycoside antibiotic,antibiotic inactivation
ARO:3002568,AAC(6'),aminoglycoside antibiotic,antibiotic inactivation
ARO:3002569,AAC(6'),aminoglycoside antibiotic,antibiotic inactivation
ARO:3002570,AAC(6'),aminoglycoside antibiotic,antibiotic inactivation
ARO:3002628,ANT(6),aminoglycoside antibiotic,antibiotic inactivation
ARO:3002601,ANT(3''),aminoglycoside antibiotic,antibiotic inactivation
ARO:3004692,ANT(3''),aminoglycoside antibiotic,antibiotic inactivation
ARO:3002611,ANT(3''),aminoglycoside antibiotic,antibiotic inactivation
ARO:3002612,ANT(3''),aminoglycoside antibiotic,antibiotic inactivation
ARO:3002613,ANT(3''),aminoglycoside antibiotic,antibiotic inactivation
ARO:3002614,ANT(3''),aminoglycoside antibiotic,antibiotic inactivation
ARO:3002615,ANT(3''),aminoglycoside antibiotic,antibiotic inactivation
ARO:3002616,ANT(3''),aminoglycoside antibiotic,antibiotic inactivation
ARO:3002617,ANT(3''),aminoglycoside antibiotic,antibiotic inactivation
ARO:3002602,ANT(3''),aminoglycoside antibiotic,antibiotic inactivation
ARO:3002618,ANT(3''),aminoglycoside antibiotic,antibiotic inactivation
ARO:3002619,ANT(3''),aminoglycoside antibiotic,antibiotic inactivation
ARO:3002620,ANT(3''),aminoglycoside antibiotic,antibiotic inactivation
ARO:3002621,ANT(3''),aminoglycoside antibiotic,antibiotic inactivation
ARO:3003197,ANT(3''),aminoglycoside antibiotic,antibiotic inactivation
ARO:3004682,ANT(3''),aminoglycoside antibiotic,antibiotic inactivation
ARO:3002603,ANT(3''),aminoglycoside antibiotic,antibiotic inactivation
ARO:3002604,ANT(3''),aminoglycoside antibiotic,antibiotic inactivation
ARO:3002605,ANT(3''),aminoglycoside antibiotic,antibiotic inactivation
ARO:3002606,ANT(3''),aminoglycoside antibiotic,antibiotic inactivation
ARO:3002622,ANT(3''),aminoglycoside antibiotic,antibiotic inactivation
ARO:3002607,ANT(3''),aminoglycoside antibiotic,antibiotic inactivation
ARO:3002608,ANT(3''),aminoglycoside antibiotic,antibiotic inactivation
ARO:3004704,ANT(3''),aminoglycoside antibiotic,antibiotic inactivation
ARO:3002609,ANT(3''),aminoglycoside antibiotic,antibiotic inactivation
ARO:3002627,ANT(6),aminoglycoside antibiotic,antibiotic inactivation
ARO:3004683,ANT(6),aminoglycoside antibiotic,antibiotic inactivation
ARO:3007669,major facilitator superfamily (MFS) antibiotic efflux pump,disinfecting agents and antiseptics;macrolide antibiotic;tetracycline antibiotic,antibiotic efflux
ARO:3006863,AAK beta-lactamase,carbapenem,antibiotic inactivation
ARO:3003942,ATP-binding cassette (ABC) antibiotic efflux pump,cephalosporin;moenomycin antibiotic;penicillin beta-lactam;peptide antibiotic,antibiotic efflux
ARO:3000753,multidrug and toxic compound extrusion (MATE) transporter,disinfecting agents and antiseptics;fluoroquinolone antibiotic,antibiotic efflux
ARO:3000768,small multidrug resistance (SMR) antibiotic efflux pump,aminocoumarin antibiotic;macrolide antibiotic,antibiotic efflux
ARO:3001815,ACC beta-lactamase,cephalosporin;monobactam;penicillin beta-lactam,antibiotic inactivation
ARO:3006228,ACC beta-lactamase,cephalosporin;monobactam;penicillin beta-lactam,antibiotic inactivation
ARO:3006229,ACC beta-lactamase,cephalosporin;monobactam;penicillin beta-lactam,antibiotic inactivation
ARO:3006230,ACC beta-lactamase,cephalosporin;monobactam;penicillin beta-lactam,antibiotic inactivation
ARO:3006231,ACC beta-lactamase,cephalosporin;monobactam;penicillin beta-lactam,antibiotic inactivation
ARO:3001816,ACC beta-lactamase,cephalosporin;monobactam;penicillin beta-lactam,antibiotic inactivation
ARO:3001817,ACC beta-lactamase,cephalosporin;monobactam;penicillin beta-lactam,antibiotic inactivation
ARO:3001818,ACC beta-lactamase,cephalosporin;monobactam;penicillin beta-lactam,antibiotic inactivation
ARO:3001819,ACC beta-lactamase,cephalosporin;monobactam;penicillin beta-lactam,antibiotic inactivation
ARO:3006232,ACC beta-lactamase,cephalosporin;monobactam;penicillin beta-lactam,antibiotic inactivation
ARO:3006233,ACC beta-lactamase,cephalosporin;monobactam;penicillin beta-lactam,antibiotic inactivation
ARO:3004359,ACI beta-lactamase,cephalosporin;penicillin beta-lactam,antibiotic inactivation
ARO:3004573,major facilitator superfamily (MFS) antibiotic efflux pump,phosphonic acid antibiotic,antibiotic efflux
ARO:3004574,major facilitator superfamily (MFS) antibiotic efflux pump,fluoroquinolone antibiotic,antibiotic efflux
ARO:3004578,resistance-nodulation-cell division (RND) antibiotic efflux pump,aminoglycoside antibiotic;carbapenem;cephalosporin;disinfecting agents and antiseptics;glycylcycline;penicillin beta-lactam;tetracycline antibiotic,antibiotic efflux
ARO:3003796,ampC-type beta-lactamase,cephalosporin;penicillin beta-lactam,antibiotic inactivation
ARO:3004577,major facilitator superfamily (MFS) antibiotic efflux pump,disinfecting agents and antiseptics;macrolide antibiotic,antibiotic efflux
ARO:3003817,fluoroquinolone resistant gyrA,fluoroquinolone antibiotic;nybomycin-like antibiotic,antibiotic target alteration
ARO:3003809,Outer Membrane Porin (Opr),carbapenem;cephalosporin;monobactam;penicillin beta-lactam,reduced permeability to antibiotic;resistance by absence
ARO:3003818,fluoroquinolone resistant parC,fluoroquinolone antibiotic,antibiotic target alteration
ARO:3000216,resistance-nodulation-cell division (RND) antibiotic efflux pump,cephalosporin;disinfecting agents and antiseptics;fluoroquinolone antibiotic;glycylcycline;penicillin beta-lactam;phenicol antibiotic;rifamycin antibiotic;tetracycline antibiotic,antibiotic efflux
ARO:3000491,resistance-nodulation-cell division (RND) antibiotic efflux pump,aminoglycoside antibiotic,antibiotic efflux
ARO:3000499,resistance-nodulation-cell division (RND) antibiotic efflux pump,cephalosporin;fluoroquinolone antibiotic;penicillin beta-lactam,antibiotic efflux
ARO:3000502,resistance-nodulation-cell division (RND) antibiotic efflux pump,cephalosporin;fluoroquinolone antibiotic;penicillin beta-lactam,antibiotic efflux
ARO:3000656,resistance-nodulation-cell division (RND) antibiotic efflux pump,cephalosporin;disinfecting agents and antiseptics;fluoroquinolone antibiotic;glycylcycline;penicillin beta-lactam;phenicol antibiotic;rifamycin antibiotic;tetracycline antibiotic,antibiotic efflux
ARO:3001821,ACT beta-lactamase,carbapenem;cephalosporin;penicillin beta-lactam,antibiotic inactivation
ARO:3001832,ACT beta-lactamase,carbapenem;cephalosporin;penicillin beta-lactam,antibiotic inactivation
ARO:3007883,ACT beta-lactamase,carbapenem;cephalosporin;penicillin beta-lactam,antibiotic inactivation
ARO:3007884,ACT beta-lactamase,carbapenem;cephalosporin;penicillin beta-lactam,antibiotic inactivation
ARO:3007885,ACT beta-lactamase,carbapenem;cephalosporin;penicillin beta-lactam,antibiotic inactivation
ARO:3007886,ACT beta-lactamase,carbapenem;cephalosporin;penicillin beta-lactam,antibiotic inactivation
ARO:3007887,ACT beta-lactamase,carbapenem;cephalosporin;penicillin beta-lactam,antibiotic inactivation
ARO:3007888,ACT beta-lactamase,carbapenem;cephalosporin;penicillin beta-lactam,antibiotic inactivation
ARO:3007889,ACT beta-lactamase,carbapenem;cephalosporin;penicillin beta-lactam,antibiotic inactivation
ARO:3007890,ACT beta-lactamase,carbapenem;cephalosporin;penicillin beta-lactam,antibiotic inactivation
ARO:3007891,ACT beta-lactamase,carbapenem;cephalosporin;penicillin beta-lactam,antibiotic inactivation
ARO:3007892,ACT beta-lactamase,carbapenem;cephalosporin;penicillin beta-lactam,antibiotic inactivation
ARO:3007893,ACT beta-lactamase,carbapenem;cephalosporin;penicillin beta-lactam,antibiotic inactivation
ARO:3007894,ACT beta-lactamase,carbapenem;cephalosporin;penicillin beta-lactam,antibiotic inactivation
ARO:3007895,ACT beta-lactamase,carbapenem;cephalosporin;penicillin beta-lactam,antibiotic inactivation
ARO:3007896,ACT beta-lactamase,carbapenem;cephalosporin;penicillin beta-lactam,antibiotic inactivation
ARO:3007897,ACT beta-lactamase,carbapenem;cephalosporin;penicillin beta-lactam,antibiotic inactivation
ARO:3007898,ACT beta-lactamase,carbapenem;cephalosporin;penicillin beta-lactam,antibiotic inactivation
ARO:3007899,ACT beta-lactamase,carbapenem;cephalosporin;penicillin beta-lactam,antibiotic inactivation
ARO:3007900,ACT beta-lactamase,carbapenem;cephalosporin;penicillin beta-lactam,antibiotic inactivation
ARO:3007901,ACT beta-lactamase,carbapenem;cephalosporin;penicillin beta-lactam,antibiotic inactivation
ARO:3001834,ACT beta-lactamase,carbapenem;cephalosporin;penicillin beta-lactam,antibiotic inactivation
ARO:3007902,ACT beta-lactamase,carbapenem;cephalosporin;penicillin beta-lactam,antibiotic inactivation
ARO:3007903,ACT beta-lactamase,carbapenem;cephalosporin;penicillin beta-lactam,antibiotic inactivation
ARO:3007904,ACT beta-lactamase,carbapenem;cephalosporin;penicillin beta-lactam,antibiotic inactivation
ARO:3007905,ACT beta-lactamase,carbapenem;cephalosporin;penicillin beta-lactam,antibiotic inactivation
ARO:3007906,ACT beta-lactamase,carbapenem;cephalosporin;penicillin beta-lactam,antibiotic inactivation
ARO:3001835,ACT beta-lactamase,carbapenem;cephalosporin;penicillin beta-lactam,antibiotic inactivation
ARO:3007907,ACT beta-lactamase,carbapenem;cephalosporin;penicillin beta-lactam,antibiotic inactivation
ARO:3001836,ACT beta-lactamase,carbapenem;cephalosporin;penicillin beta-lactam,antibiotic inactivation
ARO:3007908,ACT beta-lactamase,carbapenem;cephalosporin;penicillin beta-lactam,antibiotic inactivation
ARO:3007909,ACT beta-lactamase,carbapenem;cephalosporin;penicillin beta-lactam,antibiotic inactivation
ARO:3007910,ACT beta-lactamase,carbapenem;cephalosporin;penicillin beta-lactam,antibiotic inactivation
ARO:3007911,ACT beta-lactamase,carbapenem;cephalosporin;penicillin beta-lactam,antibiotic inactivation
ARO:3007912,ACT beta-lactamase,carbapenem;cephalosporin;penicillin beta-lactam,antibiotic inactivation
ARO:3007913,ACT beta-lactamase,carbapenem;cephalosporin;penicillin beta-lactam,antibiotic inactivation
ARO:3007914,ACT beta-lactamase,carbapenem;cephalosporin;penicillin beta-lactam,antibiotic inactivation
ARO:3007915,ACT beta-lactamase,carbapenem;cephalosporin;penicillin beta-lactam,antibiotic inactivation
ARO:3001837,ACT beta-lactamase,carbapenem;cephalosporin;penicillin beta-lactam,antibiotic inactivation
ARO:3007916,ACT beta-lactamase,carbapenem;cephalosporin;penicillin beta-lactam,antibiotic inactivation
ARO:3007917,ACT beta-lactamase,carbapenem;cephalosporin;penicillin beta-lactam,antibiotic inactivation
ARO:3007918,ACT beta-lactamase,carbapenem;cephalosporin;penicillin beta-lactam,antibiotic inactivation
ARO:3007919,ACT beta-lactamase,carbapenem;cephalosporin;penicillin beta-lactam,antibiotic inactivation
ARO:3007920,ACT beta-lactamase,carbapenem;cephalosporin;penicillin beta-lactam,antibiotic inactivation
ARO:3007921,ACT beta-lactamase,carbapenem;cephalosporin;penicillin beta-lactam,antibiotic inactivation
ARO:3007922,ACT beta-lactamase,carbapenem;cephalosporin;penicillin beta-lactam,antibiotic inactivation
ARO:3007923,ACT beta-lactamase,carbapenem;cephalosporin;penicillin beta-lactam,antibiotic inactivation
ARO:3007924,ACT beta-lactamase,carbapenem;cephalosporin;penicillin beta-lactam,antibiotic inactivation
ARO:3001827,ACT beta-lactamase,carbapenem;cephalosporin;penicillin beta-lactam,antibiotic inactivation
ARO:3007925,ACT beta-lactamase,carbapenem;cephalosporin;penicillin beta-lactam,antibiotic inactivation
ARO:3007926,ACT beta-lactamase,carbapenem;cephalosporin;penicillin beta-lactam,antibiotic inactivation
ARO:3007927,ACT beta-lactamase,carbapenem;cephalosporin;penicillin beta-lactam,antibiotic inactivation
ARO:3007928,ACT beta-lactamase,carbapenem;cephalosporin;penicillin beta-lactam,antibiotic inactivation
ARO:3007929,ACT beta-lactamase,carbapenem;cephalosporin;penicillin beta-lactam,antibiotic inactivation
ARO:3007930,ACT beta-lactamase,carbapenem;cephalosporin;penicillin beta-lactam,antibiotic inactivation
ARO:3007931,ACT beta-lactamase,carbapenem;cephalosporin;penicillin beta-lactam,antibiotic inactivation
ARO:3007932,ACT beta-lactamase,carbapenem;cephalosporin;penicillin beta-lactam,antibiotic inactivation
ARO:3001838,ACT beta-lactamase,carbapenem;cephalosporin;penicillin beta-lactam,antibiotic inactivation
ARO:3007933,ACT beta-lactamase,carbapenem;cephalosporin;penicillin beta-lactam,antibiotic inactivation
ARO:3007934,ACT beta-lactamase,carbapenem;cephalosporin;penicillin beta-lactam,antibiotic inactivation
ARO:3007935,ACT beta-lactamase,carbapenem;cephalosporin;penicillin beta-lactam,antibiotic inactivation
ARO:3007936,ACT beta-lactamase,carbapenem;cephalosporin;penicillin beta-lactam,antibiotic inactivation
ARO:3007937,ACT beta-lactamase,carbapenem;cephalosporin;penicillin beta-lactam,antibiotic inactivation
ARO:3007938,ACT beta-lactamase,carbapenem;cephalosporin;penicillin beta-lactam,antibiotic inactivation
ARO:3007939,ACT beta-lactamase,carbapenem;cephalosporin;penicillin beta-lactam,antibiotic inactivation
ARO:3007940,ACT beta-lactamase,carbapenem;cephalosporin;penicillin beta-lactam,antibiotic inactivation
ARO:3007941,ACT beta-lactamase,carbapenem;cephalosporin;penicillin beta-lactam,antibiotic inactivation
ARO:3007942,ACT beta-lactamase,carbapenem;cephalosporin;penicillin beta-lactam,antibiotic inactivation
ARO:3001839,ACT beta-lactamase,carbapenem;cephalosporin;penicillin beta-lactam,antibiotic inactivation
ARO:3007943,ACT beta-lactamase,carbapenem;cephalosporin;penicillin beta-lactam,antibiotic inactivation
ARO:3007944,ACT beta-lactamase,carbapenem;cephalosporin;penicillin beta-lactam,antibiotic inactivation
ARO:3007945,ACT beta-lactamase,carbapenem;cephalosporin;penicillin beta-lactam,antibiotic inactivation
ARO:3007946,ACT beta-lactamase,carbapenem;cephalosporin;penicillin beta-lactam,antibiotic inactivation
ARO:3007947,ACT beta-lactamase,carbapenem;cephalosporin;penicillin beta-lactam,antibiotic inactivation
ARO:3007948,ACT beta-lactamase,carbapenem;cephalosporin;penicillin beta-lactam,antibiotic inactivation
ARO:3007949,ACT beta-lactamase,carbapenem;cephalosporin;penicillin beta-lactam,antibiotic inactivation
ARO:3007950,ACT beta-lactamase,carbapenem;cephalosporin;penicillin beta-lactam,antibiotic inactivation
ARO:3007951,ACT beta-lactamase,carbapenem;cephalosporin;penicillin beta-lactam,antibiotic inactivation
ARO:3007952,ACT beta-lactamase,carbapenem;cephalosporin;penicillin beta-lactam,antibiotic inactivation
ARO:3001840,ACT beta-lactamase,carbapenem;cephalosporin;penicillin beta-lactam,antibiotic inactivation
ARO:3007953,ACT beta-lactamase,carbapenem;cephalosporin;penicillin beta-lactam,antibiotic inactivation
ARO:3007954,ACT beta-lactamase,carbapenem;cephalosporin;penicillin beta-lactam,antibiotic inactivation
ARO:3007955,ACT beta-lactamase,carbapenem;cephalosporin;penicillin beta-lactam,antibiotic inactivation
ARO:3007956,ACT beta-lactamase,carbapenem;cephalosporin;penicillin beta-lactam,antibiotic inactivation
ARO:3007957,ACT beta-lactamase,carbapenem;cephalosporin;penicillin beta-lactam,antibiotic inactivation
ARO:3001822,ACT beta-lactamase,carbapenem;cephalosporin;penicillin beta-lactam,antibiotic inactivation
ARO:3001841,ACT beta-lactamase,carbapenem;cephalosporin;penicillin beta-lactam,antibiotic inactivation
ARO:3001842,ACT beta-lactamase,carbapenem;cephalosporin;penicillin beta-lactam,antibiotic inactivation
ARO:3001843,ACT beta-lactamase,carbapenem;cephalosporin;penicillin beta-lactam,antibiotic inactivation
ARO:3001828,ACT beta-lactamase,carbapenem;cephalosporin;penicillin beta-lactam,antibiotic inactivation
ARO:3001844,ACT beta-lactamase,carbapenem;cephalosporin;penicillin beta-lactam,antibiotic inactivation
ARO:3001845,ACT beta-lactamase,carbapenem;cephalosporin;penicillin beta-lactam,antibiotic inactivation
ARO:3001847,ACT beta-lactamase,carbapenem;cephalosporin;penicillin beta-lactam,antibiotic inactivation
ARO:3001848,ACT beta-lactamase,carbapenem;cephalosporin;penicillin beta-lactam,antibiotic inactivation
ARO:3001849,ACT beta-lactamase,carbapenem;cephalosporin;penicillin beta-lactam,antibiotic inactivation
ARO:3001823,ACT beta-lactamase,carbapenem;cephalosporin;penicillin beta-lactam,antibiotic inactivation
ARO:3001850,ACT beta-lactamase,carbapenem;cephalosporin;penicillin beta-lactam,antibiotic inactivation
ARO:3001851,ACT beta-lactamase,carbapenem;cephalosporin;penicillin beta-lactam,antibiotic inactivation
ARO:3001852,ACT beta-lactamase,carbapenem;cephalosporin;penicillin beta-lactam,antibiotic inactivation
ARO:3001853,ACT beta-lactamase,carbapenem;cephalosporin;penicillin beta-lactam,antibiotic inactivation
ARO:3001854,ACT beta-lactamase,carbapenem;cephalosporin;penicillin beta-lactam,antibiotic inactivation
ARO:3001855,ACT beta-lactamase,carbapenem;cephalosporin;penicillin beta-lactam,antibiotic inactivation
ARO:3003171,ACT beta-lactamase,carbapenem;cephalosporin;penicillin beta-lactam,antibiotic inactivation
ARO:3003172,ACT beta-lactamase,carbapenem;cephalosporin;penicillin beta-lactam,antibiotic inactivation
ARO:3003655,ACT beta-lactamase,carbapenem;cephalosporin;penicillin beta-lactam,antibiotic inactivation
ARO:3006234,ACT beta-lactamase,carbapenem;cephalosporin;penicillin beta-lactam,antibiotic inactivation
ARO:3001829,ACT beta-lactamase,carbapenem;cephalosporin;penicillin beta-lactam,antibiotic inactivation
ARO:3006235,ACT beta-lactamase,carbapenem;cephalosporin;penicillin beta-lactam,antibiotic inactivation
ARO:3006236,ACT beta-lactamase,carbapenem;cephalosporin;penicillin beta-lactam,antibiotic inactivation
ARO:3006237,ACT beta-lactamase,carbapenem;cephalosporin;penicillin beta-lactam,antibiotic inactivation
ARO:3006238,ACT beta-lactamase,carbapenem;cephalosporin;penicillin beta-lactam,antibiotic inactivation
ARO:3006239,ACT beta-lactamase,carbapenem;cephalosporin;penicillin beta-lactam,antibiotic inactivation
ARO:3006240,ACT beta-lactamase,carbapenem;cephalosporin;penicillin beta-lactam,antibiotic inactivation
ARO:3006241,ACT beta-lactamase,carbapenem;cephalosporin;penicillin beta-lactam,antibiotic inactivation
ARO:3006242,ACT beta-lactamase,carbapenem;cephalosporin;penicillin beta-lactam,antibiotic inactivation
ARO:3006243,ACT beta-lactamase,carbapenem;cephalosporin;penicillin beta-lactam,antibiotic inactivation
ARO:3006244,ACT beta-lactamase,carbapenem;cephalosporin;penicillin beta-lactam,antibiotic inactivation
ARO:3001824,ACT beta-lactamase,carbapenem;cephalosporin;penicillin beta-lactam,antibiotic inactivation
ARO:3006245,ACT beta-lactamase,carbapenem;cephalosporin;penicillin beta-lactam,antibiotic inactivation
ARO:3006246,ACT beta-lactamase,carbapenem;cephalosporin;penicillin beta-lactam,antibiotic inactivation
ARO:3006247,ACT beta-lactamase,carbapenem;cephalosporin;penicillin beta-lactam,antibiotic inactivation
ARO:3006248,ACT beta-lactamase,carbapenem;cephalosporin;penicillin beta-lactam,antibiotic inactivation
ARO:3006249,ACT beta-lactamase,carbapenem;cephalosporin;penicillin beta-lactam,antibiotic inactivation
ARO:3006250,ACT beta-lactamase,carbapenem;cephalosporin;penicillin beta-lactam,antibiotic inactivation
ARO:3006251,ACT beta-lactamase,carbapenem;cephalosporin;penicillin beta-lactam,antibiotic inactivation
ARO:3006252,ACT beta-lactamase,carbapenem;cephalosporin;penicillin beta-lactam,antibiotic inactivation
ARO:3006253,ACT beta-lactamase,carbapenem;cephalosporin;penicillin beta-lactam,antibiotic inactivation
ARO:3006254,ACT beta-lactamase,carbapenem;cephalosporin;penicillin beta-lactam,antibiotic inactivation
ARO:3001825,ACT beta-lactamase,carbapenem;cephalosporin;penicillin beta-lactam,antibiotic inactivation
ARO:3006255,ACT beta-lactamase,carbapenem;cephalosporin;penicillin beta-lactam,antibiotic inactivation
ARO:3006256,ACT beta-lactamase,carbapenem;cephalosporin;penicillin beta-lactam,antibiotic inactivation
ARO:3006257,ACT beta-lactamase,carbapenem;cephalosporin;penicillin beta-lactam,antibiotic inactivation
ARO:3006258,ACT beta-lactamase,carbapenem;cephalosporin;penicillin beta-lactam,antibiotic inactivation
ARO:3006259,ACT beta-lactamase,carbapenem;cephalosporin;penicillin beta-lactam,antibiotic inactivation
ARO:3006260,ACT beta-lactamase,carbapenem;cephalosporin;penicillin beta-lactam,antibiotic inactivation
ARO:3006261,ACT beta-lactamase,carbapenem;cephalosporin;penicillin beta-lactam,antibiotic inactivation
ARO:3006262,ACT beta-lactamase,carbapenem;cephalosporin;penicillin beta-lactam,antibiotic inactivation
ARO:3006263,ACT beta-lactamase,carbapenem;cephalosporin;penicillin beta-lactam,antibiotic inactivation
ARO:3006264,ACT beta-lactamase,carbapenem;cephalosporin;penicillin beta-lactam,antibiotic inactivation
ARO:3001830,ACT beta-lactamase,carbapenem;cephalosporin;penicillin beta-lactam,antibiotic inactivation
ARO:3006265,ACT beta-lactamase,carbapenem;cephalosporin;penicillin beta-lactam,antibiotic inactivation
ARO:3006266,ACT beta-lactamase,carbapenem;cephalosporin;penicillin beta-lactam,antibiotic inactivation
ARO:3006267,ACT beta-lactamase,carbapenem;cephalosporin;penicillin beta-lactam,antibiotic inactivation
ARO:3006268,ACT beta-lactamase,carbapenem;cephalosporin;penicillin beta-lactam,antibiotic inactivation
ARO:3006269,ACT beta-lactamase,carbapenem;cephalosporin;penicillin beta-lactam,antibiotic inactivation
ARO:3006270,ACT beta-lactamase,carbapenem;cephalosporin;penicillin beta-lactam,antibiotic inactivation
ARO:3006271,ACT beta-lactamase,carbapenem;cephalosporin;penicillin beta-lactam,antibiotic inactivation
ARO:3006272,ACT beta-lactamase,carbapenem;cephalosporin;penicillin beta-lactam,antibiotic inactivation
ARO:3006273,ACT beta-lactamase,carbapenem;cephalosporin;penicillin beta-lactam,antibiotic inactivation
ARO:3001831,ACT beta-lactamase,carbapenem;cephalosporin;penicillin beta-lactam,antibiotic inactivation
ARO:3006274,ACT beta-lactamase,carbapenem;cephalosporin;penicillin beta-lactam,antibiotic inactivation
ARO:3006275,ACT beta-lactamase,carbapenem;cephalosporin;penicillin beta-lactam,antibiotic inactivation
ARO:3006276,ACT beta-lactamase,carbapenem;cephalosporin;penicillin beta-lactam,antibiotic inactivation
ARO:3006277,ACT beta-lactamase,carbapenem;cephalosporin;penicillin beta-lactam,antibiotic inactivation
ARO:3006278,ACT beta-lactamase,carbapenem;cephalosporin;penicillin beta-lactam,antibiotic inactivation
ARO:3007958,ACT beta-lactamase,carbapenem;cephalosporin;penicillin beta-lactam,antibiotic inactivation
ARO:3007959,ACT beta-lactamase,carbapenem;cephalosporin;penicillin beta-lactam,antibiotic inactivation
ARO:3006279,ACT beta-lactamase,carbapenem;cephalosporin;penicillin beta-lactam,antibiotic inactivation
ARO:3007960,ACT beta-lactamase,carbapenem;cephalosporin;penicillin beta-lactam,antibiotic inactivation
ARO:3007961,ACT beta-lactamase,carbapenem;cephalosporin;penicillin beta-lactam,antibiotic inactivation
ARO:3001826,ACT beta-lactamase,carbapenem;cephalosporin;penicillin beta-lactam,antibiotic inactivation
ARO:3007962,ACT beta-lactamase,carbapenem;cephalosporin;penicillin beta-lactam,antibiotic inactivation
ARO:3007963,ACT beta-lactamase,carbapenem;cephalosporin;penicillin beta-lactam,antibiotic inactivation
ARO:3007964,ACT beta-lactamase,carbapenem;cephalosporin;penicillin beta-lactam,antibiotic inactivation
ARO:3007965,ACT beta-lactamase,carbapenem;cephalosporin;penicillin beta-lactam,antibiotic inactivation
ARO:3007966,ACT beta-lactamase,carbapenem;cephalosporin;penicillin beta-lactam,antibiotic inactivation
ARO:3007967,ACT beta-lactamase,carbapenem;cephalosporin;penicillin beta-lactam,antibiotic inactivation
ARO:3007968,ACT beta-lactamase,carbapenem;cephalosporin;penicillin beta-lactam,antibiotic inactivation
ARO:3007969,ACT beta-lactamase,carbapenem;cephalosporin;penicillin beta-lactam,antibiotic inactivation
ARO:3007970,ACT beta-lactamase,carbapenem;cephalosporin;penicillin beta-lactam,antibiotic inactivation
ARO:3007971,ACT beta-lactamase,carbapenem;cephalosporin;penicillin beta-lactam,antibiotic inactivation
ARO:3007972,ACT beta-lactamase,carbapenem;cephalosporin;penicillin beta-lactam,antibiotic inactivation
ARO:3003847,ADC beta-lactamase without carbapenemase activity,cephalosporin,antibiotic inactivation
ARO:3003855,ADC beta-lactamase without carbapenemase activity,cephalosporin,antibiotic inactivation
ARO:3006280,ADC beta-lactamases pending classification for carbapenemase activity,cephalosporin,antibiotic inactivation
ARO:3006281,ADC beta-lactamases pending classification for carbapenemase activity,cephalosporin,antibiotic inactivation
ARO:3006282,ADC beta-lactamases pending classification for carbapenemase activity,cephalosporin,antibiotic inactivation
ARO:3006283,ADC beta-lactamases pending classification for carbapenemase activity,cephalosporin,antibiotic inactivation
ARO:3006284,ADC beta-lactamases pending classification for carbapenemase activity,cephalosporin,antibiotic inactivation
ARO:3006285,ADC beta-lactamases pending classification for carbapenemase activity,cephalosporin,antibiotic inactivation
ARO:3006286,ADC beta-lactamases pending classification for carbapenemase activity,cephalosporin,antibiotic inactivation
ARO:3006287,ADC beta-lactamases pending classification for carbapenemase activity,cephalosporin,antibiotic inactivation
ARO:3006288,ADC beta-lactamases pending classification for carbapenemase activity,cephalosporin,antibiotic inactivation
ARO:3004615,ADC beta-lactamase without carbapenemase activity,cephalosporin,antibiotic inactivation
ARO:3006289,ADC beta-lactamases pending classification for carbapenemase activity,cephalosporin,antibiotic inactivation
ARO:3006290,ADC beta-lactamases pending classification for carbapenemase activity,cephalosporin,antibiotic inactivation
ARO:3006291,ADC beta-lactamases pending classification for carbapenemase activity,cephalosporin,antibiotic inactivation
ARO:3006292,ADC beta-lactamases pending classification for carbapenemase activity,cephalosporin,antibiotic inactivation
ARO:3006293,ADC beta-lactamases pending classification for carbapenemase activity,cephalosporin,antibiotic inactivation
ARO:3006294,ADC beta-lactamases pending classification for carbapenemase activity,cephalosporin,antibiotic inactivation
ARO:3006295,ADC beta-lactamases pending classification for carbapenemase activity,cephalosporin,antibiotic inactivation
ARO:3006296,ADC beta-lactamases pending classification for carbapenemase activity,cephalosporin,antibiotic inactivation
ARO:3003856,ADC beta-lactamase without carbapenemase activity,cephalosporin,antibiotic inactivation
ARO:3006297,ADC beta-lactamases pending classification for carbapenemase activity,cephalosporin,antibiotic inactivation
ARO:3006298,ADC beta-lactamases pending classification for carbapenemase activity,cephalosporin,antibiotic inactivation
ARO:3006299,ADC beta-lactamases pending classification for carbapenemase activity,cephalosporin,antibiotic inactivation
ARO:3006300,ADC beta-lactamases pending classification for carbapenemase activity,cephalosporin,antibiotic inactivation
ARO:3006301,ADC beta-lactamases pending classification for carbapenemase activity,cephalosporin,antibiotic inactivation
ARO:3006302,ADC beta-lactamases pending classification for carbapenemase activity,cephalosporin,antibiotic inactivation
ARO:3006303,ADC beta-lactamases pending classification for carbapenemase activity,cephalosporin,antibiotic inactivation
ARO:3006304,ADC beta-lactamases pending classification for carbapenemase activity,cephalosporin,antibiotic inactivation
ARO:3003857,ADC beta-lactamase without carbapenemase activity,cephalosporin,antibiotic inactivation
ARO:3006305,ADC beta-lactamases pending classification for carbapenemase activity,cephalosporin,antibiotic inactivation
ARO:3006306,ADC beta-lactamases pending classification for carbapenemase activity,cephalosporin,antibiotic inactivation
ARO:3006307,ADC beta-lactamases pending classification for carbapenemase activity,cephalosporin,antibiotic inactivation
ARO:3006308,ADC beta-lactamases pending classification for carbapenemase activity,cephalosporin,antibiotic inactivation
ARO:3006309,ADC beta-lactamases pending classification for carbapenemase activity,cephalosporin,antibiotic inactivation
ARO:3006310,ADC beta-lactamases pending classification for carbapenemase activity,cephalosporin,antibiotic inactivation
ARO:3006311,ADC beta-lactamases pending classification for carbapenemase activity,cephalosporin,antibiotic inactivation
ARO:3006312,ADC beta-lactamases pending classification for carbapenemase activity,cephalosporin,antibiotic inactivation
ARO:3006313,ADC beta-lactamases pending classification for carbapenemase activity,cephalosporin,antibiotic inactivation
ARO:3006314,ADC beta-lactamases pending classification for carbapenemase activity,cephalosporin,antibiotic inactivation
ARO:3003858,ADC beta-lactamase without carbapenemase activity,cephalosporin,antibiotic inactivation
ARO:3006315,ADC beta-lactamases pending classification for carbapenemase activity,cephalosporin,antibiotic inactivation
ARO:3006316,ADC beta-lactamases pending classification for carbapenemase activity,cephalosporin,antibiotic inactivation
ARO:3006317,ADC beta-lactamases pending classification for carbapenemase activity,cephalosporin,antibiotic inactivation
ARO:3006318,ADC beta-lactamases pending classification for carbapenemase activity,cephalosporin,antibiotic inactivation
ARO:3006319,ADC beta-lactamases pending classification for carbapenemase activity,cephalosporin,antibiotic inactivation
ARO:3006320,ADC beta-lactamases pending classification for carbapenemase activity,cephalosporin,antibiotic inactivation
ARO:3006321,ADC beta-lactamases pending classification for carbapenemase activity,cephalosporin,antibiotic inactivation
ARO:3006322,ADC beta-lactamases pending classification for carbapenemase activity,cephalosporin,antibiotic inactivation
ARO:3006323,ADC beta-lactamases pending classification for carbapenemase activity,cephalosporin,antibiotic inactivation
ARO:3003859,ADC beta-lactamase without carbapenemase activity,cephalosporin,antibiotic inactivation
ARO:3006324,ADC beta-lactamases pending classification for carbapenemase activity,cephalosporin,antibiotic inactivation
ARO:3006325,ADC beta-lactamases pending classification for carbapenemase activity,cephalosporin,antibiotic inactivation
ARO:3006326,ADC beta-lactamases pending classification for carbapenemase activity,cephalosporin,antibiotic inactivation
ARO:3006327,ADC beta-lactamases pending classification for carbapenemase activity,cephalosporin,antibiotic inactivation
ARO:3006328,ADC beta-lactamases pending classification for carbapenemase activity,cephalosporin,antibiotic inactivation
ARO:3006329,ADC beta-lactamases pending classification for carbapenemase activity,cephalosporin,antibiotic inactivation
ARO:3006330,ADC beta-lactamases pending classification for carbapenemase activity,cephalosporin,antibiotic inactivation
ARO:3006331,ADC beta-lactamases pending classification for carbapenemase activity,cephalosporin,antibiotic inactivation
ARO:3006332,ADC beta-lactamases pending classification for carbapenemase activity,cephalosporin,antibiotic inactivation
ARO:3005037,ADC beta-lactamase without carbapenemase activity,cephalosporin,antibiotic inactivation
ARO:3003860,ADC beta-lactamase without carbapenemase activity,cephalosporin,antibiotic inactivation
ARO:3006333,ADC beta-lactamases pending classification for carbapenemase activity,cephalosporin,antibiotic inactivation
ARO:3006334,ADC beta-lactamases pending classification for carbapenemase activity,cephalosporin,antibiotic inactivation
ARO:3006335,ADC beta-lactamases pending classification for carbapenemase activity,cephalosporin,antibiotic inactivation
ARO:3006336,ADC beta-lactamases pending classification for carbapenemase activity,cephalosporin,antibiotic inactivation
ARO:3006337,ADC beta-lactamases pending classification for carbapenemase activity,cephalosporin,antibiotic inactivation
ARO:3006338,ADC beta-lactamases pending classification for carbapenemase activity,cephalosporin,antibiotic inactivation
ARO:3006339,ADC beta-lactamases pending classification for carbapenemase activity,cephalosporin,antibiotic inactivation
ARO:3006340,ADC beta-lactamases pending classification for carbapenemase activity,cephalosporin,antibiotic inactivation
ARO:3006341,ADC beta-lactamases pending classification for carbapenemase activity,cephalosporin,antibiotic inactivation
ARO:3003861,ADC beta-lactamase without carbapenemase activity,cephalosporin,antibiotic inactivation
ARO:3006342,ADC beta-lactamases pending classification for carbapenemase activity,cephalosporin,antibiotic inactivation
ARO:3006343,ADC beta-lactamases pending classification for carbapenemase activity,cephalosporin,antibiotic inactivation
ARO:3006344,ADC beta-lactamases pending classification for carbapenemase activity,cephalosporin,antibiotic inactivation
ARO:3006345,ADC beta-lactamases pending classification for carbapenemase activity,cephalosporin,antibiotic inactivation
ARO:3006346,ADC beta-lactamases pending classification for carbapenemase activity,cephalosporin,antibiotic inactivation
ARO:3006347,ADC beta-lactamases pending classification for carbapenemase activity,cephalosporin,antibiotic inactivation
ARO:3006348,ADC beta-lactamases pending classification for carbapenemase activity,cephalosporin,antibiotic inactivation
ARO:3006349,ADC beta-lactamases pending classification for carbapenemase activity,cephalosporin,antibiotic inactivation
ARO:3006350,ADC beta-lactamases pending classification for carbapenemase activity,cephalosporin,antibiotic inactivation
ARO:3006351,ADC beta-lactamases pending classification for carbapenemase activity,cephalosporin,antibiotic inactivation
ARO:3003862,ADC beta-lactamase without carbapenemase activity,cephalosporin,antibiotic inactivation
ARO:3006352,ADC beta-lactamases pending classification for carbapenemase activity,cephalosporin,antibiotic inactivation
ARO:3005244,ADC beta-lactamase without carbapenemase activity,cephalosporin,antibiotic inactivation
ARO:3005245,ADC beta-lactamase without carbapenemase activity,cephalosporin,antibiotic inactivation
ARO:3005246,ADC beta-lactamase without carbapenemase activity,cephalosporin,antibiotic inactivation
ARO:3006353,ADC beta-lactamases pending classification for carbapenemase activity,cephalosporin,antibiotic inactivation
ARO:3006354,ADC beta-lactamases pending classification for carbapenemase activity,cephalosporin,antibiotic inactivation
ARO:3006355,ADC beta-lactamases pending classification for carbapenemase activity,cephalosporin,antibiotic inactivation
ARO:3006356,ADC beta-lactamases pending classification for carbapenemase activity,cephalosporin,antibiotic inactivation
ARO:3006357,ADC beta-lactamases pending classification for carbapenemase activity,cephalosporin,antibiotic inactivation
ARO:3006358,ADC beta-lactamases pending classification for carbapenemase activity,cephalosporin,antibiotic inactivation
ARO:3003863,ADC beta-lactamase without carbapenemase activity,cephalosporin,antibiotic inactivation
ARO:3006359,ADC beta-lactamases pending classification for carbapenemase activity,cephalosporin,antibiotic inactivation
ARO:3006360,ADC beta-lactamases pending classification for carbapenemase activity,cephalosporin,antibiotic inactivation
ARO:3006361,ADC beta-lactamases pending classification for carbapenemase activity,cephalosporin,antibiotic inactivation
ARO:3006362,ADC beta-lactamases pending classification for carbapenemase activity,cephalosporin,antibiotic inactivation
ARO:3006363,ADC beta-lactamases pending classification for carbapenemase activity,cephalosporin,antibiotic inactivation
ARO:3006364,ADC beta-lactamases pending classification for carbapenemase activity,cephalosporin,antibiotic inactivation
ARO:3006365,ADC beta-lactamases pending classification for carbapenemase activity,cephalosporin,antibiotic inactivation
ARO:3006366,ADC beta-lactamases pending classification for carbapenemase activity,cephalosporin,antibiotic inactivation
ARO:3006367,ADC beta-lactamases pending classification for carbapenemase activity,cephalosporin,antibiotic inactivation
ARO:3006368,ADC beta-lactamases pending classification for carbapenemase activity,cephalosporin,antibiotic inactivation
ARO:3003848,ADC beta-lactamase without carbapenemase activity,cephalosporin,antibiotic inactivation
ARO:3003864,ADC beta-lactamase without carbapenemase activity,cephalosporin,antibiotic inactivation
ARO:3006369,ADC beta-lactamases pending classification for carbapenemase activity,cephalosporin,antibiotic inactivation
ARO:3006370,ADC beta-lactamases pending classification for carbapenemase activity,cephalosporin,antibiotic inactivation
ARO:3006371,ADC beta-lactamases pending classification for carbapenemase activity,cephalosporin,antibiotic inactivation
ARO:3006372,ADC beta-lactamases pending classification for carbapenemase activity,cephalosporin,antibiotic inactivation
ARO:3006373,ADC beta-lactamases pending classification for carbapenemase activity,cephalosporin,antibiotic inactivation
ARO:3006374,ADC beta-lactamases pending classification for carbapenemase activity,cephalosporin,antibiotic inactivation
ARO:3006375,ADC beta-lactamases pending classification for carbapenemase activity,cephalosporin,antibiotic inactivation
ARO:3006376,ADC beta-lactamases pending classification for carbapenemase activity,cephalosporin,antibiotic inactivation
ARO:3006377,ADC beta-lactamases pending classification for carbapenemase activity,cephalosporin,antibiotic inactivation
ARO:3006378,ADC beta-lactamases pending classification for carbapenemase activity,cephalosporin,antibiotic inactivation
ARO:3003865,ADC beta-lactamase without carbapenemase activity,cephalosporin,antibiotic inactivation
ARO:3006379,ADC beta-lactamases pending classification for carbapenemase activity,cephalosporin,antibiotic inactivation
ARO:3006380,ADC beta-lactamases pending classification for carbapenemase activity,cephalosporin,antibiotic inactivation
ARO:3006381,ADC beta-lactamases pending classification for carbapenemase activity,cephalosporin,antibiotic inactivation
ARO:3006382,ADC beta-lactamases pending classification for carbapenemase activity,cephalosporin,antibiotic inactivation
ARO:3006383,ADC beta-lactamases pending classification for carbapenemase activity,cephalosporin,antibiotic inactivation
ARO:3006384,ADC beta-lactamases pending classification for carbapenemase activity,cephalosporin,antibiotic inactivation
ARO:3006385,ADC beta-lactamases pending classification for carbapenemase activity,cephalosporin,antibiotic inactivation
ARO:3006386,ADC beta-lactamases pending classification for carbapenemase activity,cephalosporin,antibiotic inactivation
ARO:3006387,ADC beta-lactamases pending classification for carbapenemase activity,cephalosporin,antibiotic inactivation
ARO:3006388,ADC beta-lactamases pending classification for carbapenemase activity,cephalosporin,antibiotic inactivation
ARO:3003866,ADC beta-lactamase without carbapenemase activity,cephalosporin,antibiotic inactivation
ARO:3006389,ADC beta-lactamases pending classification for carbapenemase activity,cephalosporin,antibiotic inactivation
ARO:3006390,ADC beta-lactamases pending classification for carbapenemase activity,cephalosporin,antibiotic inactivation
ARO:3006391,ADC beta-lactamases pending classification for carbapenemase activity,cephalosporin,antibiotic inactivation
ARO:3006392,ADC beta-lactamases pending classification for carbapenemase activity,cephalosporin,antibiotic inactivation
ARO:3006393,ADC beta-lactamases pending classification for carbapenemase activity,cephalosporin,antibiotic inactivation
ARO:3006394,ADC beta-lactamases pending classification for carbapenemase activity,cephalosporin,antibiotic inactivation
ARO:3006395,ADC beta-lactamases pending classification for carbapenemase activity,cephalosporin,antibiotic inactivation
ARO:3006396,ADC beta-lactamases pending classification for carbapenemase activity,cephalosporin,antibiotic inactivation
ARO:3006397,ADC beta-lactamases pending classification for carbapenemase activity,cephalosporin,antibiotic inactivation
ARO:3006398,ADC beta-lactamases pending classification for carbapenemase activity,cephalosporin,antibiotic inactivation
ARO:3003867,ADC beta-lactamase without carbapenemase activity,cephalosporin,antibiotic inactivation
ARO:3006399,ADC beta-lactamases pending classification for carbapenemase activity,cephalosporin,antibiotic inactivation
ARO:3006400,ADC beta-lactamases pending classification for carbapenemase activity,cephalosporin,antibiotic inactivation
ARO:3006401,ADC beta-lactamases pending classification for carbapenemase activity,cephalosporin,antibiotic inactivation
ARO:3006402,ADC beta-lactamases pending classification for carbapenemase activity,cephalosporin,antibiotic inactivation
ARO:3006403,ADC beta-lactamases pending classification for carbapenemase activity,cephalosporin,antibiotic inactivation
ARO:3006404,ADC beta-lactamases pending classification for carbapenemase activity,cephalosporin,antibiotic inactivation
ARO:3006405,ADC beta-lactamases pending classification for carbapenemase activity,cephalosporin,antibiotic inactivation
ARO:3006406,ADC beta-lactamases pending classification for carbapenemase activity,cephalosporin,antibiotic inactivation
ARO:3006407,ADC beta-lactamases pending classification for carbapenemase activity,cephalosporin,antibiotic inactivation
ARO:3006408,ADC beta-lactamases pending classification for carbapenemase activity,cephalosporin,antibiotic inactivation
ARO:3006409,ADC beta-lactamases pending classification for carbapenemase activity,cephalosporin,antibiotic inactivation
ARO:3006410,ADC beta-lactamases pending classification for carbapenemase activity,cephalosporin,antibiotic inactivation
ARO:3006411,ADC beta-lactamases pending classification for carbapenemase activity,cephalosporin,antibiotic inactivation
ARO:3006412,ADC beta-lactamases pending classification for carbapenemase activity,cephalosporin,antibiotic inactivation
ARO:3006413,ADC beta-lactamases pending classification for carbapenemase activity,cephalosporin,antibiotic inactivation
ARO:3006414,ADC beta-lactamases pending classification for carbapenemase activity,cephalosporin,antibiotic inactivation
ARO:3006415,ADC beta-lactamases pending classification for carbapenemase activity,cephalosporin,antibiotic inactivation
ARO:3006416,ADC beta-lactamases pending classification for carbapenemase activity,cephalosporin,antibiotic inactivation
ARO:3006417,ADC beta-lactamases pending classification for carbapenemase activity,cephalosporin,antibiotic inactivation
ARO:3006418,ADC beta-lactamases pending classification for carbapenemase activity,cephalosporin,antibiotic inactivation
ARO:3006419,ADC beta-lactamases pending classification for carbapenemase activity,cephalosporin,antibiotic inactivation
ARO:3003868,ADC beta-lactamase without carbapenemase activity,cephalosporin,antibiotic inactivation
ARO:3006420,ADC beta-lactamases pending classification for carbapenemase activity,cephalosporin,antibiotic inactivation
ARO:3006421,ADC beta-lactamases pending classification for carbapenemase activity,cephalosporin,antibiotic inactivation
ARO:3006422,ADC beta-lactamases pending classification for carbapenemase activity,cephalosporin,antibiotic inactivation
ARO:3006423,ADC beta-lactamases pending classification for carbapenemase activity,cephalosporin,antibiotic inactivation
ARO:3006424,ADC beta-lactamases pending classification for carbapenemase activity,cephalosporin,antibiotic inactivation
ARO:3006425,ADC beta-lactamases pending classification for carbapenemase activity,cephalosporin,antibiotic inactivation
ARO:3006426,ADC beta-lactamases pending classification for carbapenemase activity,cephalosporin,antibiotic inactivation
ARO:3007973,ADC beta-lactamases pending classification for carbapenemase activity,cephalosporin,antibiotic inactivation
ARO:3007974,ADC beta-lactamases pending classification for carbapenemase activity,cephalosporin,antibiotic inactivation
ARO:3007975,ADC beta-lactamases pending classification for carbapenemase activity,cephalosporin,antibiotic inactivation
ARO:3007976,ADC beta-lactamases pending classification for carbapenemase activity,cephalosporin,antibiotic inactivation
ARO:3007977,ADC beta-lactamases pending classification for carbapenemase activity,cephalosporin,antibiotic inactivation
ARO:3007978,ADC beta-lactamases pending classification for carbapenemase activity,cephalosporin,antibiotic inactivation
ARO:3007979,ADC beta-lactamases pending classification for carbapenemase activity,cephalosporin,antibiotic inactivation
ARO:3007980,ADC beta-lactamases pending classification for carbapenemase activity,cephalosporin,antibiotic inactivation
ARO:3007981,ADC beta-lactamases pending classification for carbapenemase activity,cephalosporin,antibiotic inactivation
ARO:3007982,ADC beta-lactamases pending classification for carbapenemase activity,cephalosporin,antibiotic inactivation
ARO:3007983,ADC beta-lactamases pending classification for carbapenemase activity,cephalosporin,antibiotic inactivation
ARO:3007984,ADC beta-lactamases pending classification for carbapenemase activity,cephalosporin,antibiotic inactivation
ARO:3007985,ADC beta-lactamases pending classification for carbapenemase activity,cephalosporin,antibiotic inactivation
ARO:3007986,ADC beta-lactamases pending classification for carbapenemase activity,cephalosporin,antibiotic inactivation
ARO:3007987,ADC beta-lactamases pending classification for carbapenemase activity,cephalosporin,antibiotic inactivation
ARO:3007988,ADC beta-lactamases pending classification for carbapenemase activity,cephalosporin,antibiotic inactivation
ARO:3007989,ADC beta-lactamases pending classification for carbapenemase activity,cephalosporin,antibiotic inactivation
ARO:3007990,ADC beta-lactamases pending classification for carbapenemase activity,cephalosporin,antibiotic inactivation
ARO:3007991,ADC beta-lactamases pending classification for carbapenemase activity,cephalosporin,antibiotic inactivation
ARO:3007992,ADC beta-lactamases pending classification for carbapenemase activity,cephalosporin,antibiotic inactivation
ARO:3007993,ADC beta-lactamases pending classification for carbapenemase activity,cephalosporin,antibiotic inactivation
ARO:3007994,ADC beta-lactamases pending classification for carbapenemase activity,cephalosporin,antibiotic inactivation
ARO:3007995,ADC beta-lactamases pending classification for carbapenemase activity,cephalosporin,antibiotic inactivation
ARO:3007996,ADC beta-lactamases pending classification for carbapenemase activity,cephalosporin,antibiotic inactivation
ARO:3007997,ADC beta-lactamases pending classification for carbapenemase activity,cephalosporin,antibiotic inactivation
ARO:3007998,ADC beta-lactamases pending classification for carbapenemase activity,cephalosporin,antibiotic inactivation
ARO:3007999,ADC beta-lactamases pending classification for carbapenemase activity,cephalosporin,antibiotic inactivation
ARO:3008000,ADC beta-lactamases pending classification for carbapenemase activity,cephalosporin,antibiotic inactivation
ARO:3008001,ADC beta-lactamases pending classification for carbapenemase activity,cephalosporin,antibiotic inactivation
ARO:3008002,ADC beta-lactamases pending classification for carbapenemase activity,cephalosporin,antibiotic inactivation
ARO:3008003,ADC beta-lactamases pending classification for carbapenemase activity,cephalosporin,antibiotic inactivation
ARO:3008004,ADC beta-lactamases pending classification for carbapenemase activity,cephalosporin,antibiotic inactivation
ARO:3008005,ADC beta-lactamases pending classification for carbapenemase activity,cephalosporin,antibiotic inactivation
ARO:3006427,ADC beta-lactamases pending classification for carbapenemase activity,cephalosporin,antibiotic inactivation
ARO:3008006,ADC beta-lactamases pending classification for carbapenemase activity,cephalosporin,antibiotic inactivation
ARO:3008007,ADC beta-lactamases pending classification for carbapenemase activity,cephalosporin,antibiotic inactivation
ARO:3008008,ADC beta-lactamases pending classification for carbapenemase activity,cephalosporin,antibiotic inactivation
ARO:3008009,ADC beta-lactamases pending classification for carbapenemase activity,cephalosporin,antibiotic inactivation
ARO:3008010,ADC beta-lactamases pending classification for carbapenemase activity,cephalosporin,antibiotic inactivation
ARO:3008011,ADC beta-lactamases pending classification for carbapenemase activity,cephalosporin,antibiotic inactivation
ARO:3003849,ADC beta-lactamase without carbapenemase activity,cephalosporin,antibiotic inactivation
ARO:3004617,ADC beta-lactamase without carbapenemase activity,cephalosporin,antibiotic inactivation
ARO:3008012,ADC beta-lactamases pending classification for carbapenemase activity,cephalosporin,antibiotic inactivation
ARO:3008013,ADC beta-lactamases pending classification for carbapenemase activity,cephalosporin,antibiotic inactivation
ARO:3008014,ADC beta-lactamases pending classification for carbapenemase activity,cephalosporin,antibiotic inactivation
ARO:3008015,ADC beta-lactamases pending classification for carbapenemase activity,cephalosporin,antibiotic inactivation
ARO:3008016,ADC beta-lactamases pending classification for carbapenemase activity,cephalosporin,antibiotic inactivation
ARO:3008017,ADC beta-lactamases pending classification for carbapenemase activity,cephalosporin,antibiotic inactivation
ARO:3008018,ADC beta-lactamases pending classification for carbapenemase activity,cephalosporin,antibiotic inactivation
ARO:3008019,ADC beta-lactamases pending classification for carbapenemase activity,cephalosporin,antibiotic inactivation
ARO:3003870,ADC beta-lactamase without carbapenemase activity,cephalosporin,antibiotic inactivation
ARO:3008020,ADC beta-lactamases pending classification for carbapenemase activity,cephalosporin,antibiotic inactivation
ARO:3008021,ADC beta-lactamases pending classification for carbapenemase activity,cephalosporin,antibiotic inactivation
ARO:3008022,ADC beta-lactamases pending classification for carbapenemase activity,cephalosporin,antibiotic inactivation
ARO:3008023,ADC beta-lactamases pending classification for carbapenemase activity,cephalosporin,antibiotic inactivation
ARO:3008024,ADC beta-lactamases pending classification for carbapenemase activity,cephalosporin,antibiotic inactivation
ARO:3008025,ADC beta-lactamases pending classification for carbapenemase activity,cephalosporin,antibiotic inactivation
ARO:3008026,ADC beta-lactamases pending classification for carbapenemase activity,cephalosporin,antibiotic inactivation
ARO:3008027,ADC beta-lactamases pending classification for carbapenemase activity,cephalosporin,antibiotic inactivation
ARO:3008028,ADC beta-lactamases pending classification for carbapenemase activity,cephalosporin,antibiotic inactivation
ARO:3008029,ADC beta-lactamases pending classification for carbapenemase activity,cephalosporin,antibiotic inactivation
ARO:3006428,ADC beta-lactamases pending classification for carbapenemase activity,cephalosporin,antibiotic inactivation
ARO:3008030,ADC beta-lactamases pending classification for carbapenemase activity,cephalosporin,antibiotic inactivation
ARO:3008031,ADC beta-lactamases pending classification for carbapenemase activity,cephalosporin,antibiotic inactivation
ARO:3008032,ADC beta-lactamases pending classification for carbapenemase activity,cephalosporin,antibiotic inactivation
ARO:3008033,ADC beta-lactamases pending classification for carbapenemase activity,cephalosporin,antibiotic inactivation
ARO:3008034,ADC beta-lactamases pending classification for carbapenemase activity,cephalosporin,antibiotic inactivation
ARO:3008035,ADC beta-lactamases pending classification for carbapenemase activity,cephalosporin,antibiotic inactivation
ARO:3008036,ADC beta-lactamases pending classification for carbapenemase activity,cephalosporin,antibiotic inactivation
ARO:3008037,ADC beta-lactamases pending classification for carbapenemase activity,cephalosporin,antibiotic inactivation
ARO:3008038,ADC beta-lactamases pending classification for carbapenemase activity,cephalosporin,antibiotic inactivation
ARO:3008039,ADC beta-lactamases pending classification for carbapenemase activity,cephalosporin,antibiotic inactivation
ARO:3006429,ADC beta-lactamases pending classification for carbapenemase activity,cephalosporin,antibiotic inactivation
ARO:3008040,ADC beta-lactamases pending classification for carbapenemase activity,cephalosporin,antibiotic inactivation
ARO:3008041,ADC beta-lactamases pending classification for carbapenemase activity,cephalosporin,antibiotic inactivation
ARO:3008042,ADC beta-lactamases pending classification for carbapenemase activity,cephalosporin,antibiotic inactivation
ARO:3008043,ADC beta-lactamases pending classification for carbapenemase activity,cephalosporin,antibiotic inactivation
ARO:3008044,ADC beta-lactamases pending classification for carbapenemase activity,cephalosporin,antibiotic inactivation
ARO:3008045,ADC beta-lactamases pending classification for carbapenemase activity,cephalosporin,antibiotic inactivation
ARO:3008046,ADC beta-lactamases pending classification for carbapenemase activity,cephalosporin,antibiotic inactivation
ARO:3008047,ADC beta-lactamases pending classification for carbapenemase activity,cephalosporin,antibiotic inactivation
ARO:3008048,ADC beta-lactamases pending classification for carbapenemase activity,cephalosporin,antibiotic inactivation
ARO:3008049,ADC beta-lactamases pending classification for carbapenemase activity,cephalosporin,antibiotic inactivation
ARO:3008050,ADC beta-lactamases pending classification for carbapenemase activity,cephalosporin,antibiotic inactivation
ARO:3008051,ADC beta-lactamases pending classification for carbapenemase activity,cephalosporin,antibiotic inactivation
ARO:3008052,ADC beta-lactamases pending classification for carbapenemase activity,cephalosporin,antibiotic inactivation
ARO:3008053,ADC beta-lactamases pending classification for carbapenemase activity,cephalosporin,antibiotic inactivation
ARO:3008054,ADC beta-lactamases pending classification for carbapenemase activity,cephalosporin,antibiotic inactivation
ARO:3008055,ADC beta-lactamases pending classification for carbapenemase activity,cephalosporin,antibiotic inactivation
ARO:3008056,ADC beta-lactamases pending classification for carbapenemase activity,cephalosporin,antibiotic inactivation
ARO:3008057,ADC beta-lactamases pending classification for carbapenemase activity,cephalosporin,antibiotic inactivation
ARO:3008058,ADC beta-lactamases pending classification for carbapenemase activity,cephalosporin,antibiotic inactivation
ARO:3008059,ADC beta-lactamases pending classification for carbapenemase activity,cephalosporin,antibiotic inactivation
ARO:3008060,ADC beta-lactamases pending classification for carbapenemase activity,cephalosporin,antibiotic inactivation
ARO:3008061,ADC beta-lactamases pending classification for carbapenemase activity,cephalosporin,antibiotic inactivation
ARO:3008062,ADC beta-lactamases pending classification for carbapenemase activity,cephalosporin,antibiotic inactivation
ARO:3008063,ADC beta-lactamases pending classification for carbapenemase activity,cephalosporin,antibiotic inactivation
ARO:3008064,ADC beta-lactamases pending classification for carbapenemase activity,cephalosporin,antibiotic inactivation
ARO:3008065,ADC beta-lactamases pending classification for carbapenemase activity,cephalosporin,antibiotic inactivation
ARO:3008066,ADC beta-lactamases pending classification for carbapenemase activity,cephalosporin,antibiotic inactivation
ARO:3008067,ADC beta-lactamases pending classification for carbapenemase activity,cephalosporin,antibiotic inactivation
ARO:3008068,ADC beta-lactamases pending classification for carbapenemase activity,cephalosporin,antibiotic inactivation
ARO:3008069,ADC beta-lactamases pending classification for carbapenemase activity,cephalosporin,antibiotic inactivation
ARO:3006430,ADC beta-lactamases pending classification for carbapenemase activity,cephalosporin,antibiotic inactivation
ARO:3003871,ADC beta-lactamase without carbapenemase activity,cephalosporin,antibiotic inactivation
ARO:3003850,ADC beta-lactamase without carbapenemase activity,cephalosporin,antibiotic inactivation
ARO:3003872,ADC beta-lactamase without carbapenemase activity,cephalosporin,antibiotic inactivation
ARO:3003873,ADC beta-lactamase without carbapenemase activity,cephalosporin,antibiotic inactivation
ARO:3003874,ADC beta-lactamase without carbapenemase activity,cephalosporin,antibiotic inactivation
ARO:3003876,ADC beta-lactamase without carbapenemase activity,cephalosporin,antibiotic inactivation
ARO:3003851,ADC beta-lactamase without carbapenemase activity,cephalosporin,antibiotic inactivation
ARO:3006431,ADC beta-lactamases pending classification for carbapenemase activity,cephalosporin,antibiotic inactivation
ARO:3006432,ADC beta-lactamases pending classification for carbapenemase activity,cephalosporin,antibiotic inactivation
ARO:3006433,ADC beta-lactamases pending classification for carbapenemase activity,cephalosporin,antibiotic inactivation
ARO:3006434,ADC beta-lactamases pending classification for carbapenemase activity,cephalosporin,antibiotic inactivation
ARO:3003878,ADC beta-lactamase without carbapenemase activity,cephalosporin,antibiotic inactivation
ARO:3006435,ADC beta-lactamases pending classification for carbapenemase activity,cephalosporin,antibiotic inactivation
ARO:3004618,ADC beta-lactamase without carbapenemase activity,cephalosporin,antibiotic inactivation
ARO:3004619,ADC beta-lactamase without carbapenemase activity,cephalosporin,antibiotic inactivation
ARO:3003852,ADC beta-lactamase without carbapenemase activity,cephalosporin,antibiotic inactivation
ARO:3004620,ADC beta-lactamase without carbapenemase activity,cephalosporin,antibiotic inactivation
ARO:3003879,ADC beta-lactamase without carbapenemase activity,cephalosporin,antibiotic inactivation
ARO:3004632,ADC beta-lactamase without carbapenemase activity,cephalosporin,antibiotic inactivation
ARO:3006436,ADC beta-lactamases pending classification for carbapenemase activity,cephalosporin,antibiotic inactivation
ARO:3006437,ADC beta-lactamases pending classification for carbapenemase activity,cephalosporin,antibiotic inactivation
ARO:3006438,ADC beta-lactamases pending classification for carbapenemase activity,cephalosporin,antibiotic inactivation
ARO:3004633,ADC beta-lactamase without carbapenemase activity,cephalosporin,antibiotic inactivation
ARO:3004493,ADC beta-lactamase with carbapenemase activity,carbapenem,antibiotic inactivation
ARO:3003853,ADC beta-lactamase without carbapenemase activity,cephalosporin,antibiotic inactivation
ARO:3006439,ADC beta-lactamases pending classification for carbapenemase activity,cephalosporin,antibiotic inactivation
ARO:3004634,ADC beta-lactamase without carbapenemase activity,cephalosporin,antibiotic inactivation
ARO:3003880,ADC beta-lactamase without carbapenemase activity,cephalosporin,antibiotic inactivation
ARO:3003881,ADC beta-lactamase without carbapenemase activity,cephalosporin,antibiotic inactivation
ARO:3003882,ADC beta-lactamase without carbapenemase activity,cephalosporin,antibiotic inactivation
ARO:3003883,ADC beta-lactamase without carbapenemase activity,cephalosporin,antibiotic inactivation
ARO:3003884,ADC beta-lactamase without carbapenemase activity,cephalosporin,antibiotic inactivation
ARO:3003885,ADC beta-lactamase without carbapenemase activity,cephalosporin,antibiotic inactivation
ARO:3003854,ADC beta-lactamase without carbapenemase activity,cephalosporin,antibiotic inactivation
ARO:3003886,ADC beta-lactamase without carbapenemase activity,cephalosporin,antibiotic inactivation
ARO:3003887,ADC beta-lactamase without carbapenemase activity,cephalosporin,antibiotic inactivation
ARO:3003888,ADC beta-lactamase without carbapenemase activity,cephalosporin,antibiotic inactivation
ARO:3006440,ADC beta-lactamases pending classification for carbapenemase activity,cephalosporin,antibiotic inactivation
ARO:3006441,ADC beta-lactamases pending classification for carbapenemase activity,cephalosporin,antibiotic inactivation
ARO:3006442,ADC beta-lactamases pending classification for carbapenemase activity,cephalosporin,antibiotic inactivation
ARO:3006443,ADC beta-lactamases pending classification for carbapenemase activity,cephalosporin,antibiotic inactivation
ARO:3006444,ADC beta-lactamases pending classification for carbapenemase activity,cephalosporin,antibiotic inactivation
ARO:3006445,ADC beta-lactamases pending classification for carbapenemase activity,cephalosporin,antibiotic inactivation
ARO:3006446,ADC beta-lactamases pending classification for carbapenemase activity,cephalosporin,antibiotic inactivation
ARO:3006447,ADC beta-lactamases pending classification for carbapenemase activity,cephalosporin,antibiotic inactivation
ARO:3006448,ADC beta-lactamases pending classification for carbapenemase activity,cephalosporin,antibiotic inactivation
ARO:3006449,ADC beta-lactamases pending classification for carbapenemase activity,cephalosporin,antibiotic inactivation
ARO:3006450,ADC beta-lactamases pending classification for carbapenemase activity,cephalosporin,antibiotic inactivation
ARO:3006451,ADC beta-lactamases pending classification for carbapenemase activity,cephalosporin,antibiotic inactivation
ARO:3006452,ADC beta-lactamases pending classification for carbapenemase activity,cephalosporin,antibiotic inactivation
ARO:3006453,ADC beta-lactamases pending classification for carbapenemase activity,cephalosporin,antibiotic inactivation
ARO:3006454,ADC beta-lactamases pending classification for carbapenemase activity,cephalosporin,antibiotic inactivation
ARO:3006455,ADC beta-lactamases pending classification for carbapenemase activity,cephalosporin,antibiotic inactivation
ARO:3006456,ADC beta-lactamases pending classification for carbapenemase activity,cephalosporin,antibiotic inactivation
ARO:3000774,resistance-nodulation-cell division (RND) antibiotic efflux pump,glycylcycline;tetracycline antibiotic,antibiotic efflux
ARO:3000775,resistance-nodulation-cell division (RND) antibiotic efflux pump,glycylcycline;tetracycline antibiotic,antibiotic efflux
ARO:3003811,resistance-nodulation-cell division (RND) antibiotic efflux pump,glycylcycline;tetracycline antibiotic,antibiotic efflux
ARO:3000777,resistance-nodulation-cell division (RND) antibiotic efflux pump,fluoroquinolone antibiotic;tetracycline antibiotic,antibiotic efflux
ARO:3000778,resistance-nodulation-cell division (RND) antibiotic efflux pump,fluoroquinolone antibiotic;tetracycline antibiotic,antibiotic efflux
ARO:3000779,resistance-nodulation-cell division (RND) antibiotic efflux pump,fluoroquinolone antibiotic;tetracycline antibiotic,antibiotic efflux
ARO:3000780,resistance-nodulation-cell division (RND) antibiotic efflux pump,carbapenem;cephalosporin;diaminopyrimidine antibiotic;fluoroquinolone antibiotic;lincosamide antibiotic;macrolide antibiotic;penicillin beta-lactam;phenicol antibiotic;rifamycin antibiotic;tetracycline antibiotic,antibiotic efflux
ARO:3000781,resistance-nodulation-cell division (RND) antibiotic efflux pump,carbapenem;cephalosporin;diaminopyrimidine antibiotic;fluoroquinolone antibiotic;lincosamide antibiotic;macrolide antibiotic;penicillin beta-lactam;phenicol antibiotic;rifamycin antibiotic;tetracycline antibiotic,antibiotic efflux
ARO:3000782,resistance-nodulation-cell division (RND) antibiotic efflux pump,carbapenem;cephalosporin;diaminopyrimidine antibiotic;fluoroquinolone antibiotic;lincosamide antibiotic;macrolide antibiotic;penicillin beta-lactam;phenicol antibiotic;rifamycin antibiotic;tetracycline antibiotic,antibiotic efflux
ARO:3000620,resistance-nodulation-cell division (RND) antibiotic efflux pump,fluoroquinolone antibiotic;tetracycline antibiotic,antibiotic efflux
ARO:3000559,resistance-nodulation-cell division (RND) antibiotic efflux pump,carbapenem;cephalosporin;diaminopyrimidine antibiotic;fluoroquinolone antibiotic;lincosamide antibiotic;macrolide antibiotic;penicillin beta-lactam;phenicol antibiotic;rifamycin antibiotic;tetracycline antibiotic,antibiotic efflux
ARO:3000553,resistance-nodulation-cell division (RND) antibiotic efflux pump,glycylcycline;tetracycline antibiotic,antibiotic efflux
ARO:3000549,resistance-nodulation-cell division (RND) antibiotic efflux pump,glycylcycline;tetracycline antibiotic,antibiotic efflux
ARO:3002481,AER beta-lactamase,penicillin beta-lactam,antibiotic inactivation
ARO:3006890,AFM beta-lactamase,carbapenem,antibiotic inactivation
ARO:3006891,AFM beta-lactamase,carbapenem,antibiotic inactivation
ARO:3008070,AFM beta-lactamase,carbapenem,antibiotic inactivation
ARO:3008071,AFM beta-lactamase,carbapenem,antibiotic inactivation
ARO:3008072,AFM beta-lactamase,carbapenem,antibiotic inactivation
ARO:3004451,chloramphenicol acetyltransferase (CAT),phenicol antibiotic,antibiotic inactivation
ARO:3000853,AIM beta-lactamase,cephalosporin;penicillin beta-lactam,antibiotic inactivation
ARO:3008073,AIM beta-lactamase,cephalosporin;penicillin beta-lactam,antibiotic inactivation
ARO:3006892,ALG11 beta-lactamase,carbapenem,antibiotic inactivation
ARO:3006893,ALG6 beta-lactamases,carbapenem,antibiotic inactivation
ARO:3006894,ALI beta-lactamase,carbapenem,antibiotic inactivation
ARO:3006895,ALI beta-lactamase,carbapenem,antibiotic inactivation
ARO:3004452,chloramphenicol acetyltransferase (CAT),phenicol antibiotic,antibiotic inactivation
ARO:3007433,alm glycyltransferase;polymyxin resistance operon,peptide antibiotic,antibiotic target alteration
ARO:3007431,alm glycyl carrier protein;polymyxin resistance operon,peptide antibiotic,antibiotic target alteration
ARO:3004364,lipid A acyltransferase;polymyxin resistance operon,peptide antibiotic,antibiotic target alteration
ARO:3002982,resistance-nodulation-cell division (RND) antibiotic efflux pump,aminoglycoside antibiotic;macrolide antibiotic,antibiotic efflux
ARO:3002983,resistance-nodulation-cell division (RND) antibiotic efflux pump,aminoglycoside antibiotic;macrolide antibiotic,antibiotic efflux
ARO:3007694,AMZ beta-lactamase,cephalosporin;penicillin beta-lactam,antibiotic inactivation
ARO:3006896,ANA beta-lactamase,carbapenem,antibiotic inactivation
ARO:3000230,ANT(2''),aminoglycoside antibiotic,antibiotic inactivation
ARO:3005062,ANT(3''),aminoglycoside antibiotic,antibiotic inactivation
ARO:3004089,ANT(3''),aminoglycoside antibiotic,antibiotic inactivation
ARO:3002598,aminoglycoside bifunctional resistance protein,aminoglycoside antibiotic,antibiotic inactivation
ARO:3004090,ANT(3''),aminoglycoside antibiotic,antibiotic inactivation
ARO:3004091,ANT(3''),aminoglycoside antibiotic,antibiotic inactivation
ARO:3002623,ANT(4'),aminoglycoside antibiotic,antibiotic inactivation
ARO:3003905,ANT(4'),aminoglycoside antibiotic,antibiotic inactivation
ARO:3002624,ANT(4'),aminoglycoside antibiotic,antibiotic inactivation
ARO:3002625,ANT(4'),aminoglycoside antibiotic,antibiotic inactivation
ARO:3002626,ANT(6),aminoglycoside antibiotic,antibiotic inactivation
ARO:3002629,ANT(6),aminoglycoside antibiotic,antibiotic inactivation
ARO:3002630,ANT(9),aminoglycoside antibiotic,antibiotic inactivation
ARO:3007401,ANT(9),aminoglycoside antibiotic,antibiotic inactivation
ARO:3007515,ANT(9),aminoglycoside antibiotic,antibiotic inactivation
ARO:3002634,APH(2''),aminoglycoside antibiotic,antibiotic inactivation
ARO:3004191,APH(2''),aminoglycoside antibiotic,antibiotic inactivation
ARO:3002669,APH(2''),aminoglycoside antibiotic,antibiotic inactivation
ARO:3002635,APH(2''),aminoglycoside antibiotic,antibiotic inactivation
ARO:3002636,APH(2''),aminoglycoside antibiotic,antibiotic inactivation
ARO:3002637,APH(2''),aminoglycoside antibiotic,antibiotic inactivation
ARO:3002638,APH(3''),aminoglycoside antibiotic,antibiotic inactivation
ARO:3002641,APH(3'),aminoglycoside antibiotic,antibiotic inactivation
ARO:3002639,APH(3''),aminoglycoside antibiotic,antibiotic inactivation
ARO:3002642,APH(3'),aminoglycoside antibiotic,antibiotic inactivation
ARO:3002640,APH(3''),aminoglycoside antibiotic,antibiotic inactivation
ARO:3002644,APH(3'),aminoglycoside antibiotic,antibiotic inactivation
ARO:3002645,APH(3'),aminoglycoside antibiotic,antibiotic inactivation
ARO:3002646,APH(3'),aminoglycoside antibiotic,antibiotic inactivation
ARO:3002647,APH(3'),aminoglycoside antibiotic,antibiotic inactivation
ARO:3002648,APH(3'),aminoglycoside antibiotic,antibiotic inactivation
ARO:3004087,APH(3'),aminoglycoside antibiotic,antibiotic inactivation
ARO:3002649,APH(3'),aminoglycoside antibiotic,antibiotic inactivation
ARO:3002650,APH(3'),aminoglycoside antibiotic,antibiotic inactivation
ARO:3002651,APH(3'),aminoglycoside antibiotic,antibiotic inactivation
ARO:3002652,APH(3'),aminoglycoside antibiotic,antibiotic inactivation
ARO:3002653,APH(3'),aminoglycoside antibiotic,antibiotic inactivation
ARO:3002654,APH(3'),aminoglycoside antibiotic,antibiotic inactivation
ARO:3004680,APH(3'),aminoglycoside antibiotic,antibiotic inactivation
ARO:3004086,APH(3'),aminoglycoside antibiotic,antibiotic inactivation
ARO:3002655,APH(4),aminoglycoside antibiotic,antibiotic inactivation
ARO:3002656,APH(4),aminoglycoside antibiotic,antibiotic inactivation
ARO:3002657,APH(6),aminoglycoside antibiotic,antibiotic inactivation
ARO:3002658,APH(6),aminoglycoside antibiotic,antibiotic inactivation
ARO:3002659,APH(6),aminoglycoside antibiotic,antibiotic inactivation
ARO:3002660,APH(6),aminoglycoside antibiotic,antibiotic inactivation
ARO:3002661,APH(7''),aminoglycoside antibiotic,antibiotic inactivation
ARO:3002662,APH(9),aminoglycoside antibiotic,antibiotic inactivation
ARO:3002663,APH(9),aminoglycoside antibiotic,antibiotic inactivation
ARO:3007539,APH(9),aminoglycoside antibiotic,antibiotic inactivation
ARO:3004675,APH(3'),aminoglycoside antibiotic,antibiotic inactivation
ARO:3003918,AAC(2'),aminoglycoside antibiotic,antibiotic inactivation
ARO:3002993,AQU beta-lactamase,cephalosporin,antibiotic inactivation
ARO:3004647,AQU beta-lactamase,cephalosporin,antibiotic inactivation
ARO:3004648,AQU beta-lactamase,cephalosporin,antibiotic inactivation
ARO:3004734,ARL Beta-lactamase,penicillin beta-lactam,antibiotic inactivation
ARO:3004735,ARL Beta-lactamase,penicillin beta-lactam,antibiotic inactivation
ARO:3004736,ARL Beta-lactamase,penicillin beta-lactam,antibiotic inactivation
ARO:3004737,ARL Beta-lactamase,penicillin beta-lactam,antibiotic inactivation
ARO:3004738,ARL Beta-lactamase,penicillin beta-lactam,antibiotic inactivation
ARO:3004739,ARL Beta-lactamase,penicillin beta-lactam,antibiotic inactivation
ARO:3000838,major facilitator superfamily (MFS) antibiotic efflux pump,disinfecting agents and antiseptics;fluoroquinolone antibiotic,antibiotic efflux
ARO:3000839,major facilitator superfamily (MFS) antibiotic efflux pump,disinfecting agents and antiseptics;fluoroquinolone antibiotic,antibiotic efflux
ARO:3000858,16S rRNA methyltransferase (G1405),aminoglycoside antibiotic,antibiotic target alteration
ARO:3004056,resistance-nodulation-cell division (RND) antibiotic efflux pump,aminocoumarin antibiotic;carbapenem;cephalosporin;diaminopyrimidine antibiotic;fluoroquinolone antibiotic;macrolide antibiotic;monobactam;penicillin beta-lactam;peptide antibiotic;phenicol antibiotic;sulfonamide antibiotic;tetracycline antibiotic,antibiotic efflux
ARO:3002985,pmr phosphoethanolamine transferase,peptide antibiotic,antibiotic target alteration
ARO:3005053,pmr phosphoethanolamine transferase,peptide antibiotic,antibiotic target alteration
ARO:3002846,rifampin ADP-ribosyltransferase (Arr),rifamycin antibiotic,antibiotic inactivation
ARO:3002847,rifampin ADP-ribosyltransferase (Arr),rifamycin antibiotic,antibiotic inactivation
ARO:3002848,rifampin ADP-ribosyltransferase (Arr),rifamycin antibiotic,antibiotic inactivation
ARO:3002849,rifampin ADP-ribosyltransferase (Arr),rifamycin antibiotic,antibiotic inactivation
ARO:3002850,rifampin ADP-ribosyltransferase (Arr),rifamycin antibiotic,antibiotic inactivation
ARO:3002852,rifampin ADP-ribosyltransferase (Arr),rifamycin antibiotic,antibiotic inactivation
ARO:3002853,rifampin ADP-ribosyltransferase (Arr),rifamycin antibiotic,antibiotic inactivation
ARO:3004740,AST Beta-lactamase,cephalosporin;penicillin beta-lactam,antibiotic inactivation
ARO:3008074,ASU1 beta-lactamase,cephalosporin,antibiotic inactivation
ARO:3006897,AXC beta-lactamase,carbapenem,antibiotic inactivation
ARO:3006898,AXC beta-lactamase,carbapenem,antibiotic inactivation
ARO:3006899,AXC beta-lactamase,carbapenem,antibiotic inactivation
ARO:3006900,AXC beta-lactamase,carbapenem,antibiotic inactivation
ARO:3006901,AXC beta-lactamase,carbapenem,antibiotic inactivation
ARO:3008075,AXC beta-lactamase,carbapenem,antibiotic inactivation
ARO:3008076,AXC beta-lactamase,carbapenem,antibiotic inactivation
ARO:3008077,AXC beta-lactamase,carbapenem,antibiotic inactivation
ARO:3004143,resistance-nodulation-cell division (RND) antibiotic efflux pump,aminoglycoside antibiotic;cephalosporin;fluoroquinolone antibiotic;macrolide antibiotic,antibiotic efflux
ARO:3004144,resistance-nodulation-cell division (RND) antibiotic efflux pump,aminoglycoside antibiotic;cephalosporin;fluoroquinolone antibiotic;macrolide antibiotic,antibiotic efflux
ARO:3004145,resistance-nodulation-cell division (RND) antibiotic efflux pump,aminoglycoside antibiotic;cephalosporin;fluoroquinolone antibiotic;macrolide antibiotic,antibiotic efflux;antibiotic target alteration
ARO:3008078,B3SU1 beta-lactamase,cephalosporin,antibiotic inactivation
ARO:3008079,B3SU2 beta-lactamase,cephalosporin,antibiotic inactivation
ARO:3002986,undecaprenyl pyrophosphate related proteins,peptide antibiotic,antibiotic target alteration
ARO:3002672,chloramphenicol acetyltransferase (CAT),phenicol antibiotic,antibiotic inactivation
ARO:3003324,defensin resistant mprF,peptide antibiotic,antibiotic target alteration
ARO:3003788,daptomycin resistant pgsA,peptide antibiotic,antibiotic target alteration
ARO:3007073,rifamycin-resistant beta-subunit of RNA polymerase (rpoB),peptide antibiotic;rifamycin antibiotic,antibiotic target alteration;antibiotic target replacement
ARO:3007527,spectinomycin resistant rpsE,aminoglycoside antibiotic,antibiotic target alteration
ARO:3000828,resistance-nodulation-cell division (RND) antibiotic efflux pump,aminocoumarin antibiotic;aminoglycoside antibiotic,antibiotic efflux
ARO:3000829,resistance-nodulation-cell division (RND) antibiotic efflux pump,aminocoumarin antibiotic;aminoglycoside antibiotic,antibiotic efflux
ARO:3003984,Bah amidohydrolase,peptide antibiotic,antibiotic inactivation
ARO:3003297,fluoroquinolone resistant gyrA,fluoroquinolone antibiotic;nybomycin-like antibiotic,antibiotic target alteration
ARO:3003302,aminocoumarin resistant gyrB,aminocoumarin antibiotic,antibiotic target alteration
ARO:3003582,pmr phosphoethanolamine transferase,peptide antibiotic,antibiotic efflux;antibiotic target alteration
ARO:3003583,pmr phosphoethanolamine transferase,peptide antibiotic,antibiotic efflux;antibiotic target alteration
ARO:3004747,BAT Beta-lactamase,cephalosporin,antibiotic inactivation
ARO:3002877,class A Bacillus cereus Bc beta-lactamase,cephalosporin,antibiotic inactivation
ARO:3002878,subclass B1 Bacillus cereus Bc beta-lactamase,cephalosporin;penicillin beta-lactam,antibiotic inactivation
ARO:3007101,class A Bacillus cereus Bc beta-lactamase,cephalosporin,antibiotic inactivation
ARO:3004749,BCL Beta-lactamase,penicillin beta-lactam,antibiotic inactivation
ARO:3003801,major facilitator superfamily (MFS) antibiotic efflux pump,bicyclomycin-like antibiotic,antibiotic efflux
ARO:3002987,ATP-binding cassette (ABC) antibiotic efflux pump,peptide antibiotic,antibiotic efflux
ARO:3002988,ATP-binding cassette (ABC) antibiotic efflux pump,peptide antibiotic,antibiotic efflux
ARO:3003250,undecaprenyl pyrophosphate related proteins,peptide antibiotic,antibiotic target alteration
ARO:3002385,BEL beta-lactamase,cephalosporin;monobactam;penicillin beta-lactam,antibiotic inactivation
ARO:3002386,BEL beta-lactamase,cephalosporin;monobactam;penicillin beta-lactam,antibiotic inactivation
ARO:3002387,BEL beta-lactamase,cephalosporin;monobactam;penicillin beta-lactam,antibiotic inactivation
ARO:3006154,BEL beta-lactamase,cephalosporin;monobactam;penicillin beta-lactam,antibiotic inactivation
ARO:3004751,BES Beta-lactamase,penicillin beta-lactam,antibiotic inactivation
ARO:3004753,BIC Beta-lactamase,carbapenem,antibiotic inactivation
ARO:3008080,BIC Beta-lactamase,carbapenem,antibiotic inactivation
ARO:3004480,rifamycin-resistant beta-subunit of RNA polymerase (rpoB),peptide antibiotic;rifamycin antibiotic,antibiotic target alteration;antibiotic target replacement
ARO:3003730,antibiotic-resistant isoleucyl-tRNA synthetase (ileS),mupirocin-like antibiotic,antibiotic target alteration
ARO:3004755,BIL Beta-lactamase,cephalosporin,antibiotic inactivation
ARO:3007859,BIM beta-lactamase,carbapenem;cephalosporin,antibiotic inactivation
ARO:3000856,BJP beta-lactamase,carbapenem,antibiotic inactivation
ARO:3004757,BKC Beta-lactamase,carbapenem,antibiotic inactivation
ARO:3006223,BKC Beta-lactamase,carbapenem,antibiotic inactivation
ARO:3000090,class A Bacillus anthracis Bla beta-lactamase,penicillin beta-lactam,antibiotic inactivation
ARO:3004189,subclass B1 Bacillus anthracis Bla beta-lactamase,carbapenem;cephalosporin;penicillin beta-lactam,antibiotic inactivation
ARO:3005522,BlaB beta-lactamase,carbapenem;penicillin beta-lactam,antibiotic inactivation
ARO:3005523,BlaB beta-lactamase,carbapenem;penicillin beta-lactam,antibiotic inactivation
ARO:3005524,BlaB beta-lactamase,carbapenem;penicillin beta-lactam,antibiotic inactivation
ARO:3005525,BlaB beta-lactamase,carbapenem;penicillin beta-lactam,antibiotic inactivation
ARO:3005526,BlaB beta-lactamase,carbapenem;penicillin beta-lactam,antibiotic inactivation
ARO:3005527,BlaB beta-lactamase,carbapenem;penicillin beta-lactam,antibiotic inactivation
ARO:3005528,BlaB beta-lactamase,carbapenem;penicillin beta-lactam,antibiotic inactivation
ARO:3005529,BlaB beta-lactamase,carbapenem;penicillin beta-lactam,antibiotic inactivation
ARO:3005530,BlaB beta-lactamase,carbapenem;penicillin beta-lactam,antibiotic inactivation
ARO:3005531,BlaB beta-lactamase,carbapenem;penicillin beta-lactam,antibiotic inactivation
ARO:3005532,BlaB beta-lactamase,carbapenem;penicillin beta-lactam,antibiotic inactivation
ARO:3005533,BlaB beta-lactamase,carbapenem;penicillin beta-lactam,antibiotic inactivation
ARO:3005534,BlaB beta-lactamase,carbapenem;penicillin beta-lactam,antibiotic inactivation
ARO:3005535,BlaB beta-lactamase,carbapenem;penicillin beta-lactam,antibiotic inactivation
ARO:3005536,BlaB beta-lactamase,carbapenem;penicillin beta-lactam,antibiotic inactivation
ARO:3005537,BlaB beta-lactamase,carbapenem;penicillin beta-lactam,antibiotic inactivation
ARO:3005538,BlaB beta-lactamase,carbapenem;penicillin beta-lactam,antibiotic inactivation
ARO:3005539,BlaB beta-lactamase,carbapenem;penicillin beta-lactam,antibiotic inactivation
ARO:3005540,BlaB beta-lactamase,carbapenem;penicillin beta-lactam,antibiotic inactivation
ARO:3005541,BlaB beta-lactamase,carbapenem;penicillin beta-lactam,antibiotic inactivation
ARO:3005542,BlaB beta-lactamase,carbapenem;penicillin beta-lactam,antibiotic inactivation
ARO:3005543,BlaB beta-lactamase,carbapenem;penicillin beta-lactam,antibiotic inactivation
ARO:3005544,BlaB beta-lactamase,carbapenem;penicillin beta-lactam,antibiotic inactivation
ARO:3005545,BlaB beta-lactamase,carbapenem;penicillin beta-lactam,antibiotic inactivation
ARO:3005546,BlaB beta-lactamase,carbapenem;penicillin beta-lactam,antibiotic inactivation
ARO:3005547,BlaB beta-lactamase,carbapenem;penicillin beta-lactam,antibiotic inactivation
ARO:3005548,BlaB beta-lactamase,carbapenem;penicillin beta-lactam,antibiotic inactivation
ARO:3005549,BlaB beta-lactamase,carbapenem;penicillin beta-lactam,antibiotic inactivation
ARO:3005550,BlaB beta-lactamase,carbapenem;penicillin beta-lactam,antibiotic inactivation
ARO:3005551,BlaB beta-lactamase,carbapenem;penicillin beta-lactam,antibiotic inactivation
ARO:3005552,BlaB beta-lactamase,carbapenem;penicillin beta-lactam,antibiotic inactivation
ARO:3005553,BlaB beta-lactamase,carbapenem;penicillin beta-lactam,antibiotic inactivation
ARO:3005554,BlaB beta-lactamase,carbapenem;penicillin beta-lactam,antibiotic inactivation
ARO:3005555,BlaB beta-lactamase,carbapenem;penicillin beta-lactam,antibiotic inactivation
ARO:3005556,BlaB beta-lactamase,carbapenem;penicillin beta-lactam,antibiotic inactivation
ARO:3005557,BlaB beta-lactamase,carbapenem;penicillin beta-lactam,antibiotic inactivation
ARO:3007182,class A Mycobacterium tuberculosis bla beta-lactamase,cephalosporin;penicillin beta-lactam,antibiotic inactivation
ARO:3003562,blaF family beta-lactamase,penicillin beta-lactam,antibiotic inactivation
ARO:3000160,BlaZ beta-lactamase,penicillin beta-lactam,antibiotic inactivation
ARO:3000217,BlaZ beta-lactamase,penicillin beta-lactam,antibiotic inactivation
ARO:3005111,blaS,cephalosporin;penicillin beta-lactam,antibiotic inactivation
ARO:3005036,Bleomycin resistant protein,glycopeptide antibiotic,antibiotic inactivation
ARO:3003006,major facilitator superfamily (MFS) antibiotic efflux pump,disinfecting agents and antiseptics;fluoroquinolone antibiotic,antibiotic efflux
ARO:3008081,BMHC beta-lactamase,carbapenem,antibiotic inactivation
ARO:3003007,major facilitator superfamily (MFS) antibiotic efflux pump,disinfecting agents and antiseptics;fluoroquinolone antibiotic;nucleoside antibiotic;phenicol antibiotic,antibiotic efflux
ARO:3008082,BOR beta-lactamase,penicillin beta-lactam,antibiotic inactivation
ARO:3003504,16s rRNA with mutation conferring resistance to aminoglycoside antibiotics,aminoglycoside antibiotic;glycopeptide antibiotic;glycylcycline;nucleoside antibiotic;peptide antibiotic;tetracycline antibiotic,antibiotic target alteration
ARO:3003503,16s rRNA with mutation conferring resistance to aminoglycoside antibiotics,aminoglycoside antibiotic;glycopeptide antibiotic;glycylcycline;nucleoside antibiotic;peptide antibiotic;tetracycline antibiotic,antibiotic target alteration
ARO:3003502,16s rRNA with mutation conferring resistance to aminoglycoside antibiotics,aminoglycoside antibiotic;glycopeptide antibiotic;glycylcycline;nucleoside antibiotic;peptide antibiotic;tetracycline antibiotic,antibiotic target alteration
ARO:3003777,antibiotic-resistant murA transferase,phosphonic acid antibiotic,antibiotic target alteration
ARO:3004759,BPU Beta-lactamase,penicillin beta-lactam,antibiotic inactivation
ARO:3004133,23S rRNA with mutation conferring resistance to macrolide antibiotics,glycopeptide antibiotic;lincosamide antibiotic;macrolide antibiotic;phenicol antibiotic;pleuromutilin antibiotic;streptogramin A antibiotic;streptogramin B antibiotic;streptogramin antibiotic,antibiotic target alteration
ARO:3004761,BRO Beta-lactamase,penicillin beta-lactam,antibiotic inactivation
ARO:3004762,BRO Beta-lactamase,penicillin beta-lactam,antibiotic inactivation
ARO:3001205,Bleomycin resistant protein,glycopeptide antibiotic,antibiotic inactivation
ARO:3003772,defensin resistant mprF,peptide antibiotic,antibiotic target alteration
ARO:3006902,BSU beta-lactamase,carbapenem,antibiotic inactivation
ARO:3004860,fluoroquinolone resistant gyrA,fluoroquinolone antibiotic;nybomycin-like antibiotic,antibiotic target alteration
ARO:3004123,General Bacterial Porin with reduced permeability to beta-lactams,carbapenem;cephalosporin;monobactam;penicillin beta-lactam,reduced permeability to antibiotic
ARO:3004294,BUT beta-lactamase,cephalosporin,antibiotic inactivation
ARO:3005558,BUT beta-lactamase,cephalosporin,antibiotic inactivation
ARO:3007635,CAE beta-lactamase,cephalosporin;penicillin beta-lactam,antibiotic inactivation
ARO:3004559,CAM beta-lactamase,carbapenem;cephalosporin;penicillin beta-lactam,antibiotic inactivation
ARO:3008083,CAM beta-lactamase,carbapenem;cephalosporin;penicillin beta-lactam,antibiotic inactivation
ARO:3004454,chloramphenicol acetyltransferase (CAT),phenicol antibiotic,antibiotic inactivation
ARO:3004546,23S rRNA with mutation conferring resistance to macrolide antibiotics,glycopeptide antibiotic;lincosamide antibiotic;macrolide antibiotic;phenicol antibiotic;pleuromutilin antibiotic;streptogramin A antibiotic;streptogramin B antibiotic;streptogramin antibiotic,antibiotic target alteration
ARO:3003789,fluoroquinolone resistant gyrA,fluoroquinolone antibiotic;nybomycin-like antibiotic,antibiotic target alteration
ARO:3003931,fluoroquinolone resistant gyrA,fluoroquinolone antibiotic;nybomycin-like antibiotic,antibiotic target alteration
ARO:3006903,CAR beta-lactamase,carbapenem,antibiotic inactivation
ARO:3002817,Miscellaneous ABC-F subfamily ATP-binding cassette ribosomal protection proteins,macrolide antibiotic,antibiotic target protection
ARO:3002240,CARB beta-lactamase,penicillin beta-lactam,antibiotic inactivation
ARO:3002249,CARB beta-lactamase,penicillin beta-lactam,antibiotic inactivation
ARO:3005559,CARB beta-lactamase,penicillin beta-lactam,antibiotic inactivation
ARO:3002250,CARB beta-lactamase,penicillin beta-lactam,antibiotic inactivation
ARO:3002252,CARB beta-lactamase,penicillin beta-lactam,antibiotic inactivation
ARO:3002255,CARB beta-lactamase,penicillin beta-lactam,antibiotic inactivation
ARO:3002254,CARB beta-lactamase,penicillin beta-lactam,antibiotic inactivation
ARO:3003174,CARB beta-lactamase,penicillin beta-lactam,antibiotic inactivation
ARO:3003175,CARB beta-lactamase,penicillin beta-lactam,antibiotic inactivation
ARO:3002241,CARB beta-lactamase,penicillin beta-lactam,antibiotic inactivation
ARO:3003150,CARB beta-lactamase,penicillin beta-lactam,antibiotic inactivation
ARO:3003176,CARB beta-lactamase,penicillin beta-lactam,antibiotic inactivation
ARO:3003151,CARB beta-lactamase,penicillin beta-lactam,antibiotic inactivation
ARO:3003186,CARB beta-lactamase,penicillin beta-lactam,antibiotic inactivation
ARO:3005560,CARB beta-lactamase,penicillin beta-lactam,antibiotic inactivation
ARO:3005561,CARB beta-lactamase,penicillin beta-lactam,antibiotic inactivation
ARO:3005562,CARB beta-lactamase,penicillin beta-lactam,antibiotic inactivation
ARO:3005563,CARB beta-lactamase,penicillin beta-lactam,antibiotic inactivation
ARO:3005564,CARB beta-lactamase,penicillin beta-lactam,antibiotic inactivation
ARO:3005565,CARB beta-lactamase,penicillin beta-lactam,antibiotic inactivation
ARO:3002242,CARB beta-lactamase,penicillin beta-lactam,antibiotic inactivation
ARO:3005566,CARB beta-lactamase,penicillin beta-lactam,antibiotic inactivation
ARO:3005567,CARB beta-lactamase,penicillin beta-lactam,antibiotic inactivation
ARO:3005568,CARB beta-lactamase,penicillin beta-lactam,antibiotic inactivation
ARO:3005569,CARB beta-lactamase,penicillin beta-lactam,antibiotic inactivation
ARO:3005570,CARB beta-lactamase,penicillin beta-lactam,antibiotic inactivation
ARO:3005571,CARB beta-lactamase,penicillin beta-lactam,antibiotic inactivation
ARO:3005572,CARB beta-lactamase,penicillin beta-lactam,antibiotic inactivation
ARO:3005573,CARB beta-lactamase,penicillin beta-lactam,antibiotic inactivation
ARO:3002243,CARB beta-lactamase,penicillin beta-lactam,antibiotic inactivation
ARO:3005574,CARB beta-lactamase,penicillin beta-lactam,antibiotic inactivation
ARO:3005575,CARB beta-lactamase,penicillin beta-lactam,antibiotic inactivation
ARO:3005576,CARB beta-lactamase,penicillin beta-lactam,antibiotic inactivation
ARO:3005577,CARB beta-lactamase,penicillin beta-lactam,antibiotic inactivation
ARO:3005578,CARB beta-lactamase,penicillin beta-lactam,antibiotic inactivation
ARO:3005579,CARB beta-lactamase,penicillin beta-lactam,antibiotic inactivation
ARO:3005580,CARB beta-lactamase,penicillin beta-lactam,antibiotic inactivation
ARO:3005581,CARB beta-lactamase,penicillin beta-lactam,antibiotic inactivation
ARO:3005582,CARB beta-lactamase,penicillin beta-lactam,antibiotic inactivation
ARO:3005583,CARB beta-lactamase,penicillin beta-lactam,antibiotic inactivation
ARO:3002244,CARB beta-lactamase,penicillin beta-lactam,antibiotic inactivation
ARO:3005584,CARB beta-lactamase,penicillin beta-lactam,antibiotic inactivation
ARO:3005585,CARB beta-lactamase,penicillin beta-lactam,antibiotic inactivation
ARO:3005586,CARB beta-lactamase,penicillin beta-lactam,antibiotic inactivation
ARO:3005587,CARB beta-lactamase,penicillin beta-lactam,antibiotic inactivation
ARO:3005588,CARB beta-lactamase,penicillin beta-lactam,antibiotic inactivation
ARO:3005589,CARB beta-lactamase,penicillin beta-lactam,antibiotic inactivation
ARO:3007803,CARB beta-lactamase,penicillin beta-lactam,antibiotic inactivation
ARO:3007836,CARB beta-lactamase,penicillin beta-lactam,antibiotic inactivation
ARO:3007837,CARB beta-lactamase,penicillin beta-lactam,antibiotic inactivation
ARO:3002245,CARB beta-lactamase,penicillin beta-lactam,antibiotic inactivation
ARO:3002246,CARB beta-lactamase,penicillin beta-lactam,antibiotic inactivation
ARO:3002247,CARB beta-lactamase,penicillin beta-lactam,antibiotic inactivation
ARO:3002248,CARB beta-lactamase,penicillin beta-lactam,antibiotic inactivation
ARO:3003808,CarO porin,carbapenem,reduced permeability to antibiotic;resistance by absence
ARO:3002683,chloramphenicol acetyltransferase (CAT),phenicol antibiotic,antibiotic inactivation
ARO:3004657,chloramphenicol acetyltransferase (CAT),phenicol antibiotic,antibiotic inactivation
ARO:3004658,chloramphenicol acetyltransferase (CAT),phenicol antibiotic,antibiotic inactivation
ARO:3003110,chloramphenicol acetyltransferase (CAT),phenicol antibiotic,antibiotic inactivation
ARO:3004660,chloramphenicol acetyltransferase (CAT),phenicol antibiotic,antibiotic inactivation
ARO:3002675,chloramphenicol acetyltransferase (CAT),phenicol antibiotic,antibiotic inactivation
ARO:3002676,chloramphenicol acetyltransferase (CAT),phenicol antibiotic,antibiotic inactivation
ARO:3002680,chloramphenicol acetyltransferase (CAT),phenicol antibiotic,antibiotic inactivation
ARO:3002681,chloramphenicol acetyltransferase (CAT),phenicol antibiotic,antibiotic inactivation
ARO:3002684,chloramphenicol acetyltransferase (CAT),phenicol antibiotic,antibiotic inactivation
ARO:3004656,chloramphenicol acetyltransferase (CAT),phenicol antibiotic,antibiotic inactivation
ARO:3002685,chloramphenicol acetyltransferase (CAT),phenicol antibiotic,antibiotic inactivation
ARO:3002686,chloramphenicol acetyltransferase (CAT),phenicol antibiotic,antibiotic inactivation
ARO:3002687,chloramphenicol acetyltransferase (CAT),phenicol antibiotic,antibiotic inactivation
ARO:3002688,chloramphenicol acetyltransferase (CAT),phenicol antibiotic,antibiotic inactivation
ARO:3003983,chloramphenicol acetyltransferase (CAT),phenicol antibiotic,antibiotic inactivation
ARO:3004357,chloramphenicol acetyltransferase (CAT),phenicol antibiotic,antibiotic inactivation
ARO:3000855,CAU beta-lactamase,carbapenem;penicillin beta-lactam,antibiotic inactivation
ARO:3002999,CblA beta-lactamase,cephalosporin,antibiotic inactivation
ARO:3004764,CBP beta-lactamase,penicillin beta-lactam,antibiotic inactivation
ARO:3000578,CfiA beta-lactamase,carbapenem,antibiotic inactivation
ARO:3007650,CDA beta-lactamase;CTX-M beta-lactamase;SHV beta-lactamase;TEM beta-lactamase,carbapenem;cephalosporin;monobactam;penicillin beta-lactam,antibiotic inactivation
ARO:3006904,CDD beta-lactamase,carbapenem,antibiotic inactivation
ARO:3006905,CDD beta-lactamase,carbapenem,antibiotic inactivation
ARO:3003835,multidrug and toxic compound extrusion (MATE) transporter,disinfecting agents and antiseptics;fluoroquinolone antibiotic,antibiotic efflux
ARO:3003009,resistance-nodulation-cell division (RND) antibiotic efflux pump,aminoglycoside antibiotic;fluoroquinolone antibiotic,antibiotic efflux
ARO:3003010,resistance-nodulation-cell division (RND) antibiotic efflux pump,aminoglycoside antibiotic;fluoroquinolone antibiotic,antibiotic efflux
ARO:3003559,CepA beta-lactamase,cephalosporin,antibiotic inactivation
ARO:3006224,CepA beta-lactamase,cephalosporin,antibiotic inactivation
ARO:3006225,CepA beta-lactamase,cephalosporin,antibiotic inactivation
ARO:3006226,CepA beta-lactamase,cephalosporin,antibiotic inactivation
ARO:3003553,CepS beta-lactamase,cephalosporin,antibiotic inactivation
ARO:3001856,CMY beta-lactamase,cephalosporin,antibiotic inactivation
ARO:3004464,CMY beta-lactamase,cephalosporin,antibiotic inactivation
ARO:3006906,CfiA beta-lactamase,carbapenem,antibiotic inactivation
ARO:3006907,CfiA beta-lactamase,carbapenem,antibiotic inactivation
ARO:3006908,CfiA beta-lactamase,carbapenem,antibiotic inactivation
ARO:3006909,CfiA beta-lactamase,carbapenem,antibiotic inactivation
ARO:3006910,CfiA beta-lactamase,carbapenem,antibiotic inactivation
ARO:3006911,CfiA beta-lactamase,carbapenem,antibiotic inactivation
ARO:3006912,CfiA beta-lactamase,carbapenem,antibiotic inactivation
ARO:3006913,CfiA beta-lactamase,carbapenem,antibiotic inactivation
ARO:3006914,CfiA beta-lactamase,carbapenem,antibiotic inactivation
ARO:3006915,CfiA beta-lactamase,carbapenem,antibiotic inactivation
ARO:3006916,CfiA beta-lactamase,carbapenem,antibiotic inactivation
ARO:3006917,CfiA beta-lactamase,carbapenem,antibiotic inactivation
ARO:3006918,CfiA beta-lactamase,carbapenem,antibiotic inactivation
ARO:3009098,CfiA beta-lactamase,carbapenem,antibiotic inactivation
ARO:3009099,CfiA beta-lactamase,carbapenem,antibiotic inactivation
ARO:3009100,CfiA beta-lactamase,carbapenem,antibiotic inactivation
ARO:3009101,CfiA beta-lactamase,carbapenem,antibiotic inactivation
ARO:3006919,CfiA beta-lactamase,carbapenem,antibiotic inactivation
ARO:3006920,CfiA beta-lactamase,carbapenem,antibiotic inactivation
ARO:3006921,CfiA beta-lactamase,carbapenem,antibiotic inactivation
ARO:3003441,Cfr 23S ribosomal RNA methyltransferase,lincosamide antibiotic;oxazolidinone antibiotic;phenicol antibiotic;pleuromutilin antibiotic;streptogramin A antibiotic;streptogramin antibiotic,antibiotic target alteration
ARO:3004649,Cfr 23S ribosomal RNA methyltransferase,lincosamide antibiotic;oxazolidinone antibiotic;phenicol antibiotic;streptogramin antibiotic,antibiotic target alteration
ARO:3004146,Cfr 23S ribosomal RNA methyltransferase,lincosamide antibiotic;oxazolidinone antibiotic;phenicol antibiotic;streptogramin antibiotic,antibiotic target alteration
ARO:3005021,Cfr 23S ribosomal RNA methyltransferase,glycopeptide antibiotic;lincosamide antibiotic;oxazolidinone antibiotic;phenicol antibiotic;streptogramin antibiotic,antibiotic target alteration
ARO:3005023,Cfr 23S ribosomal RNA methyltransferase,lincosamide antibiotic;oxazolidinone antibiotic;phenicol antibiotic;pleuromutilin antibiotic;streptogramin antibiotic,antibiotic target alteration
ARO:3003001,CfxA beta-lactamase,cephalosporin,antibiotic inactivation
ARO:3003002,CfxA beta-lactamase,cephalosporin,antibiotic inactivation
ARO:3003003,CfxA beta-lactamase,cephalosporin,antibiotic inactivation
ARO:3003005,CfxA beta-lactamase,cephalosporin,antibiotic inactivation
ARO:3003096,CfxA beta-lactamase,cephalosporin,antibiotic inactivation
ARO:3003097,CfxA beta-lactamase,cephalosporin,antibiotic inactivation
ARO:3004766,CGA beta-lactamase,penicillin beta-lactam,antibiotic inactivation
ARO:3000841,CGB beta-lactamase,carbapenem;cephalosporin;penicillin beta-lactam,antibiotic inactivation
ARO:3004174,23S rRNA with mutation conferring resistance to macrolide antibiotics,glycopeptide antibiotic;lincosamide antibiotic;macrolide antibiotic;phenicol antibiotic;pleuromutilin antibiotic;streptogramin A antibiotic;streptogramin B antibiotic;streptogramin antibiotic,antibiotic target alteration
ARO:3003785,antibiotic-resistant murA transferase,phosphonic acid antibiotic,antibiotic target alteration
ARO:3003978,16s rRNA with mutation conferring resistance to aminoglycoside antibiotics,aminoglycoside antibiotic;glycopeptide antibiotic;glycylcycline;nucleoside antibiotic;peptide antibiotic;tetracycline antibiotic,antibiotic target alteration
ARO:3004132,23S rRNA with mutation conferring resistance to macrolide antibiotics,glycopeptide antibiotic;lincosamide antibiotic;macrolide antibiotic;phenicol antibiotic;pleuromutilin antibiotic;streptogramin A antibiotic;streptogramin B antibiotic;streptogramin antibiotic,antibiotic target alteration
ARO:3003485,16s rRNA with mutation conferring resistance to aminoglycoside antibiotics,aminoglycoside antibiotic;glycopeptide antibiotic;glycylcycline;nucleoside antibiotic;peptide antibiotic;tetracycline antibiotic,antibiotic target alteration
ARO:3007855,CHM beta-lactamase,carbapenem;cephalosporin,antibiotic inactivation
ARO:3001302,non-erm 23S ribosomal RNA methyltransferase (G748),lincosamide antibiotic;macrolide antibiotic,antibiotic target alteration
ARO:3000579,BlaB beta-lactamase,carbapenem;penicillin beta-lactam,antibiotic inactivation
ARO:3004768,CIA beta-lactamase,carbapenem;cephalosporin,antibiotic inactivation
ARO:3004769,CIA beta-lactamase,carbapenem;cephalosporin,antibiotic inactivation
ARO:3004770,CIA beta-lactamase,carbapenem;cephalosporin,antibiotic inactivation
ARO:3004771,CIA beta-lactamase,carbapenem;cephalosporin,antibiotic inactivation
ARO:3007840,CIM beta-lactamase,carbapenem;cephalosporin,antibiotic inactivation
ARO:3003907,Cfr 23S ribosomal RNA methyltransferase,lincosamide antibiotic;oxazolidinone antibiotic;phenicol antibiotic;pleuromutilin antibiotic;streptogramin A antibiotic;streptogramin antibiotic,antibiotic target alteration
ARO:3004773,CKO beta-lactamase,penicillin beta-lactam,antibiotic inactivation
ARO:3002814,Cfr 23S ribosomal RNA methyltransferase,lincosamide antibiotic;oxazolidinone antibiotic;phenicol antibiotic;pleuromutilin antibiotic;streptogramin A antibiotic;streptogramin antibiotic,antibiotic target alteration
ARO:3002815,Cfr 23S ribosomal RNA methyltransferase,lincosamide antibiotic;oxazolidinone antibiotic;phenicol antibiotic;pleuromutilin antibiotic;streptogramin A antibiotic;streptogramin antibiotic,antibiotic target alteration
ARO:3002816,Cfr 23S ribosomal RNA methyltransferase,lincosamide antibiotic;oxazolidinone antibiotic;phenicol antibiotic;pleuromutilin antibiotic;streptogramin A antibiotic;streptogramin antibiotic,antibiotic target alteration
ARO:3004599,Cfr 23S ribosomal RNA methyltransferase,lincosamide antibiotic;oxazolidinone antibiotic;phenicol antibiotic;pleuromutilin antibiotic;streptogramin A antibiotic;streptogramin B antibiotic;streptogramin antibiotic,antibiotic target alteration
ARO:3004654,23S rRNA with mutation conferring resistance to macrolide antibiotics,glycopeptide antibiotic;lincosamide antibiotic;macrolide antibiotic;phenicol antibiotic;pleuromutilin antibiotic;streptogramin A antibiotic;streptogramin B antibiotic;streptogramin antibiotic,antibiotic target alteration
ARO:3007637,Miscellaneous ABC-F subfamily ATP-binding cassette ribosomal protection proteins,lincosamide antibiotic;nucleoside antibiotic;streptogramin A antibiotic;streptogramin antibiotic,antibiotic target protection
ARO:3003357,elfamycin resistant EF-Tu,elfamycin antibiotic,antibiotic target alteration
ARO:3003995,fluoroquinolone resistant gyrA,fluoroquinolone antibiotic;nybomycin-like antibiotic,antibiotic target alteration
ARO:3004562,fluoroquinolone resistant gyrB,aminocoumarin antibiotic;fluoroquinolone antibiotic,antibiotic target alteration
ARO:3004561,murG transferase,glycopeptide antibiotic,antibiotic target alteration
ARO:3007671,nitroimidazole reductase,nitroimidazole antibiotic,antibiotic inactivation
ARO:3004563,rifamycin-resistant beta-subunit of RNA polymerase (rpoB),peptide antibiotic;rifamycin antibiotic,antibiotic target alteration;antibiotic target replacement
ARO:3004681,vancomycin-resistant beta prime subunit of RNA polymerase (rpoC),glycopeptide antibiotic,antibiotic target alteration
ARO:3002674,chloramphenicol acetyltransferase (CAT),phenicol antibiotic,antibiotic inactivation
ARO:3003773,defensin resistant mprF,peptide antibiotic,antibiotic target alteration
ARO:3007644,Miscellaneous ABC-F subfamily ATP-binding cassette ribosomal protection proteins,lincosamide antibiotic;pleuromutilin antibiotic;streptogramin A antibiotic;streptogramin antibiotic,antibiotic target protection
ARO:3007645,Miscellaneous ABC-F subfamily ATP-binding cassette ribosomal protection proteins,antibiotic without defined classification;lincosamide antibiotic;pleuromutilin antibiotic,antibiotic target protection
ARO:3006922,CMA beta-lactamase,cephalosporin,antibiotic inactivation
ARO:3006923,CMA beta-lactamase,cephalosporin,antibiotic inactivation
ARO:3004775,CME beta-lactamase,penicillin beta-lactam,antibiotic inactivation
ARO:3006155,CME beta-lactamase,penicillin beta-lactam,antibiotic inactivation
ARO:3008084,CME beta-lactamase,penicillin beta-lactam,antibiotic inactivation
ARO:3000783,resistance-nodulation-cell division (RND) antibiotic efflux pump,cephalosporin;fluoroquinolone antibiotic;fusidane antibiotic;macrolide antibiotic,antibiotic efflux
ARO:3000784,resistance-nodulation-cell division (RND) antibiotic efflux pump,cephalosporin;fluoroquinolone antibiotic;fusidane antibiotic;macrolide antibiotic,antibiotic efflux
ARO:3000785,resistance-nodulation-cell division (RND) antibiotic efflux pump,cephalosporin;fluoroquinolone antibiotic;fusidane antibiotic;macrolide antibiotic,antibiotic efflux
ARO:3000526,resistance-nodulation-cell division (RND) antibiotic efflux pump,cephalosporin;fluoroquinolone antibiotic;fusidane antibiotic;macrolide antibiotic,antibiotic efflux
ARO:3004777,CMH beta-lactamase,cephalosporin,antibiotic inactivation
ARO:3008085,CMH beta-lactamase,cephalosporin,antibiotic inactivation
ARO:3008086,CMH beta-lactamase,cephalosporin,antibiotic inactivation
ARO:3008087,CMH beta-lactamase,cephalosporin,antibiotic inactivation
ARO:3008088,CMH beta-lactamase,cephalosporin,antibiotic inactivation
ARO:3008089,CMH beta-lactamase,cephalosporin,antibiotic inactivation
ARO:3008090,CMH beta-lactamase,cephalosporin,antibiotic inactivation
ARO:3008091,CMH beta-lactamase,cephalosporin,antibiotic inactivation
ARO:3008092,CMH beta-lactamase,cephalosporin,antibiotic inactivation
ARO:3008093,CMH beta-lactamase,cephalosporin,antibiotic inactivation
ARO:3008094,CMH beta-lactamase,cephalosporin,antibiotic inactivation
ARO:3006854,CMH beta-lactamase,cephalosporin,antibiotic inactivation
ARO:3008095,CMH beta-lactamase,cephalosporin,antibiotic inactivation
ARO:3008096,CMH beta-lactamase,cephalosporin,antibiotic inactivation
ARO:3008097,CMH beta-lactamase,cephalosporin,antibiotic inactivation
ARO:3008098,CMH beta-lactamase,cephalosporin,antibiotic inactivation
ARO:3008099,CMH beta-lactamase,cephalosporin,antibiotic inactivation
ARO:3008100,CMH beta-lactamase,cephalosporin,antibiotic inactivation
ARO:3008101,CMH beta-lactamase,cephalosporin,antibiotic inactivation
ARO:3008102,CMH beta-lactamase,cephalosporin,antibiotic inactivation
ARO:3006855,CMH beta-lactamase,cephalosporin,antibiotic inactivation
ARO:3008103,CMH beta-lactamase,cephalosporin,antibiotic inactivation
ARO:3008104,CMH beta-lactamase,cephalosporin,antibiotic inactivation
ARO:3008105,CMH beta-lactamase,cephalosporin,antibiotic inactivation
ARO:3008106,CMH beta-lactamase,cephalosporin,antibiotic inactivation
ARO:3008107,CMH beta-lactamase,cephalosporin,antibiotic inactivation
ARO:3006856,CMH beta-lactamase,cephalosporin,antibiotic inactivation
ARO:3006857,CMH beta-lactamase,cephalosporin,antibiotic inactivation
ARO:3006858,CMH beta-lactamase,cephalosporin,antibiotic inactivation
ARO:3008108,CMH beta-lactamase,cephalosporin,antibiotic inactivation
ARO:3008109,CMH beta-lactamase,cephalosporin,antibiotic inactivation
ARO:3008110,CMH beta-lactamase,cephalosporin,antibiotic inactivation
ARO:3002693,major facilitator superfamily (MFS) antibiotic efflux pump,phenicol antibiotic,antibiotic efflux
ARO:3002694,major facilitator superfamily (MFS) antibiotic efflux pump,phenicol antibiotic,antibiotic efflux
ARO:3002695,major facilitator superfamily (MFS) antibiotic efflux pump,phenicol antibiotic,antibiotic efflux
ARO:3002696,major facilitator superfamily (MFS) antibiotic efflux pump,phenicol antibiotic,antibiotic efflux
ARO:3004665,major facilitator superfamily (MFS) antibiotic efflux pump,phenicol antibiotic,antibiotic efflux
ARO:3005043,major facilitator superfamily (MFS) antibiotic efflux pump,phenicol antibiotic,antibiotic efflux
ARO:3002698,major facilitator superfamily (MFS) antibiotic efflux pump,phenicol antibiotic,antibiotic efflux
ARO:3002699,major facilitator superfamily (MFS) antibiotic efflux pump,phenicol antibiotic,antibiotic efflux
ARO:3002700,chloramphenicol phosphotransferase,phenicol antibiotic,antibiotic inactivation
ARO:3002702,major facilitator superfamily (MFS) antibiotic efflux pump,phenicol antibiotic,antibiotic efflux
ARO:3002703,major facilitator superfamily (MFS) antibiotic efflux pump,phenicol antibiotic,antibiotic efflux
ARO:3002012,CMY beta-lactamase,cephalosporin,antibiotic inactivation
ARO:3002021,CMY beta-lactamase,cephalosporin,antibiotic inactivation
ARO:3002112,CMY beta-lactamase,cephalosporin,antibiotic inactivation
ARO:3002113,CMY beta-lactamase,cephalosporin,antibiotic inactivation
ARO:3002114,CMY beta-lactamase,cephalosporin,antibiotic inactivation
ARO:3002115,CMY beta-lactamase,cephalosporin,antibiotic inactivation
ARO:3002116,CMY beta-lactamase,cephalosporin,antibiotic inactivation
ARO:3002117,CMY beta-lactamase,cephalosporin,antibiotic inactivation
ARO:3002118,CMY beta-lactamase,cephalosporin,antibiotic inactivation
ARO:3002118,CMY beta-lactamase,cephalosporin,antibiotic inactivation
ARO:3002119,CMY beta-lactamase,cephalosporin,antibiotic inactivation
ARO:3002120,CMY beta-lactamase,cephalosporin,antibiotic inactivation
ARO:3002121,CMY beta-lactamase,cephalosporin,antibiotic inactivation
ARO:3002022,CMY beta-lactamase,cephalosporin,antibiotic inactivation
ARO:3002071,CMY beta-lactamase,cephalosporin,antibiotic inactivation
ARO:3002122,CMY beta-lactamase,cephalosporin,antibiotic inactivation
ARO:3002123,CMY beta-lactamase,cephalosporin,antibiotic inactivation
ARO:3002124,CMY beta-lactamase,cephalosporin,antibiotic inactivation
ARO:3002125,CMY beta-lactamase,cephalosporin,antibiotic inactivation
ARO:3002126,CMY beta-lactamase,cephalosporin,antibiotic inactivation
ARO:3002127,CMY beta-lactamase,cephalosporin,antibiotic inactivation
ARO:3002128,CMY beta-lactamase,cephalosporin,antibiotic inactivation
ARO:3002129,CMY beta-lactamase,cephalosporin,antibiotic inactivation
ARO:3002130,CMY beta-lactamase,cephalosporin,antibiotic inactivation
ARO:3002023,CMY beta-lactamase,cephalosporin,antibiotic inactivation
ARO:3003129,CMY beta-lactamase,cephalosporin,antibiotic inactivation
ARO:3003130,CMY beta-lactamase,cephalosporin,antibiotic inactivation
ARO:3003132,CMY beta-lactamase,cephalosporin,antibiotic inactivation
ARO:3003133,CMY beta-lactamase,cephalosporin,antibiotic inactivation
ARO:3003135,CMY beta-lactamase,cephalosporin,antibiotic inactivation
ARO:3003136,CMY beta-lactamase,cephalosporin,antibiotic inactivation
ARO:3003137,CMY beta-lactamase,cephalosporin,antibiotic inactivation
ARO:3002024,CMY beta-lactamase,cephalosporin,antibiotic inactivation
ARO:3003138,CMY beta-lactamase,cephalosporin,antibiotic inactivation
ARO:3003170,CMY beta-lactamase,cephalosporin,antibiotic inactivation
ARO:3003170,CMY beta-lactamase,cephalosporin,antibiotic inactivation
ARO:3003652,CMY beta-lactamase,cephalosporin,antibiotic inactivation
ARO:3003653,CMY beta-lactamase,cephalosporin,antibiotic inactivation
ARO:3003654,CMY beta-lactamase,cephalosporin,antibiotic inactivation
ARO:3004778,CMY beta-lactamase,cephalosporin,antibiotic inactivation
ARO:3004854,CMY beta-lactamase,cephalosporin,antibiotic inactivation
ARO:3006457,CMY beta-lactamase,cephalosporin,antibiotic inactivation
ARO:3005220,CMY beta-lactamase,cephalosporin,antibiotic inactivation
ARO:3005191,CMY beta-lactamase,cephalosporin,antibiotic inactivation
ARO:3002025,CMY beta-lactamase,cephalosporin,antibiotic inactivation
ARO:3005185,CMY beta-lactamase,cephalosporin,antibiotic inactivation
ARO:3005196,CMY beta-lactamase,cephalosporin,antibiotic inactivation
ARO:3005195,CMY beta-lactamase,cephalosporin,antibiotic inactivation
ARO:3005204,CMY beta-lactamase,cephalosporin,antibiotic inactivation
ARO:3005219,CMY beta-lactamase,cephalosporin,antibiotic inactivation
ARO:3005197,CMY beta-lactamase,cephalosporin,antibiotic inactivation
ARO:3005181,CMY beta-lactamase,cephalosporin,antibiotic inactivation
ARO:3005180,CMY beta-lactamase,cephalosporin,antibiotic inactivation
ARO:3005192,CMY beta-lactamase,cephalosporin,antibiotic inactivation
ARO:3005190,CMY beta-lactamase,cephalosporin,antibiotic inactivation
ARO:3002026,CMY beta-lactamase,cephalosporin,antibiotic inactivation
ARO:3005016,CMY beta-lactamase,cephalosporin,antibiotic inactivation
ARO:3005217,CMY beta-lactamase,cephalosporin,antibiotic inactivation
ARO:3005216,CMY beta-lactamase,cephalosporin,antibiotic inactivation
ARO:3005218,CMY beta-lactamase,cephalosporin,antibiotic inactivation
ARO:3005194,CMY beta-lactamase,cephalosporin,antibiotic inactivation
ARO:3005200,CMY beta-lactamase,cephalosporin,antibiotic inactivation
ARO:3005182,CMY beta-lactamase,cephalosporin,antibiotic inactivation
ARO:3005198,CMY beta-lactamase,cephalosporin,antibiotic inactivation
ARO:3005176,CMY beta-lactamase,cephalosporin,antibiotic inactivation
ARO:3006458,CMY beta-lactamase,cephalosporin,antibiotic inactivation
ARO:3002027,CMY beta-lactamase,cephalosporin,antibiotic inactivation
ARO:3005183,CMY beta-lactamase,cephalosporin,antibiotic inactivation
ARO:3005187,CMY beta-lactamase,cephalosporin,antibiotic inactivation
ARO:3005184,CMY beta-lactamase,cephalosporin,antibiotic inactivation
ARO:3005193,CMY beta-lactamase,cephalosporin,antibiotic inactivation
ARO:3005186,CMY beta-lactamase,cephalosporin,antibiotic inactivation
ARO:3005188,CMY beta-lactamase,cephalosporin,antibiotic inactivation
ARO:3005189,CMY beta-lactamase,cephalosporin,antibiotic inactivation
ARO:3006459,CMY beta-lactamase,cephalosporin,antibiotic inactivation
ARO:3006460,CMY beta-lactamase,cephalosporin,antibiotic inactivation
ARO:3006461,CMY beta-lactamase,cephalosporin,antibiotic inactivation
ARO:3002028,CMY beta-lactamase,cephalosporin,antibiotic inactivation
ARO:3006462,CMY beta-lactamase,cephalosporin,antibiotic inactivation
ARO:3005199,CMY beta-lactamase,cephalosporin,antibiotic inactivation
ARO:3008111,CMY beta-lactamase,cephalosporin,antibiotic inactivation
ARO:3005177,CMY beta-lactamase,cephalosporin,antibiotic inactivation
ARO:3006463,CMY beta-lactamase,cephalosporin,antibiotic inactivation
ARO:3008112,CMY beta-lactamase,cephalosporin,antibiotic inactivation
ARO:3008113,CMY beta-lactamase,cephalosporin,antibiotic inactivation
ARO:3008114,CMY beta-lactamase,cephalosporin,antibiotic inactivation
ARO:3008115,CMY beta-lactamase,cephalosporin,antibiotic inactivation
ARO:3008116,CMY beta-lactamase,cephalosporin,antibiotic inactivation
ARO:3002029,CMY beta-lactamase,cephalosporin,antibiotic inactivation
ARO:3008117,CMY beta-lactamase,cephalosporin,antibiotic inactivation
ARO:3008118,CMY beta-lactamase,cephalosporin,antibiotic inactivation
ARO:3008119,CMY beta-lactamase,cephalosporin,antibiotic inactivation
ARO:3008120,CMY beta-lactamase,cephalosporin,antibiotic inactivation
ARO:3008121,CMY beta-lactamase,cephalosporin,antibiotic inactivation
ARO:3007695,CMY beta-lactamase,cephalosporin,antibiotic inactivation
ARO:3008122,CMY beta-lactamase,cephalosporin,antibiotic inactivation
ARO:3008123,CMY beta-lactamase,cephalosporin,antibiotic inactivation
ARO:3008124,CMY beta-lactamase,cephalosporin,antibiotic inactivation
ARO:3002030,CMY beta-lactamase,cephalosporin,antibiotic inactivation
ARO:3008125,CMY beta-lactamase,cephalosporin,antibiotic inactivation
ARO:3008126,CMY beta-lactamase,cephalosporin,antibiotic inactivation
ARO:3008127,CMY beta-lactamase,cephalosporin,antibiotic inactivation
ARO:3008128,CMY beta-lactamase,cephalosporin,antibiotic inactivation
ARO:3008129,CMY beta-lactamase,cephalosporin,antibiotic inactivation
ARO:3008130,CMY beta-lactamase,cephalosporin,antibiotic inactivation
ARO:3008131,CMY beta-lactamase,cephalosporin,antibiotic inactivation
ARO:3008132,CMY beta-lactamase,cephalosporin,antibiotic inactivation
ARO:3008133,CMY beta-lactamase,cephalosporin,antibiotic inactivation
ARO:3002013,CMY beta-lactamase,carbapenem;cephalosporin;penicillin beta-lactam,antibiotic inactivation
ARO:3002031,CMY beta-lactamase,cephalosporin,antibiotic inactivation
ARO:3002032,CMY beta-lactamase,cephalosporin,antibiotic inactivation
ARO:3002033,CMY beta-lactamase,cephalosporin,antibiotic inactivation
ARO:3002034,CMY beta-lactamase,cephalosporin,antibiotic inactivation
ARO:3002035,CMY beta-lactamase,cephalosporin,antibiotic inactivation
ARO:3002036,CMY beta-lactamase,cephalosporin,antibiotic inactivation
ARO:3002037,CMY beta-lactamase,cephalosporin,antibiotic inactivation
ARO:3002038,CMY beta-lactamase,cephalosporin,antibiotic inactivation
ARO:3002039,CMY beta-lactamase,cephalosporin,antibiotic inactivation
ARO:3002040,CMY beta-lactamase,cephalosporin,antibiotic inactivation
ARO:3002041,CMY beta-lactamase,cephalosporin,antibiotic inactivation
ARO:3002042,CMY beta-lactamase,cephalosporin,antibiotic inactivation
ARO:3002043,CMY beta-lactamase,cephalosporin,antibiotic inactivation
ARO:3002044,CMY beta-lactamase,cephalosporin,antibiotic inactivation
ARO:3002045,CMY beta-lactamase,cephalosporin,antibiotic inactivation
ARO:3002046,CMY beta-lactamase,cephalosporin,antibiotic inactivation
ARO:3002047,CMY beta-lactamase,cephalosporin,antibiotic inactivation
ARO:3002048,CMY beta-lactamase,cephalosporin,antibiotic inactivation
ARO:3002049,CMY beta-lactamase,cephalosporin,antibiotic inactivation
ARO:3002050,CMY beta-lactamase,cephalosporin,antibiotic inactivation
ARO:3002015,CMY beta-lactamase,cephalosporin,antibiotic inactivation
ARO:3002051,CMY beta-lactamase,cephalosporin,antibiotic inactivation
ARO:3002052,CMY beta-lactamase,cephalosporin,antibiotic inactivation
ARO:3002053,CMY beta-lactamase,cephalosporin,antibiotic inactivation
ARO:3002054,CMY beta-lactamase,cephalosporin,antibiotic inactivation
ARO:3002055,CMY beta-lactamase,cephalosporin,antibiotic inactivation
ARO:3002056,CMY beta-lactamase,cephalosporin,antibiotic inactivation
ARO:3002057,CMY beta-lactamase,cephalosporin,antibiotic inactivation
ARO:3002058,CMY beta-lactamase,cephalosporin,antibiotic inactivation
ARO:3002059,CMY beta-lactamase,cephalosporin,antibiotic inactivation
ARO:3002060,CMY beta-lactamase,cephalosporin,antibiotic inactivation
ARO:3002016,CMY beta-lactamase,cephalosporin,antibiotic inactivation
ARO:3002061,CMY beta-lactamase,cephalosporin,antibiotic inactivation
ARO:3002062,CMY beta-lactamase,cephalosporin,antibiotic inactivation
ARO:3002064,CMY beta-lactamase,cephalosporin,antibiotic inactivation
ARO:3002065,CMY beta-lactamase,cephalosporin,antibiotic inactivation
ARO:3002066,CMY beta-lactamase,cephalosporin,antibiotic inactivation
ARO:3002067,CMY beta-lactamase,cephalosporin,antibiotic inactivation
ARO:3002068,CMY beta-lactamase,cephalosporin,antibiotic inactivation
ARO:3002072,CMY beta-lactamase,cephalosporin,antibiotic inactivation
ARO:3002069,CMY beta-lactamase,cephalosporin,antibiotic inactivation
ARO:3002017,CMY beta-lactamase,cephalosporin,antibiotic inactivation
ARO:3002073,CMY beta-lactamase,cephalosporin,antibiotic inactivation
ARO:3002074,CMY beta-lactamase,cephalosporin,antibiotic inactivation
ARO:3002075,CMY beta-lactamase,cephalosporin,antibiotic inactivation
ARO:3002076,CMY beta-lactamase,cephalosporin,antibiotic inactivation
ARO:3002077,CMY beta-lactamase,cephalosporin,antibiotic inactivation
ARO:3002078,CMY beta-lactamase,cephalosporin,antibiotic inactivation
ARO:3002079,CMY beta-lactamase,cephalosporin,antibiotic inactivation
ARO:3002080,CMY beta-lactamase,cephalosporin,antibiotic inactivation
ARO:3002081,CMY beta-lactamase,cephalosporin,antibiotic inactivation
ARO:3002082,CMY beta-lactamase,cephalosporin,antibiotic inactivation
ARO:3002018,CMY beta-lactamase,cephalosporin,antibiotic inactivation
ARO:3002083,CMY beta-lactamase,cephalosporin,antibiotic inactivation
ARO:3002084,CMY beta-lactamase,cephalosporin,antibiotic inactivation
ARO:3002085,CMY beta-lactamase,cephalosporin,antibiotic inactivation
ARO:3002086,CMY beta-lactamase,cephalosporin,antibiotic inactivation
ARO:3002087,CMY beta-lactamase,cephalosporin,antibiotic inactivation
ARO:3002088,CMY beta-lactamase,cephalosporin,antibiotic inactivation
ARO:3002089,CMY beta-lactamase,cephalosporin,antibiotic inactivation
ARO:3002090,CMY beta-lactamase,cephalosporin,antibiotic inactivation
ARO:3002091,CMY beta-lactamase,cephalosporin,antibiotic inactivation
ARO:3002092,CMY beta-lactamase,cephalosporin,antibiotic inactivation
ARO:3002019,CMY beta-lactamase,cephalosporin,antibiotic inactivation
ARO:3002093,CMY beta-lactamase,cephalosporin,antibiotic inactivation
ARO:3002094,CMY beta-lactamase,cephalosporin,antibiotic inactivation
ARO:3002095,CMY beta-lactamase,cephalosporin,antibiotic inactivation
ARO:3002096,CMY beta-lactamase,cephalosporin,antibiotic inactivation
ARO:3002097,CMY beta-lactamase,cephalosporin,antibiotic inactivation
ARO:3002098,CMY beta-lactamase,cephalosporin,antibiotic inactivation
ARO:3002099,CMY beta-lactamase,cephalosporin,antibiotic inactivation
ARO:3002100,CMY beta-lactamase,cephalosporin,antibiotic inactivation
ARO:3002102,CMY beta-lactamase,cephalosporin,antibiotic inactivation
ARO:3006464,CMY beta-lactamase,cephalosporin,antibiotic inactivation
ARO:3002020,CMY beta-lactamase,cephalosporin,antibiotic inactivation
ARO:3002103,CMY beta-lactamase,cephalosporin,antibiotic inactivation
ARO:3002106,CMY beta-lactamase,cephalosporin,antibiotic inactivation
ARO:3002107,CMY beta-lactamase,cephalosporin,antibiotic inactivation
ARO:3002108,CMY beta-lactamase,cephalosporin,antibiotic inactivation
ARO:3002109,CMY beta-lactamase,cephalosporin,antibiotic inactivation
ARO:3002110,CMY beta-lactamase,cephalosporin,antibiotic inactivation
ARO:3002111,CMY beta-lactamase,cephalosporin,antibiotic inactivation
ARO:3002070,CMY beta-lactamase,cephalosporin,antibiotic inactivation
ARO:3004639,major facilitator superfamily (MFS) antibiotic efflux pump,penicillin beta-lactam;tetracycline antibiotic,antibiotic efflux
ARO:3003994,cpa acetyltransferase,aminoglycoside antibiotic,antibiotic inactivation
ARO:3007075,capreomycin phosphotransferase,aminoglycoside antibiotic,antibiotic inactivation
ARO:3003099,CphA beta-lactamase,carbapenem,antibiotic inactivation
ARO:3003093,CphA beta-lactamase,carbapenem,antibiotic inactivation
ARO:3003100,CphA beta-lactamase,carbapenem,antibiotic inactivation
ARO:3003101,CphA beta-lactamase,carbapenem,antibiotic inactivation
ARO:3003102,CphA beta-lactamase,carbapenem,antibiotic inactivation
ARO:3003103,CphA beta-lactamase,carbapenem,antibiotic inactivation
ARO:3003104,CphA beta-lactamase,carbapenem,antibiotic inactivation
ARO:3005063,pmr phosphoethanolamine transferase,peptide antibiotic,antibiotic efflux;antibiotic target alteration
ARO:3005064,pmr phosphoethanolamine transferase,peptide antibiotic,antibiotic efflux;antibiotic target alteration
ARO:3003716,CPS beta-lactamase,carbapenem,antibiotic inactivation
ARO:3000830,resistance-nodulation-cell division (RND) antibiotic efflux pump,aminocoumarin antibiotic;aminoglycoside antibiotic,antibiotic efflux
ARO:3005049,multidrug and toxic compound extrusion (MATE) transporter,aminoglycoside antibiotic,antibiotic efflux
ARO:3006864,CRD3 beta-lactamase,carbapenem,antibiotic inactivation
ARO:3006865,CRH beta-lactamase,carbapenem,antibiotic inactivation
ARO:3006866,CRH beta-lactamase,carbapenem,antibiotic inactivation
ARO:3006867,CRH beta-lactamase,carbapenem,antibiotic inactivation
ARO:3000518,resistance-nodulation-cell division (RND) antibiotic efflux pump,fluoroquinolone antibiotic;macrolide antibiotic;penicillin beta-lactam,antibiotic efflux
ARO:3006868,CRP beta-lactamase,carbapenem,antibiotic inactivation
ARO:3007118,subclass B1 Bacteroides xylanisolvens crx beta-lactamase,carbapenem,antibiotic inactivation
ARO:3006869,CSA beta-lactamase,cephalosporin,antibiotic inactivation
ARO:3006870,CSA beta-lactamase,cephalosporin,antibiotic inactivation
ARO:3006871,CSP beta-lactamase,cephalosporin,antibiotic inactivation
ARO:3001864,CTX-M beta-lactamase,cephalosporin,antibiotic inactivation
ARO:3001873,CTX-M beta-lactamase,cephalosporin,antibiotic inactivation
ARO:3001959,CTX-M beta-lactamase,cephalosporin,antibiotic inactivation
ARO:3001960,CTX-M beta-lactamase,cephalosporin,antibiotic inactivation
ARO:3001961,CTX-M beta-lactamase,cephalosporin,antibiotic inactivation
ARO:3001962,CTX-M beta-lactamase,cephalosporin,antibiotic inactivation
ARO:3001963,CTX-M beta-lactamase,cephalosporin,antibiotic inactivation
ARO:3001965,CTX-M beta-lactamase,cephalosporin,antibiotic inactivation
ARO:3001966,CTX-M beta-lactamase,cephalosporin,antibiotic inactivation
ARO:3001967,CTX-M beta-lactamase,cephalosporin,antibiotic inactivation
ARO:3001968,CTX-M beta-lactamase,cephalosporin,antibiotic inactivation
ARO:3001969,CTX-M beta-lactamase,cephalosporin,antibiotic inactivation
ARO:3001874,CTX-M beta-lactamase,cephalosporin,antibiotic inactivation
ARO:3001970,CTX-M beta-lactamase,cephalosporin,antibiotic inactivation
ARO:3001971,CTX-M beta-lactamase,cephalosporin,antibiotic inactivation
ARO:3001972,CTX-M beta-lactamase,cephalosporin,antibiotic inactivation
ARO:3001973,CTX-M beta-lactamase,cephalosporin,antibiotic inactivation
ARO:3001974,CTX-M beta-lactamase,cephalosporin,antibiotic inactivation
ARO:3001975,CTX-M beta-lactamase,cephalosporin,antibiotic inactivation
ARO:3001976,CTX-M beta-lactamase,cephalosporin,antibiotic inactivation
ARO:3001977,CTX-M beta-lactamase,cephalosporin,antibiotic inactivation
ARO:3001875,CTX-M beta-lactamase,cephalosporin,antibiotic inactivation
ARO:3001980,CTX-M beta-lactamase,cephalosporin,antibiotic inactivation
ARO:3001981,CTX-M beta-lactamase,cephalosporin,antibiotic inactivation
ARO:3001982,CTX-M beta-lactamase,cephalosporin,antibiotic inactivation
ARO:3001983,CTX-M beta-lactamase,cephalosporin,antibiotic inactivation
ARO:3001984,CTX-M beta-lactamase,cephalosporin,antibiotic inactivation
ARO:3001985,CTX-M beta-lactamase,cephalosporin,antibiotic inactivation
ARO:3001986,CTX-M beta-lactamase,cephalosporin,antibiotic inactivation
ARO:3001988,CTX-M beta-lactamase,cephalosporin,antibiotic inactivation
ARO:3001876,CTX-M beta-lactamase,cephalosporin,antibiotic inactivation
ARO:3001989,CTX-M beta-lactamase,cephalosporin,antibiotic inactivation
ARO:3001990,CTX-M beta-lactamase,cephalosporin,antibiotic inactivation
ARO:3001991,CTX-M beta-lactamase,cephalosporin,antibiotic inactivation
ARO:3001992,CTX-M beta-lactamase,cephalosporin,antibiotic inactivation
ARO:3001995,CTX-M beta-lactamase,cephalosporin,antibiotic inactivation
ARO:3001994,CTX-M beta-lactamase,cephalosporin,antibiotic inactivation
ARO:3001996,CTX-M beta-lactamase,cephalosporin,antibiotic inactivation
ARO:3001997,CTX-M beta-lactamase,cephalosporin,antibiotic inactivation
ARO:3001877,CTX-M beta-lactamase,cephalosporin,antibiotic inactivation
ARO:3001998,CTX-M beta-lactamase,cephalosporin,antibiotic inactivation
ARO:3001999,CTX-M beta-lactamase,cephalosporin,antibiotic inactivation
ARO:3002000,CTX-M beta-lactamase,cephalosporin,antibiotic inactivation
ARO:3002001,CTX-M beta-lactamase,cephalosporin,antibiotic inactivation
ARO:3002002,CTX-M beta-lactamase,cephalosporin,antibiotic inactivation
ARO:3002004,CTX-M beta-lactamase,cephalosporin,antibiotic inactivation
ARO:3002005,CTX-M beta-lactamase,cephalosporin,antibiotic inactivation
ARO:3002006,CTX-M beta-lactamase,cephalosporin,antibiotic inactivation
ARO:3001878,CTX-M beta-lactamase,cephalosporin;penicillin beta-lactam,antibiotic inactivation
ARO:3002007,CTX-M beta-lactamase,cephalosporin,antibiotic inactivation
ARO:3002008,CTX-M beta-lactamase,cephalosporin,antibiotic inactivation
ARO:3002009,CTX-M beta-lactamase,cephalosporin,antibiotic inactivation
ARO:3002010,CTX-M beta-lactamase,cephalosporin,antibiotic inactivation
ARO:3002011,CTX-M beta-lactamase,cephalosporin,antibiotic inactivation
ARO:3003163,CTX-M beta-lactamase,cephalosporin,antibiotic inactivation
ARO:3003164,CTX-M beta-lactamase,cephalosporin,antibiotic inactivation
ARO:3003165,CTX-M beta-lactamase,cephalosporin,antibiotic inactivation
ARO:3003166,CTX-M beta-lactamase,cephalosporin,antibiotic inactivation
ARO:3003167,CTX-M beta-lactamase,cephalosporin,antibiotic inactivation
ARO:3001879,CTX-M beta-lactamase,cephalosporin,antibiotic inactivation
ARO:3003168,CTX-M beta-lactamase,cephalosporin,antibiotic inactivation
ARO:3003169,CTX-M beta-lactamase,cephalosporin,antibiotic inactivation
ARO:3003646,CTX-M beta-lactamase,cephalosporin,antibiotic inactivation
ARO:3003647,CTX-M beta-lactamase,cephalosporin,antibiotic inactivation
ARO:3003648,CTX-M beta-lactamase,cephalosporin,antibiotic inactivation
ARO:3003649,CTX-M beta-lactamase,cephalosporin,antibiotic inactivation
ARO:3003650,CTX-M beta-lactamase,cephalosporin,antibiotic inactivation
ARO:3005590,CTX-M beta-lactamase,cephalosporin,antibiotic inactivation
ARO:3005591,CTX-M beta-lactamase,cephalosporin,antibiotic inactivation
ARO:3005592,CTX-M beta-lactamase,cephalosporin,antibiotic inactivation
ARO:3001880,CTX-M beta-lactamase,cephalosporin,antibiotic inactivation
ARO:3005593,CTX-M beta-lactamase,cephalosporin,antibiotic inactivation
ARO:3005594,CTX-M beta-lactamase,cephalosporin,antibiotic inactivation
ARO:3005595,CTX-M beta-lactamase,cephalosporin,antibiotic inactivation
ARO:3005596,CTX-M beta-lactamase,cephalosporin,antibiotic inactivation
ARO:3005597,CTX-M beta-lactamase,cephalosporin,antibiotic inactivation
ARO:3005598,CTX-M beta-lactamase,cephalosporin,antibiotic inactivation
ARO:3005599,CTX-M beta-lactamase,cephalosporin,antibiotic inactivation
ARO:3005600,CTX-M beta-lactamase,cephalosporin,antibiotic inactivation
ARO:3005601,CTX-M beta-lactamase,cephalosporin,antibiotic inactivation
ARO:3005602,CTX-M beta-lactamase,cephalosporin,antibiotic inactivation
ARO:3005603,CTX-M beta-lactamase,cephalosporin,antibiotic inactivation
ARO:3005604,CTX-M beta-lactamase,cephalosporin,antibiotic inactivation
ARO:3005605,CTX-M beta-lactamase,cephalosporin,antibiotic inactivation
ARO:3005606,CTX-M beta-lactamase,cephalosporin,antibiotic inactivation
ARO:3005607,CTX-M beta-lactamase,cephalosporin,antibiotic inactivation
ARO:3005608,CTX-M beta-lactamase,cephalosporin,antibiotic inactivation
ARO:3005609,CTX-M beta-lactamase,cephalosporin,antibiotic inactivation
ARO:3005610,CTX-M beta-lactamase,cephalosporin,antibiotic inactivation
ARO:3005611,CTX-M beta-lactamase,cephalosporin,antibiotic inactivation
ARO:3005612,CTX-M beta-lactamase,cephalosporin,antibiotic inactivation
ARO:3001881,CTX-M beta-lactamase,cephalosporin,antibiotic inactivation
ARO:3005613,CTX-M beta-lactamase,cephalosporin,antibiotic inactivation
ARO:3005614,CTX-M beta-lactamase,cephalosporin,antibiotic inactivation
ARO:3005615,CTX-M beta-lactamase,cephalosporin,antibiotic inactivation
ARO:3005616,CTX-M beta-lactamase,cephalosporin,antibiotic inactivation
ARO:3005617,CTX-M beta-lactamase,cephalosporin,antibiotic inactivation
ARO:3005618,CTX-M beta-lactamase,cephalosporin,antibiotic inactivation
ARO:3005619,CTX-M beta-lactamase,cephalosporin,antibiotic inactivation
ARO:3005620,CTX-M beta-lactamase,cephalosporin,antibiotic inactivation
ARO:3005621,CTX-M beta-lactamase,cephalosporin,antibiotic inactivation
ARO:3005622,CTX-M beta-lactamase,cephalosporin,antibiotic inactivation
ARO:3001865,CTX-M beta-lactamase,cephalosporin,antibiotic inactivation
ARO:3001882,CTX-M beta-lactamase,cephalosporin,antibiotic inactivation
ARO:3005623,CTX-M beta-lactamase,cephalosporin,antibiotic inactivation
ARO:3005624,CTX-M beta-lactamase,cephalosporin,antibiotic inactivation
ARO:3005625,CTX-M beta-lactamase,cephalosporin,antibiotic inactivation
ARO:3005626,CTX-M beta-lactamase,cephalosporin,antibiotic inactivation
ARO:3005627,CTX-M beta-lactamase,cephalosporin,antibiotic inactivation
ARO:3005628,CTX-M beta-lactamase,cephalosporin,antibiotic inactivation
ARO:3005629,CTX-M beta-lactamase,cephalosporin,antibiotic inactivation
ARO:3005630,CTX-M beta-lactamase,cephalosporin,antibiotic inactivation
ARO:3005631,CTX-M beta-lactamase,cephalosporin,antibiotic inactivation
ARO:3005632,CTX-M beta-lactamase,cephalosporin,antibiotic inactivation
ARO:3001883,CTX-M beta-lactamase,cephalosporin,antibiotic inactivation
ARO:3005633,CTX-M beta-lactamase,cephalosporin,antibiotic inactivation
ARO:3005634,CTX-M beta-lactamase,cephalosporin,antibiotic inactivation
ARO:3005635,CTX-M beta-lactamase,cephalosporin,antibiotic inactivation
ARO:3005636,CTX-M beta-lactamase,cephalosporin,antibiotic inactivation
ARO:3005637,CTX-M beta-lactamase,cephalosporin,antibiotic inactivation
ARO:3005638,CTX-M beta-lactamase,cephalosporin,antibiotic inactivation
ARO:3005639,CTX-M beta-lactamase,cephalosporin,antibiotic inactivation
ARO:3005640,CTX-M beta-lactamase,cephalosporin,antibiotic inactivation
ARO:3005641,CTX-M beta-lactamase,cephalosporin,antibiotic inactivation
ARO:3005642,CTX-M beta-lactamase,cephalosporin,antibiotic inactivation
ARO:3001884,CTX-M beta-lactamase,cephalosporin,antibiotic inactivation
ARO:3005643,CTX-M beta-lactamase,cephalosporin,antibiotic inactivation
ARO:3005644,CTX-M beta-lactamase,cephalosporin,antibiotic inactivation
ARO:3005645,CTX-M beta-lactamase,cephalosporin,antibiotic inactivation
ARO:3005646,CTX-M beta-lactamase,cephalosporin,antibiotic inactivation
ARO:3005647,CTX-M beta-lactamase,cephalosporin,antibiotic inactivation
ARO:3005648,CTX-M beta-lactamase,cephalosporin,antibiotic inactivation
ARO:3005649,CTX-M beta-lactamase,cephalosporin,antibiotic inactivation
ARO:3005650,CTX-M beta-lactamase,cephalosporin,antibiotic inactivation
ARO:3005651,CTX-M beta-lactamase,cephalosporin,antibiotic inactivation
ARO:3005652,CTX-M beta-lactamase,cephalosporin,antibiotic inactivation
ARO:3001885,CTX-M beta-lactamase,cephalosporin,antibiotic inactivation
ARO:3005653,CTX-M beta-lactamase,cephalosporin,antibiotic inactivation
ARO:3005654,CTX-M beta-lactamase,cephalosporin,antibiotic inactivation
ARO:3005655,CTX-M beta-lactamase,cephalosporin,antibiotic inactivation
ARO:3005656,CTX-M beta-lactamase,cephalosporin,antibiotic inactivation
ARO:3005657,CTX-M beta-lactamase,cephalosporin,antibiotic inactivation
ARO:3005658,CTX-M beta-lactamase,cephalosporin,antibiotic inactivation
ARO:3005659,CTX-M beta-lactamase,cephalosporin,antibiotic inactivation
ARO:3005660,CTX-M beta-lactamase,cephalosporin,antibiotic inactivation
ARO:3005661,CTX-M beta-lactamase,cephalosporin,antibiotic inactivation
ARO:3005662,CTX-M beta-lactamase,cephalosporin,antibiotic inactivation
ARO:3001886,CTX-M beta-lactamase,cephalosporin,antibiotic inactivation
ARO:3005663,CTX-M beta-lactamase,cephalosporin,antibiotic inactivation
ARO:3005664,CTX-M beta-lactamase,cephalosporin,antibiotic inactivation
ARO:3005665,CTX-M beta-lactamase,cephalosporin,antibiotic inactivation
ARO:3008134,CTX-M beta-lactamase,cephalosporin,antibiotic inactivation
ARO:3005666,CTX-M beta-lactamase,cephalosporin,antibiotic inactivation
ARO:3008135,CTX-M beta-lactamase,cephalosporin,antibiotic inactivation
ARO:3008136,CTX-M beta-lactamase,cephalosporin,antibiotic inactivation
ARO:3008137,CTX-M beta-lactamase,cephalosporin,antibiotic inactivation
ARO:3008138,CTX-M beta-lactamase,cephalosporin,antibiotic inactivation
ARO:3008139,CTX-M beta-lactamase,cephalosporin,antibiotic inactivation
ARO:3001887,CTX-M beta-lactamase,cephalosporin,antibiotic inactivation
ARO:3008140,CTX-M beta-lactamase,cephalosporin,antibiotic inactivation
ARO:3008141,CTX-M beta-lactamase,cephalosporin,antibiotic inactivation
ARO:3008142,CTX-M beta-lactamase,cephalosporin,antibiotic inactivation
ARO:3008143,CTX-M beta-lactamase,cephalosporin,antibiotic inactivation
ARO:3008144,CTX-M beta-lactamase,cephalosporin,antibiotic inactivation
ARO:3008145,CTX-M beta-lactamase,cephalosporin,antibiotic inactivation
ARO:3008146,CTX-M beta-lactamase,cephalosporin,antibiotic inactivation
ARO:3008147,CTX-M beta-lactamase,cephalosporin,antibiotic inactivation
ARO:3008148,CTX-M beta-lactamase,cephalosporin,antibiotic inactivation
ARO:3001888,CTX-M beta-lactamase,cephalosporin,antibiotic inactivation
ARO:3008149,CTX-M beta-lactamase,cephalosporin,antibiotic inactivation
ARO:3008150,CTX-M beta-lactamase,cephalosporin,antibiotic inactivation
ARO:3008151,CTX-M beta-lactamase,cephalosporin,antibiotic inactivation
ARO:3008152,CTX-M beta-lactamase,cephalosporin,antibiotic inactivation
ARO:3008153,CTX-M beta-lactamase,cephalosporin,antibiotic inactivation
ARO:3008154,CTX-M beta-lactamase,cephalosporin,antibiotic inactivation
ARO:3008155,CTX-M beta-lactamase,cephalosporin,antibiotic inactivation
ARO:3008156,CTX-M beta-lactamase,cephalosporin,antibiotic inactivation
ARO:3008157,CTX-M beta-lactamase,cephalosporin,antibiotic inactivation
ARO:3008158,CTX-M beta-lactamase,cephalosporin,antibiotic inactivation
ARO:3001889,CTX-M beta-lactamase,carbapenem;cephalosporin;penicillin beta-lactam,antibiotic inactivation
ARO:3008159,CTX-M beta-lactamase,cephalosporin,antibiotic inactivation
ARO:3008160,CTX-M beta-lactamase,cephalosporin,antibiotic inactivation
ARO:3008161,CTX-M beta-lactamase,cephalosporin,antibiotic inactivation
ARO:3008162,CTX-M beta-lactamase,cephalosporin,antibiotic inactivation
ARO:3008163,CTX-M beta-lactamase,cephalosporin,antibiotic inactivation
ARO:3008164,CTX-M beta-lactamase,cephalosporin,antibiotic inactivation
ARO:3008165,CTX-M beta-lactamase,cephalosporin,antibiotic inactivation
ARO:3008166,CTX-M beta-lactamase,cephalosporin,antibiotic inactivation
ARO:3008167,CTX-M beta-lactamase,cephalosporin,antibiotic inactivation
ARO:3001890,CTX-M beta-lactamase,cephalosporin,antibiotic inactivation
ARO:3001891,CTX-M beta-lactamase,cephalosporin,antibiotic inactivation
ARO:3001866,CTX-M beta-lactamase,cephalosporin;penicillin beta-lactam,antibiotic inactivation
ARO:3001892,CTX-M beta-lactamase,cephalosporin,antibiotic inactivation
ARO:3001893,CTX-M beta-lactamase,cephalosporin,antibiotic inactivation
ARO:3001894,CTX-M beta-lactamase,cephalosporin,antibiotic inactivation
ARO:3001895,CTX-M beta-lactamase,cephalosporin,antibiotic inactivation
ARO:3001896,CTX-M beta-lactamase,cephalosporin,antibiotic inactivation
ARO:3001897,CTX-M beta-lactamase,cephalosporin,antibiotic inactivation
ARO:3001898,CTX-M beta-lactamase,cephalosporin,antibiotic inactivation
ARO:3001899,CTX-M beta-lactamase,cephalosporin,antibiotic inactivation
ARO:3001900,CTX-M beta-lactamase,cephalosporin,antibiotic inactivation
ARO:3001901,CTX-M beta-lactamase,cephalosporin,antibiotic inactivation
ARO:3001867,CTX-M beta-lactamase,cephalosporin,antibiotic inactivation
ARO:3001902,CTX-M beta-lactamase,cephalosporin,antibiotic inactivation
ARO:3001903,CTX-M beta-lactamase,cephalosporin,antibiotic inactivation
ARO:3001904,CTX-M beta-lactamase,cephalosporin,antibiotic inactivation
ARO:3001905,CTX-M beta-lactamase,cephalosporin,antibiotic inactivation
ARO:3001906,CTX-M beta-lactamase,cephalosporin,antibiotic inactivation
ARO:3001907,CTX-M beta-lactamase,cephalosporin,antibiotic inactivation
ARO:3001908,CTX-M beta-lactamase,cephalosporin,antibiotic inactivation
ARO:3001909,CTX-M beta-lactamase,cephalosporin,antibiotic inactivation
ARO:3001910,CTX-M beta-lactamase,cephalosporin,antibiotic inactivation
ARO:3001911,CTX-M beta-lactamase,cephalosporin,antibiotic inactivation
ARO:3001868,CTX-M beta-lactamase,cephalosporin,antibiotic inactivation
ARO:3001912,CTX-M beta-lactamase,cephalosporin,antibiotic inactivation
ARO:3001913,CTX-M beta-lactamase,cephalosporin,antibiotic inactivation
ARO:3001914,CTX-M beta-lactamase,cephalosporin,antibiotic inactivation
ARO:3001915,CTX-M beta-lactamase,cephalosporin,antibiotic inactivation
ARO:3001916,CTX-M beta-lactamase,cephalosporin,antibiotic inactivation
ARO:3001917,CTX-M beta-lactamase,cephalosporin,antibiotic inactivation
ARO:3001918,CTX-M beta-lactamase,cephalosporin,antibiotic inactivation
ARO:3001919,CTX-M beta-lactamase,cephalosporin,antibiotic inactivation
ARO:3001920,CTX-M beta-lactamase,cephalosporin,antibiotic inactivation
ARO:3001869,CTX-M beta-lactamase,cephalosporin,antibiotic inactivation
ARO:3001921,CTX-M beta-lactamase,cephalosporin,antibiotic inactivation
ARO:3001922,CTX-M beta-lactamase,cephalosporin,antibiotic inactivation
ARO:3001923,CTX-M beta-lactamase,cephalosporin,antibiotic inactivation
ARO:3001924,CTX-M beta-lactamase,cephalosporin,antibiotic inactivation
ARO:3001925,CTX-M beta-lactamase,cephalosporin,antibiotic inactivation
ARO:3001926,CTX-M beta-lactamase,cephalosporin,antibiotic inactivation
ARO:3001927,CTX-M beta-lactamase,cephalosporin,antibiotic inactivation
ARO:3001928,CTX-M beta-lactamase,cephalosporin,antibiotic inactivation
ARO:3001929,CTX-M beta-lactamase,cephalosporin,antibiotic inactivation
ARO:3001930,CTX-M beta-lactamase,cephalosporin,antibiotic inactivation
ARO:3001870,CTX-M beta-lactamase,cephalosporin,antibiotic inactivation
ARO:3001932,CTX-M beta-lactamase,cephalosporin,antibiotic inactivation
ARO:3001933,CTX-M beta-lactamase,cephalosporin,antibiotic inactivation
ARO:3001934,CTX-M beta-lactamase,cephalosporin,antibiotic inactivation
ARO:3001935,CTX-M beta-lactamase,cephalosporin,antibiotic inactivation
ARO:3001936,CTX-M beta-lactamase,cephalosporin,antibiotic inactivation
ARO:3001937,CTX-M beta-lactamase,cephalosporin,antibiotic inactivation
ARO:3001938,CTX-M beta-lactamase,cephalosporin,antibiotic inactivation
ARO:3001939,CTX-M beta-lactamase,cephalosporin,antibiotic inactivation
ARO:3001940,CTX-M beta-lactamase,cephalosporin,antibiotic inactivation
ARO:3001871,CTX-M beta-lactamase,cephalosporin,antibiotic inactivation
ARO:3001941,CTX-M beta-lactamase,cephalosporin,antibiotic inactivation
ARO:3001942,CTX-M beta-lactamase,cephalosporin,antibiotic inactivation
ARO:3001943,CTX-M beta-lactamase,cephalosporin,antibiotic inactivation
ARO:3001944,CTX-M beta-lactamase,cephalosporin,antibiotic inactivation
ARO:3001945,CTX-M beta-lactamase,cephalosporin,antibiotic inactivation
ARO:3002495,CTX-M beta-lactamase,cephalosporin,antibiotic inactivation
ARO:3001946,CTX-M beta-lactamase,cephalosporin,antibiotic inactivation
ARO:3001947,CTX-M beta-lactamase,cephalosporin,antibiotic inactivation
ARO:3001948,CTX-M beta-lactamase,cephalosporin,antibiotic inactivation
ARO:3001949,CTX-M beta-lactamase,cephalosporin,antibiotic inactivation
ARO:3001872,CTX-M beta-lactamase,cephalosporin,antibiotic inactivation
ARO:3001950,CTX-M beta-lactamase,cephalosporin,antibiotic inactivation
ARO:3001951,CTX-M beta-lactamase,cephalosporin,antibiotic inactivation
ARO:3001952,CTX-M beta-lactamase,cephalosporin,antibiotic inactivation
ARO:3001953,CTX-M beta-lactamase,cephalosporin,antibiotic inactivation
ARO:3001954,CTX-M beta-lactamase,cephalosporin,antibiotic inactivation
ARO:3001955,CTX-M beta-lactamase,cephalosporin,antibiotic inactivation
ARO:3001956,CTX-M beta-lactamase,cephalosporin,antibiotic inactivation
ARO:3005667,CTX-M beta-lactamase,cephalosporin,antibiotic inactivation
ARO:3001957,CTX-M beta-lactamase,cephalosporin,antibiotic inactivation
ARO:3001958,CTX-M beta-lactamase,cephalosporin,antibiotic inactivation
ARO:3003499,16S rRNA with mutation conferring resistance to tetracycline derivatives,aminoglycoside antibiotic;glycopeptide antibiotic;glycylcycline;nucleoside antibiotic;peptide antibiotic;tetracycline antibiotic,antibiotic target alteration
ARO:3003974,fluoroquinolone resistant gyrA,fluoroquinolone antibiotic;nybomycin-like antibiotic,antibiotic target alteration
ARO:3006924,CVI beta-lactamase,carbapenem,antibiotic inactivation
ARO:3003970,Van ligase,glycopeptide antibiotic,antibiotic target alteration
ARO:3004780,DES beta-lactamase,penicillin beta-lactam,antibiotic inactivation
ARO:3005354,trimethoprim resistant dihydrofolate reductase dfr,diaminopyrimidine antibiotic,antibiotic target replacement
ARO:3002854,trimethoprim resistant dihydrofolate reductase dfr,diaminopyrimidine antibiotic,antibiotic target replacement
ARO:3003011,trimethoprim resistant dihydrofolate reductase dfr,diaminopyrimidine antibiotic,antibiotic target replacement
ARO:3002858,trimethoprim resistant dihydrofolate reductase dfr,diaminopyrimidine antibiotic,antibiotic target replacement
ARO:3003012,trimethoprim resistant dihydrofolate reductase dfr,diaminopyrimidine antibiotic,antibiotic target replacement
ARO:3002859,trimethoprim resistant dihydrofolate reductase dfr,diaminopyrimidine antibiotic,antibiotic target replacement
ARO:3003013,trimethoprim resistant dihydrofolate reductase dfr,diaminopyrimidine antibiotic,antibiotic target replacement
ARO:3004640,trimethoprim resistant dihydrofolate reductase dfr,diaminopyrimidine antibiotic,antibiotic target replacement
ARO:3003014,trimethoprim resistant dihydrofolate reductase dfr,diaminopyrimidine antibiotic,antibiotic target replacement
ARO:3002860,trimethoprim resistant dihydrofolate reductase dfr,diaminopyrimidine antibiotic,antibiotic target replacement
ARO:3004568,trimethoprim resistant dihydrofolate reductase dfr,diaminopyrimidine antibiotic,antibiotic target replacement
ARO:3003015,trimethoprim resistant dihydrofolate reductase dfr,diaminopyrimidine antibiotic,antibiotic target replacement
ARO:3003016,trimethoprim resistant dihydrofolate reductase dfr,diaminopyrimidine antibiotic,antibiotic target replacement
ARO:3003017,trimethoprim resistant dihydrofolate reductase dfr,diaminopyrimidine antibiotic,antibiotic target replacement
ARO:3003018,trimethoprim resistant dihydrofolate reductase dfr,diaminopyrimidine antibiotic,antibiotic target replacement
ARO:3003019,trimethoprim resistant dihydrofolate reductase dfr,diaminopyrimidine antibiotic,antibiotic target replacement
ARO:3002856,trimethoprim resistant dihydrofolate reductase dfr,diaminopyrimidine antibiotic,antibiotic target replacement
ARO:3003020,trimethoprim resistant dihydrofolate reductase dfr,diaminopyrimidine antibiotic,antibiotic target replacement
ARO:3002857,trimethoprim resistant dihydrofolate reductase dfr,diaminopyrimidine antibiotic,antibiotic target replacement
ARO:3004550,trimethoprim resistant dihydrofolate reductase dfr,diaminopyrimidine antibiotic,antibiotic target replacement
ARO:3004551,trimethoprim resistant dihydrofolate reductase dfr,diaminopyrimidine antibiotic,antibiotic target replacement
ARO:3004554,trimethoprim resistant dihydrofolate reductase dfr,diaminopyrimidine antibiotic,antibiotic target replacement
ARO:3003105,trimethoprim resistant dihydrofolate reductase dfr,diaminopyrimidine antibiotic,antibiotic target replacement
ARO:3004552,trimethoprim resistant dihydrofolate reductase dfr,diaminopyrimidine antibiotic,antibiotic target replacement
ARO:3005084,trimethoprim resistant dihydrofolate reductase dfr,diaminopyrimidine antibiotic,antibiotic target replacement
ARO:3004555,trimethoprim resistant dihydrofolate reductase dfr,diaminopyrimidine antibiotic,antibiotic target replacement
ARO:3005346,trimethoprim resistant dihydrofolate reductase dfr,diaminopyrimidine antibiotic,antibiotic target replacement
ARO:3005164,trimethoprim resistant dihydrofolate reductase dfr,diaminopyrimidine antibiotic,antibiotic target replacement
ARO:3005348,trimethoprim resistant dihydrofolate reductase dfr,diaminopyrimidine antibiotic,antibiotic target replacement
ARO:3005347,trimethoprim resistant dihydrofolate reductase dfr,diaminopyrimidine antibiotic,antibiotic target replacement
ARO:3005349,trimethoprim resistant dihydrofolate reductase dfr,diaminopyrimidine antibiotic,antibiotic target replacement
ARO:3005351,trimethoprim resistant dihydrofolate reductase dfr,diaminopyrimidine antibiotic,antibiotic target replacement
ARO:3004642,trimethoprim resistant dihydrofolate reductase dfr,diaminopyrimidine antibiotic,antibiotic target replacement
ARO:3002861,trimethoprim resistant dihydrofolate reductase dfr,diaminopyrimidine antibiotic,antibiotic target replacement
ARO:3004547,trimethoprim resistant dihydrofolate reductase dfr,diaminopyrimidine antibiotic,antibiotic target replacement
ARO:3004644,trimethoprim resistant dihydrofolate reductase dfr,diaminopyrimidine antibiotic,antibiotic target replacement
ARO:3002862,trimethoprim resistant dihydrofolate reductase dfr,diaminopyrimidine antibiotic,antibiotic target replacement
ARO:3002863,trimethoprim resistant dihydrofolate reductase dfr,diaminopyrimidine antibiotic,antibiotic target replacement
ARO:3004548,trimethoprim resistant dihydrofolate reductase dfr,diaminopyrimidine antibiotic,antibiotic target replacement
ARO:3002864,trimethoprim resistant dihydrofolate reductase dfr,diaminopyrimidine antibiotic,antibiotic target replacement
ARO:3007489,trimethoprim resistant dihydrofolate reductase dfr,diaminopyrimidine antibiotic,antibiotic target replacement
ARO:3007490,trimethoprim resistant dihydrofolate reductase dfr,diaminopyrimidine antibiotic,antibiotic target replacement
ARO:3003021,trimethoprim resistant dihydrofolate reductase dfr,diaminopyrimidine antibiotic,antibiotic target replacement
ARO:3003022,trimethoprim resistant dihydrofolate reductase dfr,diaminopyrimidine antibiotic,antibiotic target replacement
ARO:3004498,trimethoprim resistant dihydrofolate reductase dfr,diaminopyrimidine antibiotic,antibiotic target replacement
ARO:3004549,trimethoprim resistant dihydrofolate reductase dfr,diaminopyrimidine antibiotic,antibiotic target replacement
ARO:3003023,trimethoprim resistant dihydrofolate reductase dfr,diaminopyrimidine antibiotic,antibiotic target replacement
ARO:3004556,trimethoprim resistant dihydrofolate reductase dfr,diaminopyrimidine antibiotic,antibiotic target replacement
ARO:3005350,trimethoprim resistant dihydrofolate reductase dfr,diaminopyrimidine antibiotic,antibiotic target replacement
ARO:3002865,trimethoprim resistant dihydrofolate reductase dfr,diaminopyrimidine antibiotic,antibiotic target replacement
ARO:3002866,trimethoprim resistant dihydrofolate reductase dfr,diaminopyrimidine antibiotic,antibiotic target replacement
ARO:3002875,trimethoprim resistant dihydrofolate reductase dfr,diaminopyrimidine antibiotic,antibiotic target replacement
ARO:3002867,trimethoprim resistant dihydrofolate reductase dfr,diaminopyrimidine antibiotic,antibiotic target replacement
ARO:3002868,trimethoprim resistant dihydrofolate reductase dfr,diaminopyrimidine antibiotic,antibiotic target replacement
ARO:3004645,trimethoprim resistant dihydrofolate reductase dfr,diaminopyrimidine antibiotic,antibiotic target replacement
ARO:3002869,trimethoprim resistant dihydrofolate reductase dfr,diaminopyrimidine antibiotic,antibiotic target replacement
ARO:3007456,trimethoprim resistant dihydrofolate reductase dfr,aminoglycoside antibiotic;diaminopyrimidine antibiotic;tetracycline antibiotic,antibiotic target replacement
ARO:3002132,DHA beta-lactamase,cephalosporin,antibiotic inactivation
ARO:3002141,DHA beta-lactamase,cephalosporin,antibiotic inactivation
ARO:3002143,DHA beta-lactamase,cephalosporin,antibiotic inactivation
ARO:3002144,DHA beta-lactamase,cephalosporin,antibiotic inactivation
ARO:3002145,DHA beta-lactamase,cephalosporin,antibiotic inactivation
ARO:3002146,DHA beta-lactamase,cephalosporin,antibiotic inactivation
ARO:3002147,DHA beta-lactamase,cephalosporin,antibiotic inactivation
ARO:3002148,DHA beta-lactamase,cephalosporin,antibiotic inactivation
ARO:3002149,DHA beta-lactamase,cephalosporin,antibiotic inactivation
ARO:3002150,DHA beta-lactamase,cephalosporin,antibiotic inactivation
ARO:3002133,DHA beta-lactamase,cephalosporin,antibiotic inactivation
ARO:3002151,DHA beta-lactamase,cephalosporin,antibiotic inactivation
ARO:3002152,DHA beta-lactamase,cephalosporin,antibiotic inactivation
ARO:3002153,DHA beta-lactamase,cephalosporin,antibiotic inactivation
ARO:3002154,DHA beta-lactamase,cephalosporin,antibiotic inactivation
ARO:3006465,DHA beta-lactamase,cephalosporin,antibiotic inactivation
ARO:3006466,DHA beta-lactamase,cephalosporin,antibiotic inactivation
ARO:3006467,DHA beta-lactamase,cephalosporin,antibiotic inactivation
ARO:3006468,DHA beta-lactamase,cephalosporin,antibiotic inactivation
ARO:3006469,DHA beta-lactamase,cephalosporin,antibiotic inactivation
ARO:3006470,DHA beta-lactamase,cephalosporin,antibiotic inactivation
ARO:3002134,DHA beta-lactamase,cephalosporin,antibiotic inactivation
ARO:3008168,DHA beta-lactamase,cephalosporin,antibiotic inactivation
ARO:3008169,DHA beta-lactamase,cephalosporin,antibiotic inactivation
ARO:3008170,DHA beta-lactamase,cephalosporin,antibiotic inactivation
ARO:3008171,DHA beta-lactamase,cephalosporin,antibiotic inactivation
ARO:3008172,DHA beta-lactamase,cephalosporin,antibiotic inactivation
ARO:3002137,DHA beta-lactamase,cephalosporin,antibiotic inactivation
ARO:3002138,DHA beta-lactamase,cephalosporin,antibiotic inactivation
ARO:3002135,DHA beta-lactamase,cephalosporin,antibiotic inactivation
ARO:3002136,DHA beta-lactamase,cephalosporin,antibiotic inactivation
ARO:3002140,DHA beta-lactamase,cephalosporin,antibiotic inactivation
ARO:3006872,DHT2 beta-lactamase,carbapenem,antibiotic inactivation
ARO:3000848,DIM beta-lactamase,carbapenem;cephalosporin,antibiotic inactivation
ARO:3000248,DnaA chromosomal replication initiation protein,rifamycin antibiotic,antibiotic target protection
ARO:3007861,DYB beta-lactamase,carbapenem;cephalosporin,antibiotic inactivation
ARO:3006873,EAM beta-lactamase,carbapenem,antibiotic inactivation
ARO:3003761,Miscellaneous ABC-F subfamily ATP-binding cassette ribosomal protection proteins,pleuromutilin antibiotic,antibiotic target protection
ARO:3000842,EBR beta-lactamase,carbapenem;cephalosporin;penicillin beta-lactam,antibiotic inactivation
ARO:3004463,EBR beta-lactamase,carbapenem;cephalosporin;penicillin beta-lactam,antibiotic inactivation
ARO:3005461,EBR beta-lactamase,carbapenem;cephalosporin;penicillin beta-lactam,antibiotic inactivation
ARO:3005462,EBR beta-lactamase,carbapenem;cephalosporin;penicillin beta-lactam,antibiotic inactivation
ARO:3007437,EBR beta-lactamase,carbapenem;cephalosporin;penicillin beta-lactam,antibiotic inactivation
ARO:3006874,EC beta-lactamase,cephalosporin,antibiotic inactivation
ARO:3006875,EC beta-lactamase,cephalosporin,antibiotic inactivation
ARO:3006876,EC beta-lactamase,cephalosporin,antibiotic inactivation
ARO:3006877,EC beta-lactamase,cephalosporin,antibiotic inactivation
ARO:3006878,EC beta-lactamase,cephalosporin,antibiotic inactivation
ARO:3006879,EC beta-lactamase,cephalosporin,antibiotic inactivation
ARO:3006880,EC beta-lactamase,cephalosporin,antibiotic inactivation
ARO:3006881,EC beta-lactamase,cephalosporin,antibiotic inactivation
ARO:3006882,ECM beta-lactamase,carbapenem,antibiotic inactivation
ARO:3006883,ECV beta-lactamase,carbapenem,antibiotic inactivation
ARO:3004063,Edeine acetyltransferase,peptide antibiotic;polyamine antibiotic,antibiotic inactivation
ARO:3006884,EFM beta-lactamase,carbapenem,antibiotic inactivation
ARO:3003954,major facilitator superfamily (MFS) antibiotic efflux pump,fluoroquinolone antibiotic;macrolide antibiotic,antibiotic efflux
ARO:3003955,major facilitator superfamily (MFS) antibiotic efflux pump,isoniazid-like antibiotic;rifamycin antibiotic,antibiotic efflux
ARO:3003948,ATP-binding cassette (ABC) antibiotic efflux pump,fluoroquinolone antibiotic;macrolide antibiotic;rifamycin antibiotic,antibiotic efflux
ARO:3003949,ATP-binding cassette (ABC) antibiotic efflux pump,fluoroquinolone antibiotic;macrolide antibiotic;rifamycin antibiotic,antibiotic efflux
ARO:3006885,ELM beta-lactamase,carbapenem,antibiotic inactivation
ARO:3003551,multidrug and toxic compound extrusion (MATE) transporter,disinfecting agents and antiseptics,antibiotic efflux
ARO:3000027,major facilitator superfamily (MFS) antibiotic efflux pump,fluoroquinolone antibiotic,antibiotic efflux
ARO:3000074,major facilitator superfamily (MFS) antibiotic efflux pump,fluoroquinolone antibiotic,antibiotic efflux
ARO:3000309,major facilitator superfamily (MFS) antibiotic efflux pump,disinfecting agents and antiseptics;phenicol antibiotic,antibiotic efflux
ARO:3000206,major facilitator superfamily (MFS) antibiotic efflux pump,tetracycline antibiotic,antibiotic efflux
ARO:3000516,major facilitator superfamily (MFS) antibiotic efflux pump,fluoroquinolone antibiotic,antibiotic efflux
ARO:3000254,major facilitator superfamily (MFS) antibiotic efflux pump,tetracycline antibiotic,antibiotic efflux
ARO:3004669,non-erm 23S ribosomal RNA methyltransferase (G748),lincosamide antibiotic;macrolide antibiotic;orthosomycin antibiotic,antibiotic target alteration
ARO:3003374,resistance-nodulation-cell division (RND) antibiotic efflux pump,cephalosporin;disinfecting agents and antiseptics;fluoroquinolone antibiotic;glycylcycline;penicillin beta-lactam;phenicol antibiotic;rifamycin antibiotic;tetracycline antibiotic,antibiotic efflux;antibiotic target alteration
ARO:3004042,resistance-nodulation-cell division (RND) antibiotic efflux pump,cephalosporin;disinfecting agents and antiseptics;fluoroquinolone antibiotic;glycylcycline;penicillin beta-lactam;phenicol antibiotic;rifamycin antibiotic;tetracycline antibiotic,antibiotic efflux
ARO:3004108,resistance-nodulation-cell division (RND) antibiotic efflux pump,cephalosporin;disinfecting agents and antiseptics;fluoroquinolone antibiotic;glycylcycline;macrolide antibiotic;penicillin beta-lactam;phenicol antibiotic;rifamycin antibiotic;tetracycline antibiotic,antibiotic efflux
ARO:3004458,chloramphenicol acetyltransferase (CAT),phenicol antibiotic,antibiotic inactivation
ARO:3003760,daptomycin resistant cls,peptide antibiotic,antibiotic target alteration
ARO:3003813,daptomycin resistant drmA,peptide antibiotic,antibiotic target alteration
ARO:3003800,daptomycin resistant gdpD,peptide antibiotic,antibiotic target alteration
ARO:3003805,daptomycin resistant gshF,peptide antibiotic,antibiotic target alteration
ARO:3003077,daptomycin resistant liaF,peptide antibiotic,antibiotic efflux;antibiotic target alteration
ARO:3003792,daptomycin resistant liaR,peptide antibiotic,antibiotic efflux;antibiotic target alteration
ARO:3003791,daptomycin resistant liaS,peptide antibiotic,antibiotic efflux;antibiotic target alteration
ARO:3003815,daptomycin resistant YvlB,peptide antibiotic,antibiotic target alteration
ARO:3003797,daptomycin resistant YybT,peptide antibiotic,antibiotic target alteration
ARO:3004456,chloramphenicol acetyltransferase (CAT),phenicol antibiotic,antibiotic inactivation
ARO:3003092,daptomycin resistant cls,peptide antibiotic,antibiotic target alteration
ARO:3003438,elfamycin resistant EF-Tu,elfamycin antibiotic,antibiotic target alteration
ARO:3003790,daptomycin resistant liaF,peptide antibiotic,antibiotic efflux;antibiotic target alteration
ARO:3003078,daptomycin resistant liaR,peptide antibiotic,antibiotic efflux;antibiotic target alteration
ARO:3003079,daptomycin resistant liaS,peptide antibiotic,antibiotic efflux;antibiotic target alteration
ARO:3003576,pmr phosphoethanolamine transferase,peptide antibiotic,antibiotic target alteration
ARO:3005047,pmr phosphoethanolamine transferase,peptide antibiotic,antibiotic target alteration
ARO:3000361,macrolide esterase,macrolide antibiotic,antibiotic inactivation
ARO:3002826,macrolide esterase,macrolide antibiotic,antibiotic inactivation
ARO:3000363,macrolide esterase,macrolide antibiotic,antibiotic inactivation
ARO:3004608,macrolide esterase,macrolide antibiotic,antibiotic inactivation
ARO:3001265,Erm 23S ribosomal RNA methyltransferase,lincosamide antibiotic;macrolide antibiotic;streptogramin antibiotic,antibiotic target alteration
ARO:3000598,Erm 23S ribosomal RNA methyltransferase,lincosamide antibiotic;macrolide antibiotic;streptogramin antibiotic,antibiotic target alteration
ARO:3004592,Erm 23S ribosomal RNA methyltransferase,lincosamide antibiotic;macrolide antibiotic;streptogramin antibiotic,antibiotic target alteration
ARO:3000599,Erm 23S ribosomal RNA methyltransferase,lincosamide antibiotic;macrolide antibiotic;streptogramin A antibiotic;streptogramin B antibiotic;streptogramin antibiotic,antibiotic target alteration
ARO:3000600,Erm 23S ribosomal RNA methyltransferase,lincosamide antibiotic;macrolide antibiotic;streptogramin A antibiotic;streptogramin B antibiotic;streptogramin antibiotic,antibiotic target alteration
ARO:3000604,Erm 23S ribosomal RNA methyltransferase,lincosamide antibiotic;macrolide antibiotic;streptogramin A antibiotic;streptogramin B antibiotic;streptogramin antibiotic,antibiotic target alteration
ARO:3000605,Erm 23S ribosomal RNA methyltransferase,lincosamide antibiotic;macrolide antibiotic;streptogramin A antibiotic;streptogramin B antibiotic;streptogramin antibiotic,antibiotic target alteration
ARO:3000392,Erm 23S ribosomal RNA methyltransferase,lincosamide antibiotic;macrolide antibiotic;streptogramin A antibiotic;streptogramin B antibiotic;streptogramin antibiotic,antibiotic target alteration
ARO:3000601,Erm 23S ribosomal RNA methyltransferase,lincosamide antibiotic;macrolide antibiotic;streptogramin A antibiotic;streptogramin B antibiotic;streptogramin antibiotic,antibiotic target alteration
ARO:3000602,Erm 23S ribosomal RNA methyltransferase,lincosamide antibiotic;macrolide antibiotic;streptogramin A antibiotic;streptogramin B antibiotic;streptogramin antibiotic,antibiotic target alteration
ARO:3004606,Erm 23S ribosomal RNA methyltransferase,lincosamide antibiotic;macrolide antibiotic;streptogramin antibiotic,antibiotic target alteration
ARO:3000603,Erm 23S ribosomal RNA methyltransferase,lincosamide antibiotic;macrolide antibiotic;streptogramin A antibiotic;streptogramin B antibiotic;streptogramin antibiotic,antibiotic target alteration
ARO:3003106,Erm 23S ribosomal RNA methyltransferase,lincosamide antibiotic;macrolide antibiotic;streptogramin antibiotic,antibiotic target alteration
ARO:3003205,Erm 23S ribosomal RNA methyltransferase,lincosamide antibiotic;macrolide antibiotic;streptogramin B antibiotic;streptogramin antibiotic,antibiotic target alteration
ARO:3003971,Erm 23S ribosomal RNA methyltransferase,lincosamide antibiotic;macrolide antibiotic;streptogramin antibiotic,antibiotic target alteration
ARO:3004595,Erm 23S ribosomal RNA methyltransferase,lincosamide antibiotic;macrolide antibiotic;streptogramin B antibiotic;streptogramin antibiotic,antibiotic target alteration
ARO:3004596,Erm 23S ribosomal RNA methyltransferase,lincosamide antibiotic;macrolide antibiotic;streptogramin antibiotic,antibiotic target alteration
ARO:3003908,Erm 23S ribosomal RNA methyltransferase,lincosamide antibiotic;macrolide antibiotic;streptogramin B antibiotic;streptogramin antibiotic,antibiotic target alteration
ARO:3004094,Erm 23S ribosomal RNA methyltransferase,lincosamide antibiotic;macrolide antibiotic;streptogramin B antibiotic;streptogramin antibiotic,antibiotic target alteration
ARO:3004626,Erm 23S ribosomal RNA methyltransferase,lincosamide antibiotic;macrolide antibiotic;streptogramin antibiotic,antibiotic target alteration
ARO:3007032,Erm 23S ribosomal RNA methyltransferase,lincosamide antibiotic;macrolide antibiotic;streptogramin antibiotic,antibiotic target alteration
ARO:3007033,Erm 23S ribosomal RNA methyltransferase,lincosamide antibiotic;macrolide antibiotic;streptogramin B antibiotic;streptogramin antibiotic,antibiotic target alteration
ARO:3007041,Erm 23S ribosomal RNA methyltransferase,lincosamide antibiotic;macrolide antibiotic;streptogramin antibiotic,antibiotic target alteration
ARO:3007654,Erm 23S ribosomal RNA methyltransferase,lincosamide antibiotic;macrolide antibiotic;streptogramin B antibiotic;streptogramin antibiotic,antibiotic target alteration
ARO:3000347,Erm 23S ribosomal RNA methyltransferase,lincosamide antibiotic;macrolide antibiotic;streptogramin A antibiotic;streptogramin B antibiotic;streptogramin antibiotic,antibiotic target alteration
ARO:3000375,Erm 23S ribosomal RNA methyltransferase,lincosamide antibiotic;macrolide antibiotic;streptogramin A antibiotic;streptogramin B antibiotic;streptogramin antibiotic,antibiotic target alteration
ARO:3000250,Erm 23S ribosomal RNA methyltransferase,lincosamide antibiotic;macrolide antibiotic;streptogramin A antibiotic;streptogramin B antibiotic;streptogramin antibiotic,antibiotic target alteration
ARO:3000495,Erm 23S ribosomal RNA methyltransferase,lincosamide antibiotic;macrolide antibiotic;streptogramin A antibiotic;streptogramin B antibiotic;streptogramin antibiotic,antibiotic target alteration
ARO:3000326,Erm 23S ribosomal RNA methyltransferase,lincosamide antibiotic;macrolide antibiotic;streptogramin A antibiotic;streptogramin B antibiotic;streptogramin antibiotic,antibiotic target alteration
ARO:3000498,Erm 23S ribosomal RNA methyltransferase,lincosamide antibiotic;macrolide antibiotic;streptogramin A antibiotic;streptogramin B antibiotic;streptogramin antibiotic,antibiotic target alteration
ARO:3000522,Erm 23S ribosomal RNA methyltransferase,lincosamide antibiotic;macrolide antibiotic;streptogramin A antibiotic;streptogramin B antibiotic;streptogramin antibiotic,antibiotic target alteration
ARO:3002823,Erm 23S ribosomal RNA methyltransferase,lincosamide antibiotic;macrolide antibiotic;streptogramin B antibiotic;streptogramin antibiotic,antibiotic target alteration
ARO:3004643,Erm 23S ribosomal RNA methyltransferase,lincosamide antibiotic;macrolide antibiotic;streptogramin antibiotic,antibiotic target alteration
ARO:3000592,Erm 23S ribosomal RNA methyltransferase,lincosamide antibiotic;macrolide antibiotic;streptogramin A antibiotic;streptogramin B antibiotic;streptogramin antibiotic,antibiotic target alteration
ARO:3004652,Erm 23S ribosomal RNA methyltransferase,lincosamide antibiotic;macrolide antibiotic;streptogramin antibiotic,antibiotic target alteration
ARO:3001303,Erm 23S ribosomal RNA methyltransferase,lincosamide antibiotic;macrolide antibiotic;streptogramin antibiotic,antibiotic target alteration
ARO:3000593,Erm 23S ribosomal RNA methyltransferase,lincosamide antibiotic;macrolide antibiotic;streptogramin A antibiotic;streptogramin B antibiotic;streptogramin antibiotic,antibiotic target alteration
ARO:3000594,Erm 23S ribosomal RNA methyltransferase,lincosamide antibiotic;macrolide antibiotic;streptogramin A antibiotic;streptogramin B antibiotic;streptogramin antibiotic,antibiotic target alteration
ARO:3001304,Erm 23S ribosomal RNA methyltransferase,lincosamide antibiotic;macrolide antibiotic;streptogramin B antibiotic;streptogramin antibiotic,antibiotic target alteration
ARO:3000595,Erm 23S ribosomal RNA methyltransferase,lincosamide antibiotic;macrolide antibiotic;streptogramin A antibiotic;streptogramin B antibiotic;streptogramin antibiotic,antibiotic target alteration
ARO:3001305,Erm 23S ribosomal RNA methyltransferase,lincosamide antibiotic;macrolide antibiotic;streptogramin antibiotic,antibiotic target alteration
ARO:3002824,Erm 23S ribosomal RNA methyltransferase,lincosamide antibiotic;macrolide antibiotic;streptogramin antibiotic,antibiotic target alteration
ARO:3001306,Erm 23S ribosomal RNA methyltransferase,lincosamide antibiotic;macrolide antibiotic;streptogramin antibiotic,antibiotic target alteration
ARO:3000596,Erm 23S ribosomal RNA methyltransferase,lincosamide antibiotic;macrolide antibiotic;streptogramin A antibiotic;streptogramin B antibiotic;streptogramin antibiotic,antibiotic target alteration
ARO:3002825,Erm 23S ribosomal RNA methyltransferase,lincosamide antibiotic;macrolide antibiotic;streptogramin antibiotic,antibiotic target alteration
ARO:3004605,Erm 23S ribosomal RNA methyltransferase,lincosamide antibiotic;macrolide antibiotic;streptogramin antibiotic,antibiotic target alteration
ARO:3004782,ERP beta-lactamase,penicillin beta-lactam,antibiotic inactivation
ARO:3007544,fluoroquinolone resistant gyrA,fluoroquinolone antibiotic;nybomycin-like antibiotic,antibiotic target alteration
ARO:3003223,16s rRNA with mutation conferring resistance to peptide antibiotics,aminoglycoside antibiotic;glycopeptide antibiotic;glycylcycline;nucleoside antibiotic;peptide antibiotic;tetracycline antibiotic,antibiotic target alteration
ARO:3003377,16s rRNA with mutation conferring resistance to aminoglycoside antibiotics,aminoglycoside antibiotic;glycopeptide antibiotic;glycylcycline;nucleoside antibiotic;peptide antibiotic;tetracycline antibiotic,antibiotic target alteration
ARO:3003406,16s rRNA with mutation conferring resistance to aminoglycoside antibiotics,aminoglycoside antibiotic;glycopeptide antibiotic;glycylcycline;nucleoside antibiotic;peptide antibiotic;tetracycline antibiotic,antibiotic target alteration
ARO:3003411,16S rRNA with mutation conferring resistance to tetracycline derivatives,aminoglycoside antibiotic;glycopeptide antibiotic;glycylcycline;nucleoside antibiotic;peptide antibiotic;tetracycline antibiotic,antibiotic target alteration
ARO:3003397,16s rRNA with mutation conferring resistance to aminoglycoside antibiotics,aminoglycoside antibiotic;glycopeptide antibiotic;glycylcycline;nucleoside antibiotic;peptide antibiotic;tetracycline antibiotic,antibiotic target alteration
ARO:3003396,16s rRNA with mutation conferring resistance to aminoglycoside antibiotics,aminoglycoside antibiotic;glycopeptide antibiotic;glycylcycline;nucleoside antibiotic;peptide antibiotic;tetracycline antibiotic,antibiotic target alteration
ARO:3003399,16s rRNA with mutation conferring resistance to aminoglycoside antibiotics,aminoglycoside antibiotic;glycopeptide antibiotic;glycylcycline;nucleoside antibiotic;peptide antibiotic;tetracycline antibiotic,antibiotic target alteration
ARO:3003402,16s rRNA with mutation conferring resistance to aminoglycoside antibiotics,aminoglycoside antibiotic;glycopeptide antibiotic;glycylcycline;nucleoside antibiotic;peptide antibiotic;tetracycline antibiotic,antibiotic target alteration
ARO:3003403,16s rRNA with mutation conferring resistance to aminoglycoside antibiotics,aminoglycoside antibiotic;glycopeptide antibiotic;glycylcycline;nucleoside antibiotic;peptide antibiotic;tetracycline antibiotic,antibiotic target alteration
ARO:3003376,16s rRNA with mutation conferring resistance to aminoglycoside antibiotics,aminoglycoside antibiotic;glycopeptide antibiotic;glycylcycline;nucleoside antibiotic;peptide antibiotic;tetracycline antibiotic,antibiotic target alteration
ARO:3003405,16s rRNA with mutation conferring resistance to aminoglycoside antibiotics,aminoglycoside antibiotic;glycopeptide antibiotic;glycylcycline;nucleoside antibiotic;peptide antibiotic;tetracycline antibiotic,antibiotic target alteration
ARO:3003410,16S rRNA with mutation conferring resistance to tetracycline derivatives,aminoglycoside antibiotic;glycopeptide antibiotic;glycylcycline;nucleoside antibiotic;peptide antibiotic;tetracycline antibiotic,antibiotic target alteration
ARO:3003408,16s rRNA with mutation conferring resistance to aminoglycoside antibiotics,aminoglycoside antibiotic;glycopeptide antibiotic;glycylcycline;nucleoside antibiotic;peptide antibiotic;tetracycline antibiotic,antibiotic target alteration
ARO:3003333,16s rRNA with mutation conferring resistance to aminoglycoside antibiotics,aminoglycoside antibiotic;glycopeptide antibiotic;glycylcycline;nucleoside antibiotic;peptide antibiotic;tetracycline antibiotic,antibiotic target alteration
ARO:3003372,16s rRNA with mutation conferring resistance to aminoglycoside antibiotics,aminoglycoside antibiotic;glycopeptide antibiotic;glycylcycline;nucleoside antibiotic;peptide antibiotic;tetracycline antibiotic,antibiotic target alteration
ARO:3004150,23S rRNA with mutation conferring resistance to phenicol antibiotics,glycopeptide antibiotic;lincosamide antibiotic;macrolide antibiotic;phenicol antibiotic;pleuromutilin antibiotic;streptogramin A antibiotic;streptogramin B antibiotic;streptogramin antibiotic,antibiotic target alteration
ARO:3004160,23S rRNA with mutation conferring resistance to macrolide antibiotics,glycopeptide antibiotic;lincosamide antibiotic;macrolide antibiotic;phenicol antibiotic;pleuromutilin antibiotic;streptogramin A antibiotic;streptogramin B antibiotic;streptogramin antibiotic,antibiotic target alteration
ARO:3004149,23S rRNA with mutation conferring resistance to lincosamide antibiotics,glycopeptide antibiotic;lincosamide antibiotic;macrolide antibiotic;phenicol antibiotic;pleuromutilin antibiotic;streptogramin A antibiotic;streptogramin B antibiotic;streptogramin antibiotic,antibiotic target alteration
ARO:3004131,23S rRNA with mutation conferring resistance to macrolide antibiotics,glycopeptide antibiotic;lincosamide antibiotic;macrolide antibiotic;phenicol antibiotic;pleuromutilin antibiotic;streptogramin A antibiotic;streptogramin B antibiotic;streptogramin antibiotic,antibiotic target alteration
ARO:3004173,23S rRNA with mutation conferring resistance to oxazolidinone antibiotics,glycopeptide antibiotic;lincosamide antibiotic;macrolide antibiotic;oxazolidinone antibiotic;phenicol antibiotic;pleuromutilin antibiotic;streptogramin A antibiotic;streptogramin B antibiotic;streptogramin antibiotic,antibiotic target alteration
ARO:3004043,resistance-nodulation-cell division (RND) antibiotic efflux pump,cephalosporin;disinfecting agents and antiseptics;fluoroquinolone antibiotic;glycylcycline;penicillin beta-lactam;phenicol antibiotic;rifamycin antibiotic;tetracycline antibiotic,antibiotic efflux
ARO:3003807,resistance-nodulation-cell division (RND) antibiotic efflux pump,cephalosporin;disinfecting agents and antiseptics;fluoroquinolone antibiotic;glycylcycline;penicillin beta-lactam;phenicol antibiotic;rifamycin antibiotic;tetracycline antibiotic,antibiotic efflux;antibiotic target alteration
ARO:3003378,resistance-nodulation-cell division (RND) antibiotic efflux pump,cephalosporin;disinfecting agents and antiseptics;fluoroquinolone antibiotic;glycylcycline;penicillin beta-lactam;phenicol antibiotic;rifamycin antibiotic;tetracycline antibiotic,antibiotic efflux;antibiotic target alteration
ARO:3004290,ampC-type beta-lactamase,cephalosporin;penicillin beta-lactam,antibiotic inactivation
ARO:3004055,resistance-nodulation-cell division (RND) antibiotic efflux pump,aminocoumarin antibiotic;aminoglycoside antibiotic;carbapenem;cephalosporin;diaminopyrimidine antibiotic;fluoroquinolone antibiotic;macrolide antibiotic;monobactam;penicillin beta-lactam;peptide antibiotic;phenicol antibiotic;sulfonamide antibiotic;tetracycline antibiotic,antibiotic efflux
ARO:3003900,antibiotic-resistant cya adenylate cyclase,phosphonic acid antibiotic,antibiotic target alteration
ARO:3003900,antibiotic-resistant cya adenylate cyclase,phosphonic acid antibiotic,antibiotic target alteration
ARO:3003370,elfamycin resistant EF-Tu,elfamycin antibiotic,antibiotic target alteration
ARO:3003368,elfamycin resistant EF-Tu,elfamycin antibiotic,antibiotic target alteration
ARO:3003369,elfamycin resistant EF-Tu,elfamycin antibiotic,antibiotic target alteration
ARO:3004039,small multidrug resistance (SMR) antibiotic efflux pump,macrolide antibiotic,antibiotic efflux
ARO:3004049,antibiotic resistant fabG,disinfecting agents and antiseptics,antibiotic target alteration
ARO:3004045,antibiotic resistant fabI,disinfecting agents and antiseptics;isoniazid-like antibiotic,antibiotic target alteration
ARO:3003386,sulfonamide resistant dihydropteroate synthase folP,sulfonamide antibiotic;sulfone antibiotic,antibiotic target alteration
ARO:3003889,antibiotic-resistant GlpT,phosphonic acid antibiotic,antibiotic target alteration
ARO:3003294,fluoroquinolone resistant gyrA,fluoroquinolone antibiotic;nybomycin-like antibiotic,antibiotic target alteration
ARO:3004335,triclosan resistant gyrA,disinfecting agents and antiseptics,antibiotic target alteration
ARO:3003303,aminocoumarin resistant gyrB,aminocoumarin antibiotic,antibiotic target alteration
ARO:3004126,Sugar Porin (SP),fluoroquinolone antibiotic;tetracycline antibiotic,reduced permeability to antibiotic;resistance by absence
ARO:3001328,major facilitator superfamily (MFS) antibiotic efflux pump,disinfecting agents and antiseptics;phenicol antibiotic;tetracycline antibiotic,antibiotic efflux
ARO:3004127,MipA-interacting Protein,aminoglycoside antibiotic;fluoroquinolone antibiotic,reduced permeability to antibiotic;resistance by absence
ARO:3003775,antibiotic-resistant murA transferase,phosphonic acid antibiotic,antibiotic target alteration
ARO:3003751,antibiotic resistant nfsA,nitrofuran antibiotic,antibiotic target alteration
ARO:3003756,Antibiotic resistant nfsB,nitrofuran antibiotic,antibiotic target alteration
ARO:3003390,General Bacterial Porin with reduced permeability to beta-lactams,carbapenem;cephalosporin;monobactam;penicillin beta-lactam,reduced permeability to antibiotic
ARO:3003308,fluoroquinolone resistant parC,fluoroquinolone antibiotic,antibiotic target alteration
ARO:3003316,fluoroquinolone resistant parE,fluoroquinolone antibiotic,antibiotic target alteration
ARO:3007423,Penicillin-binding protein mutations conferring resistance to beta-lactam antibiotics,carbapenem;cephalosporin;monobactam;penicillin beta-lactam,antibiotic target alteration
ARO:3003899,antibiotic-resistant ptsI phosphotransferase,phosphonic acid antibiotic,antibiotic target alteration
ARO:3004109,resistance-nodulation-cell division (RND) antibiotic efflux pump,cephalosporin;disinfecting agents and antiseptics;fluoroquinolone antibiotic;glycylcycline;penicillin beta-lactam;phenicol antibiotic;rifamycin antibiotic;tetracycline antibiotic,antibiotic efflux
ARO:3003288,rifamycin-resistant beta-subunit of RNA polymerase (rpoB),peptide antibiotic;rifamycin antibiotic,antibiotic target alteration;antibiotic target replacement
ARO:3003381,ATP-binding cassette (ABC) antibiotic efflux pump;major facilitator superfamily (MFS) antibiotic efflux pump;resistance-nodulation-cell division (RND) antibiotic efflux pump,cephalosporin;disinfecting agents and antiseptics;fluoroquinolone antibiotic;glycylcycline;penicillin beta-lactam;phenicol antibiotic;rifamycin antibiotic;tetracycline antibiotic,antibiotic efflux;antibiotic target alteration
ARO:3003511,ATP-binding cassette (ABC) antibiotic efflux pump;General Bacterial Porin with reduced permeability to beta-lactams;major facilitator superfamily (MFS) antibiotic efflux pump;resistance-nodulation-cell division (RND) antibiotic efflux pump,carbapenem;cephalosporin;disinfecting agents and antiseptics;fluoroquinolone antibiotic;glycylcycline;monobactam;penicillin beta-lactam;phenicol antibiotic;rifamycin antibiotic;tetracycline antibiotic,antibiotic efflux;antibiotic target alteration;reduced permeability to antibiotic
ARO:3003893,antibiotic-resistant UhpT,phosphonic acid antibiotic,antibiotic target alteration
ARO:3003893,antibiotic-resistant UhpT,phosphonic acid antibiotic,antibiotic target alteration
ARO:3003890,antibiotic-resistant UhpT,phosphonic acid antibiotic,antibiotic target alteration
ARO:3003717,ESP beta-lactamase,carbapenem,antibiotic inactivation
ARO:3007459,macrolide esterase,macrolide antibiotic,antibiotic inactivation
ARO:3000832,major facilitator superfamily (MFS) antibiotic efflux pump;resistance-nodulation-cell division (RND) antibiotic efflux pump,fluoroquinolone antibiotic;macrolide antibiotic;penicillin beta-lactam;tetracycline antibiotic,antibiotic efflux
ARO:3000833,major facilitator superfamily (MFS) antibiotic efflux pump;resistance-nodulation-cell division (RND) antibiotic efflux pump,fluoroquinolone antibiotic;macrolide antibiotic;penicillin beta-lactam;tetracycline antibiotic,antibiotic efflux
ARO:3006886,EVM beta-lactamase,carbapenem,antibiotic inactivation
ARO:3003564,EXO beta-lactamase,penicillin beta-lactam,antibiotic inactivation
ARO:3001313,major facilitator superfamily (MFS) antibiotic efflux pump,elfamycin antibiotic,antibiotic efflux
ARO:3004784,FAR beta-lactamase,penicillin beta-lactam,antibiotic inactivation
ARO:3003961,major facilitator superfamily (MFS) antibiotic efflux pump,antibacterial free fatty acids,antibiotic efflux
ARO:3003962,major facilitator superfamily (MFS) antibiotic efflux pump,antibacterial free fatty acids,antibiotic efflux
ARO:3002704,major facilitator superfamily (MFS) antibiotic efflux pump,phenicol antibiotic,antibiotic efflux
ARO:3007019,major facilitator superfamily (MFS) antibiotic efflux pump,phenicol antibiotic,antibiotic efflux
ARO:3000606,FEZ beta-lactamase,carbapenem;cephalosporin;penicillin beta-lactam,antibiotic inactivation
ARO:3006887,FIA beta-lactamase,carbapenem,antibiotic inactivation
ARO:3004786,FIM beta-lactamase,carbapenem;cephalosporin,antibiotic inactivation
ARO:3005033,FRI beta-lactamase,penicillin beta-lactam,antibiotic inactivation
ARO:3002705,major facilitator superfamily (MFS) antibiotic efflux pump,phenicol antibiotic,antibiotic efflux
ARO:3000423,Fom phosphotransferase family,phosphonic acid antibiotic,antibiotic inactivation
ARO:3000449,Fom phosphotransferase family,phosphonic acid antibiotic,antibiotic inactivation
ARO:3004788,FONA beta-lactamase,penicillin beta-lactam,antibiotic inactivation
ARO:3008173,FONA beta-lactamase,penicillin beta-lactam,antibiotic inactivation
ARO:3008174,FONA beta-lactamase,penicillin beta-lactam,antibiotic inactivation
ARO:3008175,FONA beta-lactamase,penicillin beta-lactam,antibiotic inactivation
ARO:3008176,FONA beta-lactamase,penicillin beta-lactam,antibiotic inactivation
ARO:3004789,FONA beta-lactamase,penicillin beta-lactam,antibiotic inactivation
ARO:3004790,FONA beta-lactamase,penicillin beta-lactam,antibiotic inactivation
ARO:3004791,FONA beta-lactamase,penicillin beta-lactam,antibiotic inactivation
ARO:3004792,FONA beta-lactamase,penicillin beta-lactam,antibiotic inactivation
ARO:3004793,FONA beta-lactamase,penicillin beta-lactam,antibiotic inactivation
ARO:3008177,FONA beta-lactamase,penicillin beta-lactam,antibiotic inactivation
ARO:3008178,FONA beta-lactamase,penicillin beta-lactam,antibiotic inactivation
ARO:3008179,FONA beta-lactamase,penicillin beta-lactam,antibiotic inactivation
ARO:3000149,fosfomycin thiol transferase,phosphonic acid antibiotic,antibiotic inactivation
ARO:3002804,fosfomycin thiol transferase,phosphonic acid antibiotic,antibiotic inactivation
ARO:3002872,fosfomycin thiol transferase,phosphonic acid antibiotic,antibiotic inactivation
ARO:3003210,fosfomycin thiol transferase,phosphonic acid antibiotic,antibiotic inactivation
ARO:3003209,fosfomycin thiol transferase,aminoglycoside antibiotic;fluoroquinolone antibiotic;phosphonic acid antibiotic,antibiotic inactivation
ARO:3004111,fosfomycin thiol transferase,phosphonic acid antibiotic,antibiotic inactivation
ARO:3004113,fosfomycin thiol transferase,phosphonic acid antibiotic,antibiotic inactivation
ARO:3005162,fosfomycin thiol transferase,phosphonic acid antibiotic,antibiotic inactivation
ARO:3007371,fosfomycin thiol transferase,phosphonic acid antibiotic,antibiotic inactivation
ARO:3000172,fosfomycin thiol transferase,phosphonic acid antibiotic,antibiotic inactivation
ARO:3004670,fosfomycin thiol transferase,phosphonic acid antibiotic,antibiotic inactivation
ARO:3005100,fosfomycin thiol transferase,phosphonic acid antibiotic,antibiotic inactivation
ARO:3002873,fosfomycin thiol transferase,phosphonic acid antibiotic,antibiotic inactivation
ARO:3004671,fosfomycin thiol transferase,phosphonic acid antibiotic,antibiotic inactivation
ARO:3004672,fosfomycin thiol transferase,phosphonic acid antibiotic,antibiotic inactivation
ARO:3004673,fosfomycin thiol transferase,phosphonic acid antibiotic,antibiotic inactivation
ARO:3007372,fosfomycin thiol transferase,phosphonic acid antibiotic,antibiotic inactivation
ARO:3000380,fosC phosphotransferase family,phosphonic acid antibiotic,antibiotic inactivation
ARO:3002874,fosC phosphotransferase family,phosphonic acid antibiotic,antibiotic inactivation
ARO:3004674,fosfomycin thiol transferase,phosphonic acid antibiotic,antibiotic inactivation
ARO:3007368,fosfomycin thiol transferase,phosphonic acid antibiotic,antibiotic inactivation
ARO:3007369,fosfomycin thiol transferase,phosphonic acid antibiotic,antibiotic inactivation
ARO:3007370,fosfomycin thiol transferase,phosphonic acid antibiotic,antibiotic inactivation
ARO:3003207,fosfomycin thiol transferase,phosphonic acid antibiotic,antibiotic inactivation
ARO:3005024,fosfomycin thiol transferase,phosphonic acid antibiotic,antibiotic inactivation
ARO:3007097,fosfomycin thiol transferase,phosphonic acid antibiotic,antibiotic inactivation
ARO:3007098,fosfomycin thiol transferase,phosphonic acid antibiotic,antibiotic inactivation
ARO:3007099,fosfomycin thiol transferase,phosphonic acid antibiotic,antibiotic inactivation
ARO:3000198,fosfomycin thiol transferase,phosphonic acid antibiotic,antibiotic inactivation
ARO:3003208,fosfomycin thiol transferase,phosphonic acid antibiotic,antibiotic inactivation
ARO:3007069,fosfomycin thiol transferase,phosphonic acid antibiotic,antibiotic inactivation
ARO:3002155,FOX beta-lactamase,cephalosporin,antibiotic inactivation
ARO:3002162,FOX beta-lactamase,cephalosporin,antibiotic inactivation
ARO:3002165,FOX beta-lactamase,cephalosporin,antibiotic inactivation
ARO:3006471,FOX beta-lactamase,cephalosporin,antibiotic inactivation
ARO:3006472,FOX beta-lactamase,cephalosporin,antibiotic inactivation
ARO:3006473,FOX beta-lactamase,cephalosporin,antibiotic inactivation
ARO:3006474,FOX beta-lactamase,cephalosporin,antibiotic inactivation
ARO:3006475,FOX beta-lactamase,cephalosporin,antibiotic inactivation
ARO:3008180,FOX beta-lactamase,cephalosporin,antibiotic inactivation
ARO:3008181,FOX beta-lactamase,cephalosporin,antibiotic inactivation
ARO:3002156,FOX beta-lactamase,cephalosporin,antibiotic inactivation
ARO:3008182,FOX beta-lactamase,cephalosporin,antibiotic inactivation
ARO:3008183,FOX beta-lactamase,cephalosporin,antibiotic inactivation
ARO:3002157,FOX beta-lactamase,cephalosporin,antibiotic inactivation
ARO:3002158,FOX beta-lactamase,cephalosporin,antibiotic inactivation
ARO:3002159,FOX beta-lactamase,cephalosporin,antibiotic inactivation
ARO:3002160,FOX beta-lactamase,cephalosporin,antibiotic inactivation
ARO:3002161,FOX beta-lactamase,cephalosporin,antibiotic inactivation
ARO:3002163,FOX beta-lactamase,cephalosporin,antibiotic inactivation
ARO:3004795,FPH beta-lactamase,penicillin beta-lactam,antibiotic inactivation
ARO:3004797,FRI beta-lactamase,penicillin beta-lactam,antibiotic inactivation
ARO:3006227,FRI beta-lactamase,penicillin beta-lactam,antibiotic inactivation
ARO:3007632,FRI beta-lactamase,carbapenem;penicillin beta-lactam,antibiotic inactivation
ARO:3008184,FRI beta-lactamase,penicillin beta-lactam,antibiotic inactivation
ARO:3004798,FRI beta-lactamase,penicillin beta-lactam,antibiotic inactivation
ARO:3004799,FRI beta-lactamase,penicillin beta-lactam,antibiotic inactivation
ARO:3005027,FRI beta-lactamase,penicillin beta-lactam,antibiotic inactivation
ARO:3005028,FRI beta-lactamase,penicillin beta-lactam,antibiotic inactivation
ARO:3005029,FRI beta-lactamase,penicillin beta-lactam,antibiotic inactivation
ARO:3005030,FRI beta-lactamase,penicillin beta-lactam,antibiotic inactivation
ARO:3005031,FRI beta-lactamase,penicillin beta-lactam,antibiotic inactivation
ARO:3005032,FRI beta-lactamase,penicillin beta-lactam,antibiotic inactivation
ARO:3004801,FTU beta-lactamase,penicillin beta-lactam,antibiotic inactivation
ARO:3003552,Target protecting FusB-type protein conferring resistance to Fusidic acid,fusidane antibiotic,antibiotic target protection
ARO:3003733,Target protecting FusB-type protein conferring resistance to Fusidic acid,fusidane antibiotic,antibiotic target protection
ARO:3003731,Target protecting FusB-type protein conferring resistance to Fusidic acid,fusidane antibiotic,antibiotic target protection
ARO:3004663,Target protecting FusB-type protein conferring resistance to Fusidic acid,fusidane antibiotic,antibiotic target protection
ARO:3003026,fusidic acid inactivation enzyme,fusidane antibiotic,antibiotic inactivation
ARO:3003838,resistance-nodulation-cell division (RND) antibiotic efflux pump,fluoroquinolone antibiotic;macrolide antibiotic;penicillin beta-lactam,antibiotic efflux
ARO:3000508,resistance-nodulation-cell division (RND) antibiotic efflux pump,fluoroquinolone antibiotic;macrolide antibiotic;penicillin beta-lactam,antibiotic efflux
ARO:3002330,GES beta-lactamase,carbapenem;cephalosporin;penicillin beta-lactam,antibiotic inactivation
ARO:3002339,GES beta-lactamase,carbapenem;cephalosporin;penicillin beta-lactam,antibiotic inactivation
ARO:3002340,GES beta-lactamase,carbapenem;cephalosporin;penicillin beta-lactam,antibiotic inactivation
ARO:3002341,GES beta-lactamase,carbapenem;cephalosporin;penicillin beta-lactam,antibiotic inactivation
ARO:3002342,GES beta-lactamase,carbapenem;cephalosporin;penicillin beta-lactam,antibiotic inactivation
ARO:3002343,GES beta-lactamase,carbapenem;cephalosporin;penicillin beta-lactam,antibiotic inactivation
ARO:3002344,GES beta-lactamase,carbapenem;cephalosporin;penicillin beta-lactam,antibiotic inactivation
ARO:3002345,GES beta-lactamase,carbapenem;cephalosporin;penicillin beta-lactam,antibiotic inactivation
ARO:3002346,GES beta-lactamase,carbapenem;cephalosporin;penicillin beta-lactam,antibiotic inactivation
ARO:3002347,GES beta-lactamase,carbapenem;cephalosporin;penicillin beta-lactam,antibiotic inactivation
ARO:3002348,GES beta-lactamase,carbapenem;cephalosporin;penicillin beta-lactam,antibiotic inactivation
ARO:3002331,GES beta-lactamase,carbapenem;cephalosporin;penicillin beta-lactam,antibiotic inactivation
ARO:3002349,GES beta-lactamase,carbapenem;cephalosporin;penicillin beta-lactam,antibiotic inactivation
ARO:3002350,GES beta-lactamase,carbapenem;cephalosporin;penicillin beta-lactam,antibiotic inactivation
ARO:3002351,GES beta-lactamase,carbapenem;cephalosporin;penicillin beta-lactam,antibiotic inactivation
ARO:3002352,GES beta-lactamase,carbapenem;cephalosporin;penicillin beta-lactam,antibiotic inactivation
ARO:3002353,GES beta-lactamase,carbapenem;cephalosporin;penicillin beta-lactam,antibiotic inactivation
ARO:3003185,GES beta-lactamase,carbapenem;cephalosporin;penicillin beta-lactam,antibiotic inactivation
ARO:3003181,GES beta-lactamase,carbapenem;cephalosporin;penicillin beta-lactam,antibiotic inactivation
ARO:3006156,GES beta-lactamase,carbapenem;cephalosporin;penicillin beta-lactam,antibiotic inactivation
ARO:3006157,GES beta-lactamase,carbapenem;cephalosporin;penicillin beta-lactam,antibiotic inactivation
ARO:3006158,GES beta-lactamase,carbapenem;cephalosporin;penicillin beta-lactam,antibiotic inactivation
ARO:3002332,GES beta-lactamase,carbapenem;cephalosporin;penicillin beta-lactam,antibiotic inactivation
ARO:3006159,GES beta-lactamase,carbapenem;cephalosporin;penicillin beta-lactam,antibiotic inactivation
ARO:3006160,GES beta-lactamase,carbapenem;cephalosporin;penicillin beta-lactam,antibiotic inactivation
ARO:3006161,GES beta-lactamase,carbapenem;cephalosporin;penicillin beta-lactam,antibiotic inactivation
ARO:3006162,GES beta-lactamase,carbapenem;cephalosporin;penicillin beta-lactam,antibiotic inactivation
ARO:3006163,GES beta-lactamase,carbapenem;cephalosporin;penicillin beta-lactam,antibiotic inactivation
ARO:3006164,GES beta-lactamase,carbapenem;cephalosporin;penicillin beta-lactam,antibiotic inactivation
ARO:3006165,GES beta-lactamase,carbapenem;cephalosporin;penicillin beta-lactam,antibiotic inactivation
ARO:3006166,GES beta-lactamase,carbapenem;cephalosporin;penicillin beta-lactam,antibiotic inactivation
ARO:3006167,GES beta-lactamase,carbapenem;cephalosporin;penicillin beta-lactam,antibiotic inactivation
ARO:3006168,GES beta-lactamase,carbapenem;cephalosporin;penicillin beta-lactam,antibiotic inactivation
ARO:3002333,GES beta-lactamase,carbapenem;cephalosporin;penicillin beta-lactam,antibiotic inactivation
ARO:3006169,GES beta-lactamase,carbapenem;cephalosporin;penicillin beta-lactam,antibiotic inactivation
ARO:3006170,GES beta-lactamase,carbapenem;cephalosporin;penicillin beta-lactam,antibiotic inactivation
ARO:3006171,GES beta-lactamase,carbapenem;cephalosporin;penicillin beta-lactam,antibiotic inactivation
ARO:3006172,GES beta-lactamase,carbapenem;cephalosporin;penicillin beta-lactam,antibiotic inactivation
ARO:3006173,GES beta-lactamase,carbapenem;cephalosporin;penicillin beta-lactam,antibiotic inactivation
ARO:3006174,GES beta-lactamase,carbapenem;cephalosporin;penicillin beta-lactam,antibiotic inactivation
ARO:3006175,GES beta-lactamase,carbapenem;cephalosporin;penicillin beta-lactam,antibiotic inactivation
ARO:3007825,GES beta-lactamase,carbapenem;cephalosporin;penicillin beta-lactam,antibiotic inactivation
ARO:3007826,GES beta-lactamase,carbapenem;cephalosporin;penicillin beta-lactam,antibiotic inactivation
ARO:3007827,GES beta-lactamase,carbapenem;cephalosporin;penicillin beta-lactam,antibiotic inactivation
ARO:3002334,GES beta-lactamase,carbapenem;cephalosporin;penicillin beta-lactam,antibiotic inactivation
ARO:3007828,GES beta-lactamase,carbapenem;cephalosporin;penicillin beta-lactam,antibiotic inactivation
ARO:3007829,GES beta-lactamase,carbapenem;cephalosporin;penicillin beta-lactam,antibiotic inactivation
ARO:3007830,GES beta-lactamase,carbapenem;cephalosporin;penicillin beta-lactam,antibiotic inactivation
ARO:3007831,GES beta-lactamase,carbapenem;cephalosporin;penicillin beta-lactam,antibiotic inactivation
ARO:3007832,GES beta-lactamase,carbapenem;cephalosporin;penicillin beta-lactam,antibiotic inactivation
ARO:3007833,GES beta-lactamase,carbapenem;cephalosporin;penicillin beta-lactam,antibiotic inactivation
ARO:3007834,GES beta-lactamase,carbapenem;cephalosporin;penicillin beta-lactam,antibiotic inactivation
ARO:3007835,GES beta-lactamase,carbapenem;cephalosporin;penicillin beta-lactam,antibiotic inactivation
ARO:3008185,GES beta-lactamase,carbapenem;cephalosporin;penicillin beta-lactam,antibiotic inactivation
ARO:3008186,GES beta-lactamase,carbapenem;cephalosporin;penicillin beta-lactam,antibiotic inactivation
ARO:3002335,GES beta-lactamase,carbapenem;cephalosporin;penicillin beta-lactam,antibiotic inactivation
ARO:3008187,GES beta-lactamase,carbapenem;cephalosporin;penicillin beta-lactam,antibiotic inactivation
ARO:3008188,GES beta-lactamase,carbapenem;cephalosporin;penicillin beta-lactam,antibiotic inactivation
ARO:3008189,GES beta-lactamase,carbapenem;cephalosporin;penicillin beta-lactam,antibiotic inactivation
ARO:3008190,GES beta-lactamase,carbapenem;cephalosporin;penicillin beta-lactam,antibiotic inactivation
ARO:3008191,GES beta-lactamase,carbapenem;cephalosporin;penicillin beta-lactam,antibiotic inactivation
ARO:3002336,GES beta-lactamase,carbapenem;cephalosporin;penicillin beta-lactam,antibiotic inactivation
ARO:3002337,GES beta-lactamase,carbapenem;cephalosporin;penicillin beta-lactam,antibiotic inactivation
ARO:3002338,GES beta-lactamase,carbapenem;cephalosporin;penicillin beta-lactam,antibiotic inactivation
ARO:3006888,GIL beta-lactamase,carbapenem;cephalosporin,antibiotic inactivation
ARO:3000845,GIM beta-lactamase,carbapenem;cephalosporin;monobactam;penicillin beta-lactam,antibiotic inactivation
ARO:3003194,GIM beta-lactamase,carbapenem;cephalosporin;monobactam;penicillin beta-lactam,antibiotic inactivation
ARO:3008192,GIM beta-lactamase,carbapenem;cephalosporin;monobactam;penicillin beta-lactam,antibiotic inactivation
ARO:3000463,gimA family macrolide glycosyltransferase,macrolide antibiotic,antibiotic inactivation
ARO:3008193,GMA beta-lactamase,penicillin beta-lactam,antibiotic inactivation
ARO:3008194,GMA beta-lactamase,penicillin beta-lactam,antibiotic inactivation
ARO:3006889,GMB beta-lactamase,carbapenem,antibiotic inactivation
ARO:3000850,GOB beta-lactamase,carbapenem;cephalosporin;penicillin beta-lactam,antibiotic inactivation
ARO:3004802,GOB beta-lactamase,carbapenem;cephalosporin;penicillin beta-lactam,antibiotic inactivation
ARO:3004803,GOB beta-lactamase,carbapenem;cephalosporin;penicillin beta-lactam,antibiotic inactivation
ARO:3004804,GOB beta-lactamase,carbapenem;cephalosporin;penicillin beta-lactam,antibiotic inactivation
ARO:3004805,GOB beta-lactamase,carbapenem;cephalosporin;penicillin beta-lactam,antibiotic inactivation
ARO:3004806,GOB beta-lactamase,carbapenem;cephalosporin;penicillin beta-lactam,antibiotic inactivation
ARO:3004807,GOB beta-lactamase,carbapenem;cephalosporin;penicillin beta-lactam,antibiotic inactivation
ARO:3004808,GOB beta-lactamase,carbapenem;cephalosporin;penicillin beta-lactam,antibiotic inactivation
ARO:3008195,GOB beta-lactamase,carbapenem;cephalosporin;penicillin beta-lactam,antibiotic inactivation
ARO:3004213,GOB beta-lactamase,carbapenem;cephalosporin;penicillin beta-lactam,antibiotic inactivation
ARO:3005668,GOB beta-lactamase,carbapenem;cephalosporin;penicillin beta-lactam,antibiotic inactivation
ARO:3004809,GOB beta-lactamase,carbapenem;cephalosporin;penicillin beta-lactam,antibiotic inactivation
ARO:3005669,GOB beta-lactamase,carbapenem;cephalosporin;penicillin beta-lactam,antibiotic inactivation
ARO:3005670,GOB beta-lactamase,carbapenem;cephalosporin;penicillin beta-lactam,antibiotic inactivation
ARO:3005671,GOB beta-lactamase,carbapenem;cephalosporin;penicillin beta-lactam,antibiotic inactivation
ARO:3005672,GOB beta-lactamase,carbapenem;cephalosporin;penicillin beta-lactam,antibiotic inactivation
ARO:3005673,GOB beta-lactamase,carbapenem;cephalosporin;penicillin beta-lactam,antibiotic inactivation
ARO:3005674,GOB beta-lactamase,carbapenem;cephalosporin;penicillin beta-lactam,antibiotic inactivation
ARO:3005675,GOB beta-lactamase,carbapenem;cephalosporin;penicillin beta-lactam,antibiotic inactivation
ARO:3005676,GOB beta-lactamase,carbapenem;cephalosporin;penicillin beta-lactam,antibiotic inactivation
ARO:3005677,GOB beta-lactamase,carbapenem;cephalosporin;penicillin beta-lactam,antibiotic inactivation
ARO:3005678,GOB beta-lactamase,carbapenem;cephalosporin;penicillin beta-lactam,antibiotic inactivation
ARO:3004810,GOB beta-lactamase,carbapenem;cephalosporin;penicillin beta-lactam,antibiotic inactivation
ARO:3005679,GOB beta-lactamase,carbapenem;cephalosporin;penicillin beta-lactam,antibiotic inactivation
ARO:3005680,GOB beta-lactamase,carbapenem;cephalosporin;penicillin beta-lactam,antibiotic inactivation
ARO:3005681,GOB beta-lactamase,carbapenem;cephalosporin;penicillin beta-lactam,antibiotic inactivation
ARO:3005682,GOB beta-lactamase,carbapenem;cephalosporin;penicillin beta-lactam,antibiotic inactivation
ARO:3005683,GOB beta-lactamase,carbapenem;cephalosporin;penicillin beta-lactam,antibiotic inactivation
ARO:3005684,GOB beta-lactamase,carbapenem;cephalosporin;penicillin beta-lactam,antibiotic inactivation
ARO:3005685,GOB beta-lactamase,carbapenem;cephalosporin;penicillin beta-lactam,antibiotic inactivation
ARO:3005686,GOB beta-lactamase,carbapenem;cephalosporin;penicillin beta-lactam,antibiotic inactivation
ARO:3005687,GOB beta-lactamase,carbapenem;cephalosporin;penicillin beta-lactam,antibiotic inactivation
ARO:3005688,GOB beta-lactamase,carbapenem;cephalosporin;penicillin beta-lactam,antibiotic inactivation
ARO:3004811,GOB beta-lactamase,carbapenem;cephalosporin;penicillin beta-lactam,antibiotic inactivation
ARO:3005689,GOB beta-lactamase,carbapenem;cephalosporin;penicillin beta-lactam,antibiotic inactivation
ARO:3005690,GOB beta-lactamase,carbapenem;cephalosporin;penicillin beta-lactam,antibiotic inactivation
ARO:3005691,GOB beta-lactamase,carbapenem;cephalosporin;penicillin beta-lactam,antibiotic inactivation
ARO:3005692,GOB beta-lactamase,carbapenem;cephalosporin;penicillin beta-lactam,antibiotic inactivation
ARO:3005693,GOB beta-lactamase,carbapenem;cephalosporin;penicillin beta-lactam,antibiotic inactivation
ARO:3005694,GOB beta-lactamase,carbapenem;cephalosporin;penicillin beta-lactam,antibiotic inactivation
ARO:3005695,GOB beta-lactamase,carbapenem;cephalosporin;penicillin beta-lactam,antibiotic inactivation
ARO:3008196,GOB beta-lactamase,carbapenem;cephalosporin;penicillin beta-lactam,antibiotic inactivation
ARO:3005696,GOB beta-lactamase,carbapenem;cephalosporin;penicillin beta-lactam,antibiotic inactivation
ARO:3005697,GOB beta-lactamase,carbapenem;cephalosporin;penicillin beta-lactam,antibiotic inactivation
ARO:3004812,GOB beta-lactamase,carbapenem;cephalosporin;penicillin beta-lactam,antibiotic inactivation
ARO:3005698,GOB beta-lactamase,carbapenem;cephalosporin;penicillin beta-lactam,antibiotic inactivation
ARO:3005699,GOB beta-lactamase,carbapenem;cephalosporin;penicillin beta-lactam,antibiotic inactivation
ARO:3008197,GOB beta-lactamase,carbapenem;cephalosporin;penicillin beta-lactam,antibiotic inactivation
ARO:3008198,GOB beta-lactamase,carbapenem;cephalosporin;penicillin beta-lactam,antibiotic inactivation
ARO:3004813,GOB beta-lactamase,carbapenem;cephalosporin;penicillin beta-lactam,antibiotic inactivation
ARO:3004814,GOB beta-lactamase,carbapenem;cephalosporin;penicillin beta-lactam,antibiotic inactivation
ARO:3004815,GOB beta-lactamase,carbapenem;cephalosporin;penicillin beta-lactam,antibiotic inactivation
ARO:3004816,GOB beta-lactamase,carbapenem;cephalosporin;penicillin beta-lactam,antibiotic inactivation
ARO:3000504,resistance-nodulation-cell division (RND) antibiotic efflux pump,carbapenem;cephalosporin;monobactam;penicillin beta-lactam;phenicol antibiotic,antibiotic efflux
ARO:3005096,GPC beta-lactamase,carbapenem,antibiotic inactivation
ARO:3006925,GRD23 beta-lactamase,carbapenem,antibiotic inactivation
ARO:3006926,GRD33 beta-lactamase,carbapenem,antibiotic inactivation
ARO:3004446,Penicillin-binding protein mutations conferring resistance to beta-lactam antibiotics,carbapenem;cephalosporin;monobactam;penicillin beta-lactam,antibiotic target alteration
ARO:3003924,fluoroquinolone resistant gyrA,fluoroquinolone antibiotic;nybomycin-like antibiotic,antibiotic target alteration
ARO:3003925,fluoroquinolone resistant parC,fluoroquinolone antibiotic,antibiotic target alteration
ARO:3004180,23S rRNA with mutation conferring resistance to phenicol antibiotics,glycopeptide antibiotic;lincosamide antibiotic;macrolide antibiotic;phenicol antibiotic;pleuromutilin antibiotic;streptogramin A antibiotic;streptogramin B antibiotic;streptogramin antibiotic,antibiotic target alteration
ARO:3003977,16S rRNA with mutation conferring resistance to pactamycin,aminoglycoside antibiotic;glycopeptide antibiotic;glycylcycline;nucleoside antibiotic;pactamycin-like antibiotic;peptide antibiotic;tetracycline antibiotic,antibiotic target alteration
ARO:3008199,HBL beta-lactamase,penicillin beta-lactam,antibiotic inactivation
ARO:3003510,16S rRNA with mutation conferring resistance to tetracycline derivatives,aminoglycoside antibiotic;glycopeptide antibiotic;glycylcycline;nucleoside antibiotic;peptide antibiotic;tetracycline antibiotic,antibiotic target alteration
ARO:3004134,23S rRNA with mutation conferring resistance to macrolide antibiotics,glycopeptide antibiotic;lincosamide antibiotic;macrolide antibiotic;phenicol antibiotic;pleuromutilin antibiotic;streptogramin A antibiotic;streptogramin B antibiotic;streptogramin antibiotic,antibiotic target alteration
ARO:3007059,Antibiotic resistant Helicobacter pylori nitroreductase,nitroimidazole antibiotic,antibiotic target alteration
ARO:3007052,fluoroquinolone resistant gyrA,fluoroquinolone antibiotic;nybomycin-like antibiotic,antibiotic target alteration
ARO:3007053,fluoroquinolone resistant gyrB,aminocoumarin antibiotic;fluoroquinolone antibiotic,antibiotic target alteration
ARO:3007060,Penicillin-binding protein mutations conferring resistance to beta-lactam antibiotics,carbapenem;cephalosporin;monobactam;penicillin beta-lactam,antibiotic target alteration
ARO:3007058,Penicillin-binding protein mutations conferring resistance to beta-lactam antibiotics,carbapenem;cephalosporin;monobactam;penicillin beta-lactam,antibiotic target alteration
ARO:3007057,Penicillin-binding protein mutations conferring resistance to beta-lactam antibiotics,carbapenem;cephalosporin;monobactam;penicillin beta-lactam,antibiotic target alteration
ARO:3007055,Antibiotic resistant Helicobacter pylori nitroreductase,nitroimidazole antibiotic,antibiotic target alteration
ARO:3007051,rifamycin-resistant beta-subunit of RNA polymerase (rpoB),fluoroquinolone antibiotic;peptide antibiotic;rifamycin antibiotic,antibiotic target alteration;antibiotic target replacement
ARO:3007208,helicase-like RNA polymerase protection protein,rifamycin antibiotic,antibiotic target protection
ARO:3008200,HER beta-lactamase,penicillin beta-lactam,antibiotic inactivation
ARO:3008201,HER beta-lactamase,penicillin beta-lactam,antibiotic inactivation
ARO:3008202,HER beta-lactamase,penicillin beta-lactam,antibiotic inactivation
ARO:3008203,HER beta-lactamase,penicillin beta-lactam,antibiotic inactivation
ARO:3008204,HER beta-lactamase,penicillin beta-lactam,antibiotic inactivation
ARO:3008205,HER beta-lactamase,penicillin beta-lactam,antibiotic inactivation
ARO:3008206,HER beta-lactamase,penicillin beta-lactam,antibiotic inactivation
ARO:3004092,HMB beta-lactamase,carbapenem,antibiotic inactivation
ARO:3008207,HMB beta-lactamase,carbapenem,antibiotic inactivation
ARO:3003953,multidrug and toxic compound extrusion (MATE) transporter,disinfecting agents and antiseptics;fluoroquinolone antibiotic,antibiotic efflux
ARO:3000676,major facilitator superfamily (MFS) antibiotic efflux pump;resistance-nodulation-cell division (RND) antibiotic efflux pump,cephalosporin;fluoroquinolone antibiotic;macrolide antibiotic;penicillin beta-lactam;tetracycline antibiotic,antibiotic efflux
ARO:3003964,major facilitator superfamily (MFS) antibiotic efflux pump,fluoroquinolone antibiotic;nitroimidazole antibiotic;tetracycline antibiotic,antibiotic efflux
ARO:3003965,multidrug and toxic compound extrusion (MATE) transporter,fluoroquinolone antibiotic;macrolide antibiotic;nitroimidazole antibiotic;tetracycline antibiotic,antibiotic efflux
ARO:3004466,intrinsic colistin resistant phosphoethanolamine transferase,peptide antibiotic,antibiotic target alteration
ARO:3004569,intrinsic colistin resistant phosphoethanolamine transferase,peptide antibiotic,antibiotic target alteration
ARO:3005012,IDC beta-lactamase,carbapenem;cephalosporin,antibiotic inactivation
ARO:3005013,IDC beta-lactamase,carbapenem;cephalosporin,antibiotic inactivation
ARO:3001858,IMI beta-lactamase,carbapenem,antibiotic inactivation
ARO:3008208,IMI beta-lactamase,carbapenem,antibiotic inactivation
ARO:3006176,IMI beta-lactamase,carbapenem,antibiotic inactivation
ARO:3006177,IMI beta-lactamase,carbapenem,antibiotic inactivation
ARO:3006178,IMI beta-lactamase,carbapenem,antibiotic inactivation
ARO:3006179,IMI beta-lactamase,carbapenem,antibiotic inactivation
ARO:3006180,IMI beta-lactamase,carbapenem,antibiotic inactivation
ARO:3006181,IMI beta-lactamase,carbapenem,antibiotic inactivation
ARO:3006182,IMI beta-lactamase,carbapenem,antibiotic inactivation
ARO:3006183,IMI beta-lactamase,carbapenem,antibiotic inactivation
ARO:3001859,IMI beta-lactamase,carbapenem,antibiotic inactivation
ARO:3006184,IMI beta-lactamase,carbapenem,antibiotic inactivation
ARO:3006185,IMI beta-lactamase,carbapenem,antibiotic inactivation
ARO:3008209,IMI beta-lactamase,carbapenem,antibiotic inactivation
ARO:3008210,IMI beta-lactamase,carbapenem,antibiotic inactivation
ARO:3008211,IMI beta-lactamase,carbapenem,antibiotic inactivation
ARO:3008212,IMI beta-lactamase,carbapenem,antibiotic inactivation
ARO:3008213,IMI beta-lactamase,carbapenem,antibiotic inactivation
ARO:3008214,IMI beta-lactamase,carbapenem,antibiotic inactivation
ARO:3001860,IMI beta-lactamase,carbapenem,antibiotic inactivation
ARO:3001861,IMI beta-lactamase,carbapenem,antibiotic inactivation
ARO:3001862,IMI beta-lactamase,carbapenem,antibiotic inactivation
ARO:3001863,IMI beta-lactamase,carbapenem,antibiotic inactivation
ARO:3003177,IMI beta-lactamase,carbapenem,antibiotic inactivation
ARO:3003142,IMI beta-lactamase,carbapenem,antibiotic inactivation
ARO:3003143,IMI beta-lactamase,carbapenem,antibiotic inactivation
ARO:3003094,CphA beta-lactamase,carbapenem,antibiotic inactivation
ARO:3003095,CphA beta-lactamase,carbapenem,antibiotic inactivation
ARO:3002192,IMP beta-lactamase,carbapenem;cephalosporin;penicillin beta-lactam,antibiotic inactivation
ARO:3002201,IMP beta-lactamase,carbapenem;cephalosporin;penicillin beta-lactam,antibiotic inactivation
ARO:3008215,IMP beta-lactamase,carbapenem;cephalosporin;penicillin beta-lactam,antibiotic inactivation
ARO:3008216,IMP beta-lactamase,carbapenem;cephalosporin;penicillin beta-lactam,antibiotic inactivation
ARO:3008217,IMP beta-lactamase,carbapenem;cephalosporin;penicillin beta-lactam,antibiotic inactivation
ARO:3008218,IMP beta-lactamase,carbapenem;cephalosporin;penicillin beta-lactam,antibiotic inactivation
ARO:3008219,IMP beta-lactamase,carbapenem;cephalosporin;penicillin beta-lactam,antibiotic inactivation
ARO:3002202,IMP beta-lactamase,carbapenem;cephalosporin;penicillin beta-lactam,antibiotic inactivation
ARO:3002203,IMP beta-lactamase,carbapenem;cephalosporin;penicillin beta-lactam,antibiotic inactivation
ARO:3002204,IMP beta-lactamase,carbapenem;cephalosporin;penicillin beta-lactam,antibiotic inactivation
ARO:3002205,IMP beta-lactamase,carbapenem;cephalosporin;penicillin beta-lactam,antibiotic inactivation
ARO:3002206,IMP beta-lactamase,carbapenem;cephalosporin;penicillin beta-lactam,antibiotic inactivation
ARO:3002207,IMP beta-lactamase,carbapenem;cephalosporin;penicillin beta-lactam,antibiotic inactivation
ARO:3002208,IMP beta-lactamase,carbapenem;cephalosporin;penicillin beta-lactam,antibiotic inactivation
ARO:3002209,IMP beta-lactamase,carbapenem;cephalosporin;penicillin beta-lactam,antibiotic inactivation
ARO:3002210,IMP beta-lactamase,carbapenem;cephalosporin;penicillin beta-lactam,antibiotic inactivation
ARO:3002193,IMP beta-lactamase,carbapenem;cephalosporin;penicillin beta-lactam,antibiotic inactivation
ARO:3002211,IMP beta-lactamase,carbapenem;cephalosporin;penicillin beta-lactam,antibiotic inactivation
ARO:3002212,IMP beta-lactamase,carbapenem;cephalosporin;penicillin beta-lactam,antibiotic inactivation
ARO:3002213,IMP beta-lactamase,carbapenem;cephalosporin;penicillin beta-lactam,antibiotic inactivation
ARO:3002214,IMP beta-lactamase,carbapenem;cephalosporin;penicillin beta-lactam,antibiotic inactivation
ARO:3002215,IMP beta-lactamase,carbapenem;cephalosporin;penicillin beta-lactam,antibiotic inactivation
ARO:3002216,IMP beta-lactamase,carbapenem;cephalosporin;penicillin beta-lactam,antibiotic inactivation
ARO:3002217,IMP beta-lactamase,carbapenem;cephalosporin;penicillin beta-lactam,antibiotic inactivation
ARO:3002218,IMP beta-lactamase,carbapenem;cephalosporin;penicillin beta-lactam,antibiotic inactivation
ARO:3002219,IMP beta-lactamase,carbapenem;cephalosporin;penicillin beta-lactam,antibiotic inactivation
ARO:3002220,IMP beta-lactamase,carbapenem;cephalosporin;penicillin beta-lactam,antibiotic inactivation
ARO:3002194,IMP beta-lactamase,carbapenem;cephalosporin;penicillin beta-lactam,antibiotic inactivation
ARO:3002221,IMP beta-lactamase,carbapenem;cephalosporin;penicillin beta-lactam,antibiotic inactivation
ARO:3002222,IMP beta-lactamase,carbapenem;cephalosporin;penicillin beta-lactam,antibiotic inactivation
ARO:3002223,IMP beta-lactamase,carbapenem;cephalosporin;penicillin beta-lactam,antibiotic inactivation
ARO:3002224,IMP beta-lactamase,carbapenem;cephalosporin;penicillin beta-lactam,antibiotic inactivation
ARO:3002225,IMP beta-lactamase,carbapenem;cephalosporin;penicillin beta-lactam,antibiotic inactivation
ARO:3002226,IMP beta-lactamase,carbapenem;cephalosporin;penicillin beta-lactam,antibiotic inactivation
ARO:3002228,IMP beta-lactamase,carbapenem;cephalosporin;penicillin beta-lactam,antibiotic inactivation
ARO:3002229,IMP beta-lactamase,carbapenem;cephalosporin;penicillin beta-lactam,antibiotic inactivation
ARO:3002230,IMP beta-lactamase,carbapenem;cephalosporin;penicillin beta-lactam,antibiotic inactivation
ARO:3002195,IMP beta-lactamase,carbapenem;cephalosporin;penicillin beta-lactam,antibiotic inactivation
ARO:3002231,IMP beta-lactamase,carbapenem;cephalosporin;penicillin beta-lactam,antibiotic inactivation
ARO:3002232,IMP beta-lactamase,carbapenem;cephalosporin;penicillin beta-lactam,antibiotic inactivation
ARO:3002233,IMP beta-lactamase,carbapenem;cephalosporin;penicillin beta-lactam,antibiotic inactivation
ARO:3002234,IMP beta-lactamase,carbapenem;cephalosporin;penicillin beta-lactam,antibiotic inactivation
ARO:3002235,IMP beta-lactamase,carbapenem;cephalosporin;penicillin beta-lactam,antibiotic inactivation
ARO:3002236,IMP beta-lactamase,carbapenem;cephalosporin;penicillin beta-lactam,antibiotic inactivation
ARO:3002237,IMP beta-lactamase,carbapenem;cephalosporin;penicillin beta-lactam,antibiotic inactivation
ARO:3002239,IMP beta-lactamase,carbapenem;cephalosporin;penicillin beta-lactam,antibiotic inactivation
ARO:3003657,IMP beta-lactamase,carbapenem;cephalosporin;penicillin beta-lactam,antibiotic inactivation
ARO:3002196,IMP beta-lactamase,carbapenem;cephalosporin;penicillin beta-lactam,antibiotic inactivation
ARO:3003659,IMP beta-lactamase,carbapenem;cephalosporin;penicillin beta-lactam,antibiotic inactivation
ARO:3004823,IMP beta-lactamase,carbapenem;cephalosporin;penicillin beta-lactam,antibiotic inactivation
ARO:3005463,IMP beta-lactamase,carbapenem;cephalosporin;penicillin beta-lactam,antibiotic inactivation
ARO:3005464,IMP beta-lactamase,carbapenem;cephalosporin;penicillin beta-lactam,antibiotic inactivation
ARO:3004494,IMP beta-lactamase,carbapenem;cephalosporin;penicillin beta-lactam,antibiotic inactivation
ARO:3004495,IMP beta-lactamase,carbapenem;cephalosporin;penicillin beta-lactam,antibiotic inactivation
ARO:3005465,IMP beta-lactamase,carbapenem;cephalosporin;penicillin beta-lactam,antibiotic inactivation
ARO:3005466,IMP beta-lactamase,carbapenem;cephalosporin;penicillin beta-lactam,antibiotic inactivation
ARO:3002197,IMP beta-lactamase,carbapenem;cephalosporin;penicillin beta-lactam,antibiotic inactivation
ARO:3005467,IMP beta-lactamase,carbapenem;cephalosporin;penicillin beta-lactam,antibiotic inactivation
ARO:3005468,IMP beta-lactamase,carbapenem;cephalosporin;penicillin beta-lactam,antibiotic inactivation
ARO:3005469,IMP beta-lactamase,carbapenem;cephalosporin;penicillin beta-lactam,antibiotic inactivation
ARO:3005470,IMP beta-lactamase,carbapenem;cephalosporin;penicillin beta-lactam,antibiotic inactivation
ARO:3005471,IMP beta-lactamase,carbapenem;cephalosporin;penicillin beta-lactam,antibiotic inactivation
ARO:3005472,IMP beta-lactamase,carbapenem;cephalosporin;penicillin beta-lactam,antibiotic inactivation
ARO:3005473,IMP beta-lactamase,carbapenem;cephalosporin;penicillin beta-lactam,antibiotic inactivation
ARO:3005474,IMP beta-lactamase,carbapenem;cephalosporin;penicillin beta-lactam,antibiotic inactivation
ARO:3005019,IMP beta-lactamase,carbapenem;cephalosporin;penicillin beta-lactam,antibiotic inactivation
ARO:3005475,IMP beta-lactamase,carbapenem;cephalosporin;penicillin beta-lactam,antibiotic inactivation
ARO:3002198,IMP beta-lactamase,carbapenem;cephalosporin;penicillin beta-lactam,antibiotic inactivation
ARO:3005476,IMP beta-lactamase,carbapenem;cephalosporin;penicillin beta-lactam,antibiotic inactivation
ARO:3005477,IMP beta-lactamase,carbapenem;cephalosporin;penicillin beta-lactam,antibiotic inactivation
ARO:3005478,IMP beta-lactamase,carbapenem;cephalosporin;penicillin beta-lactam,antibiotic inactivation
ARO:3005479,IMP beta-lactamase,carbapenem;cephalosporin;penicillin beta-lactam,antibiotic inactivation
ARO:3005480,IMP beta-lactamase,carbapenem;cephalosporin;penicillin beta-lactam,antibiotic inactivation
ARO:3005481,IMP beta-lactamase,carbapenem;cephalosporin;penicillin beta-lactam,antibiotic inactivation
ARO:3005482,IMP beta-lactamase,carbapenem;cephalosporin;penicillin beta-lactam,antibiotic inactivation
ARO:3005483,IMP beta-lactamase,carbapenem;cephalosporin;penicillin beta-lactam,antibiotic inactivation
ARO:3005484,IMP beta-lactamase,carbapenem;cephalosporin;penicillin beta-lactam,antibiotic inactivation
ARO:3002199,IMP beta-lactamase,carbapenem;cephalosporin;penicillin beta-lactam,antibiotic inactivation
ARO:3005485,IMP beta-lactamase,carbapenem;cephalosporin;penicillin beta-lactam,antibiotic inactivation
ARO:3005486,IMP beta-lactamase,carbapenem;cephalosporin;penicillin beta-lactam,antibiotic inactivation
ARO:3005487,IMP beta-lactamase,carbapenem;cephalosporin;penicillin beta-lactam,antibiotic inactivation
ARO:3005488,IMP beta-lactamase,carbapenem;cephalosporin;penicillin beta-lactam,antibiotic inactivation
ARO:3005489,IMP beta-lactamase,carbapenem;cephalosporin;penicillin beta-lactam,antibiotic inactivation
ARO:3005490,IMP beta-lactamase,carbapenem;cephalosporin;penicillin beta-lactam,antibiotic inactivation
ARO:3008220,IMP beta-lactamase,carbapenem;cephalosporin;penicillin beta-lactam,antibiotic inactivation
ARO:3008221,IMP beta-lactamase,carbapenem;cephalosporin;penicillin beta-lactam,antibiotic inactivation
ARO:3005491,IMP beta-lactamase,carbapenem;cephalosporin;penicillin beta-lactam,antibiotic inactivation
ARO:3005492,IMP beta-lactamase,carbapenem;cephalosporin;penicillin beta-lactam,antibiotic inactivation
ARO:3002200,IMP beta-lactamase,carbapenem;cephalosporin;penicillin beta-lactam,antibiotic inactivation
ARO:3008222,IMP beta-lactamase,carbapenem;cephalosporin;penicillin beta-lactam,antibiotic inactivation
ARO:3007460,IMP beta-lactamase,carbapenem;cephalosporin;penicillin beta-lactam,antibiotic inactivation
ARO:3007462,IMP beta-lactamase,carbapenem;cephalosporin;penicillin beta-lactam,antibiotic inactivation
ARO:3007463,IMP beta-lactamase,carbapenem;cephalosporin;penicillin beta-lactam,antibiotic inactivation
ARO:3007464,IMP beta-lactamase,carbapenem;cephalosporin;penicillin beta-lactam,antibiotic inactivation
ARO:3007465,IMP beta-lactamase,carbapenem;cephalosporin;penicillin beta-lactam,antibiotic inactivation
ARO:3007461,IMP beta-lactamase,carbapenem;cephalosporin;penicillin beta-lactam,antibiotic inactivation
ARO:3008223,IMP beta-lactamase,carbapenem;cephalosporin;penicillin beta-lactam,antibiotic inactivation
ARO:3008224,IMP beta-lactamase,carbapenem;cephalosporin;penicillin beta-lactam,antibiotic inactivation
ARO:3008225,IMP beta-lactamase,carbapenem;cephalosporin;penicillin beta-lactam,antibiotic inactivation
ARO:3002256,IND beta-lactamase,carbapenem,antibiotic inactivation
ARO:3002266,IND beta-lactamase,carbapenem,antibiotic inactivation
ARO:3002267,IND beta-lactamase,carbapenem,antibiotic inactivation
ARO:3002268,IND beta-lactamase,carbapenem,antibiotic inactivation
ARO:3002269,IND beta-lactamase,carbapenem,antibiotic inactivation
ARO:3002270,IND beta-lactamase,carbapenem,antibiotic inactivation
ARO:3005493,IND beta-lactamase,carbapenem,antibiotic inactivation
ARO:3007470,IND beta-lactamase,carbapenem,antibiotic inactivation
ARO:3008226,IND beta-lactamase,carbapenem,antibiotic inactivation
ARO:3008227,IND beta-lactamase,carbapenem,antibiotic inactivation
ARO:3002257,IND beta-lactamase,carbapenem,antibiotic inactivation
ARO:3002258,IND beta-lactamase,carbapenem,antibiotic inactivation
ARO:3002259,IND beta-lactamase,carbapenem,antibiotic inactivation
ARO:3002260,IND beta-lactamase,carbapenem,antibiotic inactivation
ARO:3002261,IND beta-lactamase,carbapenem,antibiotic inactivation
ARO:3002262,IND beta-lactamase,carbapenem,antibiotic inactivation
ARO:3002263,IND beta-lactamase,carbapenem,antibiotic inactivation
ARO:3002264,IND beta-lactamase,carbapenem,antibiotic inactivation
ARO:3002265,IND beta-lactamase,carbapenem,antibiotic inactivation
ARO:3007678,Serine/threonine kinases,cephalosporin,reduced permeability to antibiotic
ARO:3002884,rifampin monooxygenase,rifamycin antibiotic,antibiotic inactivation
ARO:3000840,JOHN beta-lactamase,carbapenem;cephalosporin;penicillin beta-lactam,antibiotic inactivation
ARO:3004102,16S rRNA methyltransferase (A1408),aminoglycoside antibiotic,antibiotic target alteration
ARO:3007206,KBL beta-lactamase,penicillin beta-lactam,antibiotic inactivation
ARO:3004047,kdpDE,aminoglycoside antibiotic,antibiotic efflux
ARO:3003841,kdpDE,aminoglycoside antibiotic,antibiotic efflux
ARO:3000847,KHM beta-lactamase,carbapenem;cephalosporin;penicillin beta-lactam,antibiotic inactivation
ARO:3008228,KHM beta-lactamase,carbapenem;cephalosporin;penicillin beta-lactam,antibiotic inactivation
ARO:3003385,General Bacterial Porin with reduced permeability to beta-lactams,carbapenem;cephalosporin;monobactam;penicillin beta-lactam,reduced permeability to antibiotic
ARO:3003585,ATP-binding cassette (ABC) antibiotic efflux pump;pmr phosphoethanolamine transferase;transmembrane protein conferring colistin resistance,macrolide antibiotic;peptide antibiotic,antibiotic efflux;antibiotic target alteration;resistance by absence
ARO:3004041,resistance-nodulation-cell division (RND) antibiotic efflux pump,cephalosporin;disinfecting agents and antiseptics;fluoroquinolone antibiotic;glycylcycline;penicillin beta-lactam;phenicol antibiotic;rifamycin antibiotic;tetracycline antibiotic,antibiotic efflux
ARO:3003373,resistance-nodulation-cell division (RND) antibiotic efflux pump,cephalosporin;disinfecting agents and antiseptics;fluoroquinolone antibiotic;glycylcycline;penicillin beta-lactam;phenicol antibiotic;rifamycin antibiotic;tetracycline antibiotic,antibiotic efflux;antibiotic target alteration
ARO:3004580,small multidrug resistance (SMR) antibiotic efflux pump,aminoglycoside antibiotic;cephalosporin;disinfecting agents and antiseptics;macrolide antibiotic;peptide antibiotic;rifamycin antibiotic;tetracycline antibiotic,antibiotic efflux
ARO:3004583,small multidrug resistance (SMR) antibiotic efflux pump,aminoglycoside antibiotic;cephalosporin;disinfecting agents and antiseptics;macrolide antibiotic;peptide antibiotic;rifamycin antibiotic;tetracycline antibiotic,antibiotic efflux
ARO:3004588,major facilitator superfamily (MFS) antibiotic efflux pump,aminoglycoside antibiotic;carbapenem;cephalosporin;fluoroquinolone antibiotic;macrolide antibiotic;penicillin beta-lactam;peptide antibiotic,antibiotic efflux
ARO:3004597,major facilitator superfamily (MFS) antibiotic efflux pump,aminoglycoside antibiotic;carbapenem;cephalosporin;fluoroquinolone antibiotic;macrolide antibiotic;penicillin beta-lactam;peptide antibiotic,antibiotic efflux
ARO:3007420,Sugar Porin (SP),cephalosporin;fluoroquinolone antibiotic;tetracycline antibiotic,reduced permeability to antibiotic
ARO:3007203,ATP-binding cassette (ABC) antibiotic efflux pump;pmr phosphoethanolamine transferase;transmembrane protein conferring colistin resistance,macrolide antibiotic;peptide antibiotic,antibiotic efflux;antibiotic target alteration;resistance by absence
ARO:3003966,General Bacterial Porin with reduced permeability to beta-lactams,carbapenem;cephalosporin;monobactam;penicillin beta-lactam,reduced permeability to antibiotic;resistance by absence
ARO:3003968,General Bacterial Porin with reduced permeability to beta-lactams,carbapenem;cephalosporin;monobactam;penicillin beta-lactam,reduced permeability to antibiotic;resistance by absence
ARO:3004122,General Bacterial Porin with reduced permeability to beta-lactams,carbapenem;cephalosporin;monobactam;penicillin beta-lactam,reduced permeability to antibiotic
ARO:3007421,Penicillin-binding protein mutations conferring resistance to beta-lactam antibiotics,carbapenem;cephalosporin;monobactam;penicillin beta-lactam,antibiotic target alteration
ARO:3003380,resistance-nodulation-cell division (RND) antibiotic efflux pump,cephalosporin;disinfecting agents and antiseptics;fluoroquinolone antibiotic;glycylcycline;penicillin beta-lactam;phenicol antibiotic;rifamycin antibiotic;tetracycline antibiotic,antibiotic efflux;antibiotic target alteration
ARO:3006927,KLUC beta-lactamase,cephalosporin,antibiotic inactivation
ARO:3006928,KLUC beta-lactamase,cephalosporin,antibiotic inactivation
ARO:3006929,KLUC beta-lactamase,cephalosporin,antibiotic inactivation
ARO:3006930,KLUC beta-lactamase,cephalosporin,antibiotic inactivation
ARO:3006931,KLUC beta-lactamase,cephalosporin,antibiotic inactivation
ARO:3008229,KLUC beta-lactamase,cephalosporin,antibiotic inactivation
ARO:3008230,CTX-M beta-lactamase,cephalosporin,antibiotic inactivation
ARO:3002320,KPC beta-lactamase,carbapenem;cephalosporin;monobactam;penicillin beta-lactam,antibiotic inactivation
ARO:3007446,KPC beta-lactamase,carbapenem;cephalosporin;monobactam;penicillin beta-lactam,antibiotic inactivation
ARO:3008231,KPC beta-lactamase,carbapenem;cephalosporin;monobactam;penicillin beta-lactam,antibiotic inactivation
ARO:3008232,KPC beta-lactamase,carbapenem;cephalosporin;monobactam;penicillin beta-lactam,antibiotic inactivation
ARO:3008233,KPC beta-lactamase,carbapenem;cephalosporin;monobactam;penicillin beta-lactam,antibiotic inactivation
ARO:3008234,KPC beta-lactamase,carbapenem;cephalosporin;monobactam;penicillin beta-lactam,antibiotic inactivation
ARO:3008235,KPC beta-lactamase,carbapenem;cephalosporin;monobactam;penicillin beta-lactam,antibiotic inactivation
ARO:3008236,KPC beta-lactamase,carbapenem;cephalosporin;monobactam;penicillin beta-lactam,antibiotic inactivation
ARO:3008237,KPC beta-lactamase,carbapenem;cephalosporin;monobactam;penicillin beta-lactam,antibiotic inactivation
ARO:3008238,KPC beta-lactamase,carbapenem;cephalosporin;monobactam;penicillin beta-lactam,antibiotic inactivation
ARO:3008239,KPC beta-lactamase,carbapenem;cephalosporin;monobactam;penicillin beta-lactam,antibiotic inactivation
ARO:3002321,KPC beta-lactamase,carbapenem;cephalosporin;monobactam;penicillin beta-lactam,antibiotic inactivation
ARO:3008240,KPC beta-lactamase,carbapenem;cephalosporin;monobactam;penicillin beta-lactam,antibiotic inactivation
ARO:3008241,KPC beta-lactamase,carbapenem;cephalosporin;monobactam;penicillin beta-lactam,antibiotic inactivation
ARO:3008242,KPC beta-lactamase,carbapenem;cephalosporin;monobactam;penicillin beta-lactam,antibiotic inactivation
ARO:3008243,KPC beta-lactamase,carbapenem;cephalosporin;monobactam;penicillin beta-lactam,antibiotic inactivation
ARO:3008244,KPC beta-lactamase,carbapenem;cephalosporin;monobactam;penicillin beta-lactam,antibiotic inactivation
ARO:3008245,KPC beta-lactamase,carbapenem;cephalosporin;monobactam;penicillin beta-lactam,antibiotic inactivation
ARO:3008246,KPC beta-lactamase,carbapenem;cephalosporin;monobactam;penicillin beta-lactam,antibiotic inactivation
ARO:3008247,KPC beta-lactamase,carbapenem;cephalosporin;monobactam;penicillin beta-lactam,antibiotic inactivation
ARO:3008248,KPC beta-lactamase,carbapenem;cephalosporin;monobactam;penicillin beta-lactam,antibiotic inactivation
ARO:3008249,KPC beta-lactamase,carbapenem;cephalosporin;monobactam;penicillin beta-lactam,antibiotic inactivation
ARO:3002322,KPC beta-lactamase,carbapenem;cephalosporin;monobactam;penicillin beta-lactam,antibiotic inactivation
ARO:3008250,KPC beta-lactamase,carbapenem;cephalosporin;monobactam;penicillin beta-lactam,antibiotic inactivation
ARO:3008251,KPC beta-lactamase,carbapenem;cephalosporin;monobactam;penicillin beta-lactam,antibiotic inactivation
ARO:3008252,KPC beta-lactamase,carbapenem;cephalosporin;monobactam;penicillin beta-lactam,antibiotic inactivation
ARO:3007196,KPC beta-lactamase,carbapenem;cephalosporin;monobactam;penicillin beta-lactam,antibiotic inactivation
ARO:3008253,KPC beta-lactamase,carbapenem;cephalosporin;monobactam;penicillin beta-lactam,antibiotic inactivation
ARO:3007633,KPC beta-lactamase,carbapenem;cephalosporin;monobactam;penicillin beta-lactam,antibiotic inactivation
ARO:3008254,KPC beta-lactamase,carbapenem;cephalosporin;monobactam;penicillin beta-lactam,antibiotic inactivation
ARO:3008255,KPC beta-lactamase,carbapenem;cephalosporin;monobactam;penicillin beta-lactam,antibiotic inactivation
ARO:3008256,KPC beta-lactamase,carbapenem;cephalosporin;monobactam;penicillin beta-lactam,antibiotic inactivation
ARO:3008257,KPC beta-lactamase,carbapenem;cephalosporin;monobactam;penicillin beta-lactam,antibiotic inactivation
ARO:3002323,KPC beta-lactamase,carbapenem;cephalosporin;monobactam;penicillin beta-lactam,antibiotic inactivation
ARO:3008258,KPC beta-lactamase,carbapenem;cephalosporin;monobactam;penicillin beta-lactam,antibiotic inactivation
ARO:3008259,KPC beta-lactamase,carbapenem;cephalosporin;monobactam;penicillin beta-lactam,antibiotic inactivation
ARO:3008260,KPC beta-lactamase,carbapenem;cephalosporin;monobactam;penicillin beta-lactam,antibiotic inactivation
ARO:3008261,KPC beta-lactamase,carbapenem;cephalosporin;monobactam;penicillin beta-lactam,antibiotic inactivation
ARO:3007857,ACT beta-lactamase;CMY beta-lactamase;CTX-M beta-lactamase;IMP beta-lactamase;KPC beta-lactamase;MOX beta-lactamase;OXA beta-lactamase;OXA-1-like beta-lactamase;SHV beta-lactamase;TEM beta-lactamase;class A Mycobacterium abscessus beta-lactamase,carbapenem;cephalosporin;monobactam;penicillin beta-lactam,antibiotic inactivation
ARO:3007844,KPC beta-lactamase,carbapenem;cephalosporin;monobactam;penicillin beta-lactam,antibiotic inactivation
ARO:3008262,KPC beta-lactamase,carbapenem;cephalosporin;monobactam;penicillin beta-lactam,antibiotic inactivation
ARO:3008263,KPC beta-lactamase,carbapenem;cephalosporin;monobactam;penicillin beta-lactam,antibiotic inactivation
ARO:3008264,KPC beta-lactamase,carbapenem;cephalosporin;monobactam;penicillin beta-lactam,antibiotic inactivation
ARO:3008265,KPC beta-lactamase,carbapenem;cephalosporin;monobactam;penicillin beta-lactam,antibiotic inactivation
ARO:3002324,KPC beta-lactamase,carbapenem;cephalosporin;monobactam;penicillin beta-lactam,antibiotic inactivation
ARO:3008266,KPC beta-lactamase,carbapenem;cephalosporin;monobactam;penicillin beta-lactam,antibiotic inactivation
ARO:3008267,KPC beta-lactamase,carbapenem;cephalosporin;monobactam;penicillin beta-lactam,antibiotic inactivation
ARO:3008268,KPC beta-lactamase,carbapenem;cephalosporin;monobactam;penicillin beta-lactam,antibiotic inactivation
ARO:3008269,KPC beta-lactamase,carbapenem;cephalosporin;monobactam;penicillin beta-lactam,antibiotic inactivation
ARO:3008270,KPC beta-lactamase,carbapenem;cephalosporin;monobactam;penicillin beta-lactam,antibiotic inactivation
ARO:3008271,KPC beta-lactamase,carbapenem;cephalosporin;monobactam;penicillin beta-lactam,antibiotic inactivation
ARO:3008272,KPC beta-lactamase,carbapenem;cephalosporin;monobactam;penicillin beta-lactam,antibiotic inactivation
ARO:3008273,KPC beta-lactamase,carbapenem;cephalosporin;monobactam;penicillin beta-lactam,antibiotic inactivation
ARO:3008274,KPC beta-lactamase,carbapenem;cephalosporin;monobactam;penicillin beta-lactam,antibiotic inactivation
ARO:3008275,KPC beta-lactamase,carbapenem;cephalosporin;monobactam;penicillin beta-lactam,antibiotic inactivation
ARO:3002325,KPC beta-lactamase,carbapenem;cephalosporin;monobactam;penicillin beta-lactam,antibiotic inactivation
ARO:3008276,KPC beta-lactamase,carbapenem;cephalosporin;monobactam;penicillin beta-lactam,antibiotic inactivation
ARO:3008277,KPC beta-lactamase,carbapenem;cephalosporin;monobactam;penicillin beta-lactam,antibiotic inactivation
ARO:3008278,KPC beta-lactamase,carbapenem;cephalosporin;monobactam;penicillin beta-lactam,antibiotic inactivation
ARO:3008279,KPC beta-lactamase,carbapenem;cephalosporin;monobactam;penicillin beta-lactam,antibiotic inactivation
ARO:3008280,KPC beta-lactamase,carbapenem;cephalosporin;monobactam;penicillin beta-lactam,antibiotic inactivation
ARO:3008281,KPC beta-lactamase,carbapenem;cephalosporin;monobactam;penicillin beta-lactam,antibiotic inactivation
ARO:3008282,KPC beta-lactamase,carbapenem;cephalosporin;monobactam;penicillin beta-lactam,antibiotic inactivation
ARO:3008283,KPC beta-lactamase,carbapenem;cephalosporin;monobactam;penicillin beta-lactam,antibiotic inactivation
ARO:3008284,KPC beta-lactamase,carbapenem;cephalosporin;monobactam;penicillin beta-lactam,antibiotic inactivation
ARO:3008285,KPC beta-lactamase,carbapenem;cephalosporin;monobactam;penicillin beta-lactam,antibiotic inactivation
ARO:3002326,KPC beta-lactamase,carbapenem;cephalosporin;monobactam;penicillin beta-lactam,antibiotic inactivation
ARO:3008286,KPC beta-lactamase,carbapenem;cephalosporin;monobactam;penicillin beta-lactam,antibiotic inactivation
ARO:3008287,KPC beta-lactamase,carbapenem;cephalosporin;monobactam;penicillin beta-lactam,antibiotic inactivation
ARO:3008288,KPC beta-lactamase,carbapenem;cephalosporin;monobactam;penicillin beta-lactam,antibiotic inactivation
ARO:3008289,KPC beta-lactamase,carbapenem;cephalosporin;monobactam;penicillin beta-lactam,antibiotic inactivation
ARO:3008290,KPC beta-lactamase,carbapenem;cephalosporin;monobactam;penicillin beta-lactam,antibiotic inactivation
ARO:3008291,KPC beta-lactamase,carbapenem;cephalosporin;monobactam;penicillin beta-lactam,antibiotic inactivation
ARO:3008292,KPC beta-lactamase,carbapenem;cephalosporin;monobactam;penicillin beta-lactam,antibiotic inactivation
ARO:3008293,KPC beta-lactamase,carbapenem;cephalosporin;monobactam;penicillin beta-lactam,antibiotic inactivation
ARO:3008294,KPC beta-lactamase,carbapenem;cephalosporin;monobactam;penicillin beta-lactam,antibiotic inactivation
ARO:3008295,KPC beta-lactamase,carbapenem;cephalosporin;monobactam;penicillin beta-lactam,antibiotic inactivation
ARO:3002327,KPC beta-lactamase,carbapenem;cephalosporin;monobactam;penicillin beta-lactam,antibiotic inactivation
ARO:3008296,KPC beta-lactamase,carbapenem;cephalosporin;monobactam;penicillin beta-lactam,antibiotic inactivation
ARO:3008297,KPC beta-lactamase,carbapenem;cephalosporin;monobactam;penicillin beta-lactam,antibiotic inactivation
ARO:3008298,KPC beta-lactamase,carbapenem;cephalosporin;monobactam;penicillin beta-lactam,antibiotic inactivation
ARO:3008299,KPC beta-lactamase,carbapenem;cephalosporin;monobactam;penicillin beta-lactam,antibiotic inactivation
ARO:3008300,KPC beta-lactamase,carbapenem;cephalosporin;monobactam;penicillin beta-lactam,antibiotic inactivation
ARO:3008301,KPC beta-lactamase,carbapenem;cephalosporin;monobactam;penicillin beta-lactam,antibiotic inactivation
ARO:3008302,KPC beta-lactamase,carbapenem;cephalosporin;monobactam;penicillin beta-lactam,antibiotic inactivation
ARO:3008303,KPC beta-lactamase,carbapenem;cephalosporin;monobactam;penicillin beta-lactam,antibiotic inactivation
ARO:3008304,KPC beta-lactamase,carbapenem;cephalosporin;monobactam;penicillin beta-lactam,antibiotic inactivation
ARO:3008305,KPC beta-lactamase,carbapenem;cephalosporin;monobactam;penicillin beta-lactam,antibiotic inactivation
ARO:3002328,KPC beta-lactamase,carbapenem;cephalosporin;monobactam;penicillin beta-lactam,antibiotic inactivation
ARO:3008306,KPC beta-lactamase,carbapenem;cephalosporin;monobactam;penicillin beta-lactam,antibiotic inactivation
ARO:3008307,KPC beta-lactamase,carbapenem;cephalosporin;monobactam;penicillin beta-lactam,antibiotic inactivation
ARO:3008308,KPC beta-lactamase,carbapenem;cephalosporin;monobactam;penicillin beta-lactam,antibiotic inactivation
ARO:3008309,KPC beta-lactamase,carbapenem;cephalosporin;monobactam;penicillin beta-lactam,antibiotic inactivation
ARO:3008310,KPC beta-lactamase,carbapenem;cephalosporin;monobactam;penicillin beta-lactam,antibiotic inactivation
ARO:3008311,KPC beta-lactamase,carbapenem;cephalosporin;monobactam;penicillin beta-lactam,antibiotic inactivation
ARO:3008312,KPC beta-lactamase,carbapenem;cephalosporin;monobactam;penicillin beta-lactam,antibiotic inactivation
ARO:3008313,KPC beta-lactamase,carbapenem;cephalosporin;monobactam;penicillin beta-lactam,antibiotic inactivation
ARO:3008314,KPC beta-lactamase,carbapenem;cephalosporin;monobactam;penicillin beta-lactam,antibiotic inactivation
ARO:3008315,KPC beta-lactamase,carbapenem;cephalosporin;monobactam;penicillin beta-lactam,antibiotic inactivation
ARO:3002329,KPC beta-lactamase,carbapenem;cephalosporin;monobactam;penicillin beta-lactam,antibiotic inactivation
ARO:3008316,KPC beta-lactamase,carbapenem;cephalosporin;monobactam;penicillin beta-lactam,antibiotic inactivation
ARO:3008317,KPC beta-lactamase,carbapenem;cephalosporin;monobactam;penicillin beta-lactam,antibiotic inactivation
ARO:3008318,KPC beta-lactamase,carbapenem;cephalosporin;monobactam;penicillin beta-lactam,antibiotic inactivation
ARO:3008319,KPC beta-lactamase,carbapenem;cephalosporin;monobactam;penicillin beta-lactam,antibiotic inactivation
ARO:3008320,KPC beta-lactamase,carbapenem;cephalosporin;monobactam;penicillin beta-lactam,antibiotic inactivation
ARO:3008321,KPC beta-lactamase,carbapenem;cephalosporin;monobactam;penicillin beta-lactam,antibiotic inactivation
ARO:3008322,KPC beta-lactamase,carbapenem;cephalosporin;monobactam;penicillin beta-lactam,antibiotic inactivation
ARO:3008323,KPC beta-lactamase,carbapenem;cephalosporin;monobactam;penicillin beta-lactam,antibiotic inactivation
ARO:3002312,KPC beta-lactamase,carbapenem;cephalosporin;monobactam;penicillin beta-lactam,antibiotic inactivation
ARO:3008324,KPC beta-lactamase,carbapenem;cephalosporin;monobactam;penicillin beta-lactam,antibiotic inactivation
ARO:3008325,KPC beta-lactamase,carbapenem;cephalosporin;monobactam;penicillin beta-lactam,antibiotic inactivation
ARO:3008326,KPC beta-lactamase,carbapenem;cephalosporin;monobactam;penicillin beta-lactam,antibiotic inactivation
ARO:3008327,KPC beta-lactamase,carbapenem;cephalosporin;monobactam;penicillin beta-lactam,antibiotic inactivation
ARO:3008328,KPC beta-lactamase,carbapenem;cephalosporin;monobactam;penicillin beta-lactam,antibiotic inactivation
ARO:3008329,KPC beta-lactamase,carbapenem;cephalosporin;monobactam;penicillin beta-lactam,antibiotic inactivation
ARO:3008330,KPC beta-lactamase,carbapenem;cephalosporin;monobactam;penicillin beta-lactam,antibiotic inactivation
ARO:3008331,KPC beta-lactamase,carbapenem;cephalosporin;monobactam;penicillin beta-lactam,antibiotic inactivation
ARO:3008332,KPC beta-lactamase,carbapenem;cephalosporin;monobactam;penicillin beta-lactam,antibiotic inactivation
ARO:3003145,KPC beta-lactamase,carbapenem;cephalosporin;monobactam;penicillin beta-lactam,antibiotic inactivation
ARO:3008333,KPC beta-lactamase,carbapenem;cephalosporin;monobactam;penicillin beta-lactam,antibiotic inactivation
ARO:3008334,KPC beta-lactamase,carbapenem;cephalosporin;monobactam;penicillin beta-lactam,antibiotic inactivation
ARO:3008335,KPC beta-lactamase,carbapenem;cephalosporin;monobactam;penicillin beta-lactam,antibiotic inactivation
ARO:3008336,KPC beta-lactamase,carbapenem;cephalosporin;monobactam;penicillin beta-lactam,antibiotic inactivation
ARO:3008337,KPC beta-lactamase,carbapenem;cephalosporin;monobactam;penicillin beta-lactam,antibiotic inactivation
ARO:3008338,KPC beta-lactamase,carbapenem;cephalosporin;monobactam;penicillin beta-lactam,antibiotic inactivation
ARO:3008339,KPC beta-lactamase,carbapenem;cephalosporin;monobactam;penicillin beta-lactam,antibiotic inactivation
ARO:3008340,KPC beta-lactamase,carbapenem;cephalosporin;monobactam;penicillin beta-lactam,antibiotic inactivation
ARO:3003180,KPC beta-lactamase,carbapenem;cephalosporin;monobactam;penicillin beta-lactam,antibiotic inactivation
ARO:3008341,KPC beta-lactamase,carbapenem;cephalosporin;monobactam;penicillin beta-lactam,antibiotic inactivation
ARO:3008342,KPC beta-lactamase,carbapenem;cephalosporin;monobactam;penicillin beta-lactam,antibiotic inactivation
ARO:3008343,KPC beta-lactamase,carbapenem;cephalosporin;monobactam;penicillin beta-lactam,antibiotic inactivation
ARO:3008344,KPC beta-lactamase,carbapenem;cephalosporin;monobactam;penicillin beta-lactam,antibiotic inactivation
ARO:3008345,KPC beta-lactamase,carbapenem;cephalosporin;monobactam;penicillin beta-lactam,antibiotic inactivation
ARO:3008346,KPC beta-lactamase,carbapenem;cephalosporin;monobactam;penicillin beta-lactam,antibiotic inactivation
ARO:3005356,KPC beta-lactamase,carbapenem;cephalosporin;monobactam;penicillin beta-lactam,antibiotic inactivation
ARO:3008347,KPC beta-lactamase,carbapenem;cephalosporin;monobactam;penicillin beta-lactam,antibiotic inactivation
ARO:3008348,KPC beta-lactamase,carbapenem;cephalosporin;monobactam;penicillin beta-lactam,antibiotic inactivation
ARO:3008349,KPC beta-lactamase,carbapenem;cephalosporin;monobactam;penicillin beta-lactam,antibiotic inactivation
ARO:3008350,KPC beta-lactamase,carbapenem;cephalosporin;monobactam;penicillin beta-lactam,antibiotic inactivation
ARO:3008351,KPC beta-lactamase,carbapenem;cephalosporin;monobactam;penicillin beta-lactam,antibiotic inactivation
ARO:3008352,KPC beta-lactamase,carbapenem;cephalosporin;monobactam;penicillin beta-lactam,antibiotic inactivation
ARO:3008353,KPC beta-lactamase,carbapenem;cephalosporin;monobactam;penicillin beta-lactam,antibiotic inactivation
ARO:3008354,KPC beta-lactamase,carbapenem;cephalosporin;monobactam;penicillin beta-lactam,antibiotic inactivation
ARO:3008355,KPC beta-lactamase,carbapenem;cephalosporin;monobactam;penicillin beta-lactam,antibiotic inactivation
ARO:3004496,KPC beta-lactamase,carbapenem;cephalosporin;monobactam;penicillin beta-lactam,antibiotic inactivation
ARO:3008356,KPC beta-lactamase,carbapenem;cephalosporin;monobactam;penicillin beta-lactam,antibiotic inactivation
ARO:3008357,KPC beta-lactamase,carbapenem;cephalosporin;monobactam;penicillin beta-lactam,antibiotic inactivation
ARO:3008358,KPC beta-lactamase,carbapenem;cephalosporin;monobactam;penicillin beta-lactam,antibiotic inactivation
ARO:3005357,KPC beta-lactamase,carbapenem;cephalosporin;monobactam;penicillin beta-lactam,antibiotic inactivation
ARO:3005358,KPC beta-lactamase,carbapenem;cephalosporin;monobactam;penicillin beta-lactam,antibiotic inactivation
ARO:3005359,KPC beta-lactamase,carbapenem;cephalosporin;monobactam;penicillin beta-lactam,antibiotic inactivation
ARO:3005361,KPC beta-lactamase,carbapenem;cephalosporin;monobactam;penicillin beta-lactam,antibiotic inactivation
ARO:3005360,KPC beta-lactamase,carbapenem;cephalosporin;monobactam;penicillin beta-lactam,antibiotic inactivation
ARO:3002313,KPC beta-lactamase,carbapenem;cephalosporin;monobactam;penicillin beta-lactam,antibiotic inactivation
ARO:3005364,KPC beta-lactamase,carbapenem;cephalosporin;monobactam;penicillin beta-lactam,antibiotic inactivation
ARO:3005362,KPC beta-lactamase,carbapenem;cephalosporin;monobactam;penicillin beta-lactam,antibiotic inactivation
ARO:3005363,KPC beta-lactamase,carbapenem;cephalosporin;monobactam;penicillin beta-lactam,antibiotic inactivation
ARO:3005365,KPC beta-lactamase,carbapenem;cephalosporin;monobactam;penicillin beta-lactam,antibiotic inactivation
ARO:3005366,KPC beta-lactamase,carbapenem;cephalosporin;monobactam;penicillin beta-lactam,antibiotic inactivation
ARO:3005367,KPC beta-lactamase,carbapenem;cephalosporin;monobactam;penicillin beta-lactam,antibiotic inactivation
ARO:3005368,KPC beta-lactamase,carbapenem;cephalosporin;monobactam;penicillin beta-lactam,antibiotic inactivation
ARO:3005369,KPC beta-lactamase,carbapenem;cephalosporin;monobactam;penicillin beta-lactam,antibiotic inactivation
ARO:3005370,KPC beta-lactamase,carbapenem;cephalosporin;monobactam;penicillin beta-lactam,antibiotic inactivation
ARO:3005371,KPC beta-lactamase,carbapenem;cephalosporin;monobactam;penicillin beta-lactam,antibiotic inactivation
ARO:3002314,KPC beta-lactamase,carbapenem;cephalosporin;monobactam;penicillin beta-lactam,antibiotic inactivation
ARO:3005372,KPC beta-lactamase,carbapenem;cephalosporin;monobactam;penicillin beta-lactam,antibiotic inactivation
ARO:3005373,KPC beta-lactamase,carbapenem;cephalosporin;monobactam;penicillin beta-lactam,antibiotic inactivation
ARO:3005374,KPC beta-lactamase,carbapenem;cephalosporin;monobactam;penicillin beta-lactam,antibiotic inactivation
ARO:3005375,KPC beta-lactamase,carbapenem;cephalosporin;monobactam;penicillin beta-lactam,antibiotic inactivation
ARO:3006186,KPC beta-lactamase,carbapenem;cephalosporin;monobactam;penicillin beta-lactam,antibiotic inactivation
ARO:3005376,KPC beta-lactamase,carbapenem;cephalosporin;monobactam;penicillin beta-lactam,antibiotic inactivation
ARO:3005377,KPC beta-lactamase,carbapenem;cephalosporin;monobactam;penicillin beta-lactam,antibiotic inactivation
ARO:3008359,KPC beta-lactamase,carbapenem;cephalosporin;monobactam;penicillin beta-lactam,antibiotic inactivation
ARO:3008360,KPC beta-lactamase,carbapenem;cephalosporin;monobactam;penicillin beta-lactam,antibiotic inactivation
ARO:3005378,KPC beta-lactamase,carbapenem;cephalosporin;monobactam;penicillin beta-lactam,antibiotic inactivation
ARO:3002315,KPC beta-lactamase,carbapenem;cephalosporin;monobactam;penicillin beta-lactam,antibiotic inactivation
ARO:3005379,KPC beta-lactamase,carbapenem;cephalosporin;monobactam;penicillin beta-lactam,antibiotic inactivation
ARO:3005380,KPC beta-lactamase,carbapenem;cephalosporin;monobactam;penicillin beta-lactam,antibiotic inactivation
ARO:3005381,KPC beta-lactamase,carbapenem;cephalosporin;monobactam;penicillin beta-lactam,antibiotic inactivation
ARO:3008361,KPC beta-lactamase,carbapenem;cephalosporin;monobactam;penicillin beta-lactam,antibiotic inactivation
ARO:3005382,KPC beta-lactamase,carbapenem;cephalosporin;monobactam;penicillin beta-lactam,antibiotic inactivation
ARO:3005383,KPC beta-lactamase,carbapenem;cephalosporin;monobactam;penicillin beta-lactam,antibiotic inactivation
ARO:3005384,KPC beta-lactamase,carbapenem;cephalosporin;monobactam;penicillin beta-lactam,antibiotic inactivation
ARO:3005385,KPC beta-lactamase,carbapenem;cephalosporin;monobactam;penicillin beta-lactam,antibiotic inactivation
ARO:3006187,KPC beta-lactamase,carbapenem;cephalosporin;monobactam;penicillin beta-lactam,antibiotic inactivation
ARO:3006188,KPC beta-lactamase,carbapenem;cephalosporin;monobactam;penicillin beta-lactam,antibiotic inactivation
ARO:3002316,KPC beta-lactamase,carbapenem;cephalosporin;monobactam;penicillin beta-lactam,antibiotic inactivation
ARO:3006189,KPC beta-lactamase,carbapenem;cephalosporin;monobactam;penicillin beta-lactam,antibiotic inactivation
ARO:3006190,KPC beta-lactamase,carbapenem;cephalosporin;monobactam;penicillin beta-lactam,antibiotic inactivation
ARO:3006191,KPC beta-lactamase,carbapenem;cephalosporin;monobactam;penicillin beta-lactam,antibiotic inactivation
ARO:3006192,KPC beta-lactamase,carbapenem;cephalosporin;monobactam;penicillin beta-lactam,antibiotic inactivation
ARO:3006193,KPC beta-lactamase,carbapenem;cephalosporin;monobactam;penicillin beta-lactam,antibiotic inactivation
ARO:3006194,KPC beta-lactamase,carbapenem;cephalosporin;monobactam;penicillin beta-lactam,antibiotic inactivation
ARO:3006195,KPC beta-lactamase,carbapenem;cephalosporin;monobactam;penicillin beta-lactam,antibiotic inactivation
ARO:3008362,KPC beta-lactamase,carbapenem;cephalosporin;monobactam;penicillin beta-lactam,antibiotic inactivation
ARO:3008363,KPC beta-lactamase,carbapenem;cephalosporin;monobactam;penicillin beta-lactam,antibiotic inactivation
ARO:3008364,KPC beta-lactamase,carbapenem;cephalosporin;monobactam;penicillin beta-lactam,antibiotic inactivation
ARO:3002317,KPC beta-lactamase,carbapenem;cephalosporin;monobactam;penicillin beta-lactam,antibiotic inactivation
ARO:3008365,KPC beta-lactamase,carbapenem;cephalosporin;monobactam;penicillin beta-lactam,antibiotic inactivation
ARO:3006196,KPC beta-lactamase,carbapenem;cephalosporin;monobactam;penicillin beta-lactam,antibiotic inactivation
ARO:3006197,KPC beta-lactamase,carbapenem;cephalosporin;monobactam;penicillin beta-lactam,antibiotic inactivation
ARO:3006198,KPC beta-lactamase,carbapenem;cephalosporin;monobactam;penicillin beta-lactam,antibiotic inactivation
ARO:3006199,KPC beta-lactamase,carbapenem;cephalosporin;monobactam;penicillin beta-lactam,antibiotic inactivation
ARO:3006200,KPC beta-lactamase,carbapenem;cephalosporin;monobactam;penicillin beta-lactam,antibiotic inactivation
ARO:3006201,KPC beta-lactamase,carbapenem;cephalosporin;monobactam;penicillin beta-lactam,antibiotic inactivation
ARO:3006202,KPC beta-lactamase,carbapenem;cephalosporin;monobactam;penicillin beta-lactam,antibiotic inactivation
ARO:3006203,KPC beta-lactamase,carbapenem;cephalosporin;monobactam;penicillin beta-lactam,antibiotic inactivation
ARO:3006204,KPC beta-lactamase,carbapenem;cephalosporin;monobactam;penicillin beta-lactam,antibiotic inactivation
ARO:3002318,KPC beta-lactamase,carbapenem;cephalosporin;monobactam;penicillin beta-lactam,antibiotic inactivation
ARO:3006205,KPC beta-lactamase,carbapenem;cephalosporin;monobactam;penicillin beta-lactam,antibiotic inactivation
ARO:3006206,KPC beta-lactamase,carbapenem;cephalosporin;monobactam;penicillin beta-lactam,antibiotic inactivation
ARO:3006207,KPC beta-lactamase,carbapenem;cephalosporin;monobactam;penicillin beta-lactam,antibiotic inactivation
ARO:3007089,KPC beta-lactamase,carbapenem;cephalosporin;monobactam;penicillin beta-lactam,antibiotic inactivation
ARO:3008366,KPC beta-lactamase,carbapenem;cephalosporin;monobactam;penicillin beta-lactam,antibiotic inactivation
ARO:3008367,KPC beta-lactamase,carbapenem;cephalosporin;monobactam;penicillin beta-lactam,antibiotic inactivation
ARO:3007381,KPC beta-lactamase,carbapenem;cephalosporin;monobactam;penicillin beta-lactam,antibiotic inactivation
ARO:3007375,KPC beta-lactamase,carbapenem;cephalosporin;monobactam;penicillin beta-lactam,antibiotic inactivation
ARO:3008368,KPC beta-lactamase,carbapenem;cephalosporin;monobactam;penicillin beta-lactam,antibiotic inactivation
ARO:3008369,KPC beta-lactamase,carbapenem;cephalosporin;monobactam;penicillin beta-lactam,antibiotic inactivation
ARO:3002319,KPC beta-lactamase,carbapenem;cephalosporin;monobactam;penicillin beta-lactam,antibiotic inactivation
ARO:3007087,KPC beta-lactamase,carbapenem;cephalosporin;monobactam;penicillin beta-lactam,antibiotic inactivation
ARO:3008370,KPC beta-lactamase,carbapenem;cephalosporin;monobactam;penicillin beta-lactam,antibiotic inactivation
ARO:3008371,KPC beta-lactamase,carbapenem;cephalosporin;monobactam;penicillin beta-lactam,antibiotic inactivation
ARO:3007102,KPC beta-lactamase,carbapenem;cephalosporin;monobactam;penicillin beta-lactam,antibiotic inactivation
ARO:3007402,KPC beta-lactamase,carbapenem;cephalosporin;monobactam;penicillin beta-lactam,antibiotic inactivation
ARO:3007383,KPC beta-lactamase,carbapenem;cephalosporin;monobactam;penicillin beta-lactam,antibiotic inactivation
ARO:3007436,KPC beta-lactamase,carbapenem;cephalosporin;monobactam;penicillin beta-lactam,antibiotic inactivation
ARO:3007449,KPC beta-lactamase,carbapenem;cephalosporin;monobactam;penicillin beta-lactam,antibiotic inactivation
ARO:3007450,KPC beta-lactamase,carbapenem;cephalosporin;monobactam;penicillin beta-lactam,antibiotic inactivation
ARO:3007452,KPC beta-lactamase,carbapenem;cephalosporin;monobactam;penicillin beta-lactam,antibiotic inactivation
ARO:3000582,L1 family beta-lactamase,cephalosporin,antibiotic inactivation
ARO:3004825,LAP beta-lactamase,cephalosporin;penicillin beta-lactam,antibiotic inactivation
ARO:3004826,LAP beta-lactamase,cephalosporin;penicillin beta-lactam,antibiotic inactivation
ARO:3007438,LAQ beta lactamase,cephalosporin;penicillin beta-lactam,antibiotic inactivation
ARO:3001857,CMY beta-lactamase,cephalosporin,antibiotic inactivation
ARO:3002997,LCR beta-lactamase,cephalosporin;penicillin beta-lactam,antibiotic inactivation
ARO:3002454,LEN beta-lactamase,penicillin beta-lactam,antibiotic inactivation
ARO:3002460,LEN beta-lactamase,penicillin beta-lactam,antibiotic inactivation
ARO:3002461,LEN beta-lactamase,penicillin beta-lactam,antibiotic inactivation
ARO:3002462,LEN beta-lactamase,penicillin beta-lactam,antibiotic inactivation
ARO:3002463,LEN beta-lactamase,penicillin beta-lactam,antibiotic inactivation
ARO:3002477,LEN beta-lactamase,penicillin beta-lactam,antibiotic inactivation
ARO:3002478,LEN beta-lactamase,penicillin beta-lactam,antibiotic inactivation
ARO:3002464,LEN beta-lactamase,penicillin beta-lactam,antibiotic inactivation
ARO:3002473,LEN beta-lactamase,penicillin beta-lactam,antibiotic inactivation
ARO:3002465,LEN beta-lactamase,penicillin beta-lactam,antibiotic inactivation
ARO:3002466,LEN beta-lactamase,penicillin beta-lactam,antibiotic inactivation
ARO:3002455,LEN beta-lactamase,penicillin beta-lactam,antibiotic inactivation
ARO:3002467,LEN beta-lactamase,penicillin beta-lactam,antibiotic inactivation
ARO:3002468,LEN beta-lactamase,penicillin beta-lactam,antibiotic inactivation
ARO:3002469,LEN beta-lactamase,penicillin beta-lactam,antibiotic inactivation
ARO:3002470,LEN beta-lactamase,penicillin beta-lactam,antibiotic inactivation
ARO:3002471,LEN beta-lactamase,penicillin beta-lactam,antibiotic inactivation
ARO:3002479,LEN beta-lactamase,penicillin beta-lactam,antibiotic inactivation
ARO:3002474,LEN beta-lactamase,penicillin beta-lactam,antibiotic inactivation
ARO:3006932,LEN beta-lactamase,penicillin beta-lactam,antibiotic inactivation
ARO:3006933,LEN beta-lactamase,penicillin beta-lactam,antibiotic inactivation
ARO:3002475,LEN beta-lactamase,penicillin beta-lactam,antibiotic inactivation
ARO:3004838,LEN beta-lactamase,penicillin beta-lactam,antibiotic inactivation
ARO:3006934,LEN beta-lactamase,penicillin beta-lactam,antibiotic inactivation
ARO:3004839,LEN beta-lactamase,penicillin beta-lactam,antibiotic inactivation
ARO:3004840,LEN beta-lactamase,penicillin beta-lactam,antibiotic inactivation
ARO:3004827,LEN beta-lactamase,penicillin beta-lactam,antibiotic inactivation
ARO:3004828,LEN beta-lactamase,penicillin beta-lactam,antibiotic inactivation
ARO:3004829,LEN beta-lactamase,penicillin beta-lactam,antibiotic inactivation
ARO:3004841,LEN beta-lactamase,penicillin beta-lactam,antibiotic inactivation
ARO:3004842,LEN beta-lactamase,penicillin beta-lactam,antibiotic inactivation
ARO:3002472,LEN beta-lactamase,penicillin beta-lactam,antibiotic inactivation
ARO:3004843,LEN beta-lactamase,penicillin beta-lactam,antibiotic inactivation
ARO:3004844,LEN beta-lactamase,penicillin beta-lactam,antibiotic inactivation
ARO:3004845,LEN beta-lactamase,penicillin beta-lactam,antibiotic inactivation
ARO:3004846,LEN beta-lactamase,penicillin beta-lactam,antibiotic inactivation
ARO:3002456,LEN beta-lactamase,penicillin beta-lactam,antibiotic inactivation
ARO:3004847,LEN beta-lactamase,penicillin beta-lactam,antibiotic inactivation
ARO:3004848,LEN beta-lactamase,penicillin beta-lactam,antibiotic inactivation
ARO:3004849,LEN beta-lactamase,penicillin beta-lactam,antibiotic inactivation
ARO:3002476,LEN beta-lactamase,penicillin beta-lactam,antibiotic inactivation
ARO:3002457,LEN beta-lactamase,penicillin beta-lactam,antibiotic inactivation
ARO:3002458,LEN beta-lactamase,penicillin beta-lactam,antibiotic inactivation
ARO:3002459,LEN beta-lactamase,penicillin beta-lactam,antibiotic inactivation
ARO:3003843,major facilitator superfamily (MFS) antibiotic efflux pump,disinfecting agents and antiseptics;nucleoside antibiotic,antibiotic efflux
ARO:3003967,major facilitator superfamily (MFS) antibiotic efflux pump,fluoroquinolone antibiotic,antibiotic efflux
ARO:3006935,LHK beta-lactamase,carbapenem;cephalosporin,antibiotic inactivation
ARO:3006936,LHK beta-lactamase,carbapenem;cephalosporin,antibiotic inactivation
ARO:3006937,LHK beta-lactamase,carbapenem;cephalosporin,antibiotic inactivation
ARO:3006938,LHK beta-lactamase,carbapenem;cephalosporin,antibiotic inactivation
ARO:3006939,LHK beta-lactamase,carbapenem;cephalosporin,antibiotic inactivation
ARO:3006940,LHK beta-lactamase,carbapenem;cephalosporin,antibiotic inactivation
ARO:3008372,LHK beta-lactamase,carbapenem;cephalosporin,antibiotic inactivation
ARO:3002671,chloramphenicol acetyltransferase (CAT),phenicol antibiotic,antibiotic inactivation
ARO:3004651,lincosamide nucleotidyltransferase (LNU),lincosamide antibiotic,antibiotic inactivation
ARO:3002879,lincosamide nucleotidyltransferase (LNU),lincosamide antibiotic,antibiotic inactivation
ARO:3003770,defensin resistant mprF,peptide antibiotic,antibiotic target alteration
ARO:3003982,Llm 23S ribosomal RNA methyltransferase,lincosamide antibiotic,antibiotic target alteration
ARO:3005018,LMB beta-lactamase,carbapenem;cephalosporin;penicillin beta-lactam,antibiotic inactivation
ARO:3003028,ATP-binding cassette (ABC) antibiotic efflux pump,lincosamide antibiotic;nucleoside antibiotic,antibiotic efflux;antibiotic target alteration
ARO:3002813,ATP-binding cassette (ABC) antibiotic efflux pump,lincosamide antibiotic;nucleoside antibiotic,antibiotic efflux
ARO:3002881,Miscellaneous ABC-F subfamily ATP-binding cassette ribosomal protection proteins,lincosamide antibiotic,antibiotic target protection
ARO:3002882,ATP-binding cassette (ABC) antibiotic efflux pump,lincosamide antibiotic,antibiotic efflux
ARO:3003969,major facilitator superfamily (MFS) antibiotic efflux pump,lincosamide antibiotic;macrolide antibiotic;streptogramin A antibiotic;streptogramin antibiotic;tetracycline antibiotic,antibiotic efflux
ARO:3002835,lincosamide nucleotidyltransferase (LNU),lincosamide antibiotic,antibiotic inactivation
ARO:3002836,lincosamide nucleotidyltransferase (LNU),lincosamide antibiotic,antibiotic inactivation
ARO:3002837,lincosamide nucleotidyltransferase (LNU),lincosamide antibiotic,antibiotic inactivation
ARO:3002838,lincosamide nucleotidyltransferase (LNU),lincosamide antibiotic,antibiotic inactivation
ARO:3003762,lincosamide nucleotidyltransferase (LNU),lincosamide antibiotic,antibiotic inactivation
ARO:3002839,lincosamide nucleotidyltransferase (LNU),lincosamide antibiotic,antibiotic inactivation
ARO:3004085,lincosamide nucleotidyltransferase (LNU),lincosamide antibiotic,antibiotic inactivation
ARO:3004600,lincosamide nucleotidyltransferase (LNU),lincosamide antibiotic,antibiotic inactivation
ARO:3004601,lincosamide nucleotidyltransferase (LNU),lincosamide antibiotic,antibiotic inactivation
ARO:3004099,resistance-nodulation-cell division (RND) antibiotic efflux pump,macrolide antibiotic,antibiotic efflux
ARO:3004100,resistance-nodulation-cell division (RND) antibiotic efflux pump,macrolide antibiotic,antibiotic efflux
ARO:3005052,Intrinsic peptide antibiotic resistant Lps,peptide antibiotic,reduced permeability to antibiotic
ARO:3005051,Intrinsic peptide antibiotic resistant Lps,peptide antibiotic,reduced permeability to antibiotic
ARO:3005059,ATP-binding cassette (ABC) antibiotic efflux pump,aminocoumarin antibiotic;carbapenem;peptide antibiotic;rifamycin antibiotic,antibiotic efflux
ARO:3003573,Acinetobacter mutant Lpx gene conferring resistance to colistin,peptide antibiotic,antibiotic target alteration
ARO:3003574,Acinetobacter mutant Lpx gene conferring resistance to colistin,peptide antibiotic,antibiotic target alteration
ARO:3003575,Acinetobacter mutant Lpx gene conferring resistance to colistin,peptide antibiotic,antibiotic target alteration
ARO:3002482,class A LRA beta-lactamase,cephalosporin;penicillin beta-lactam,antibiotic inactivation
ARO:3002489,class C LRA beta-lactamase,cephalosporin;penicillin beta-lactam,antibiotic inactivation
ARO:3002511,subclass B3 LRA beta-lactamase,cephalosporin;penicillin beta-lactam,antibiotic inactivation
ARO:3002484,class C LRA beta-lactamase;class D LRA beta-lactamase,cephalosporin;penicillin beta-lactam,antibiotic inactivation
ARO:3002512,subclass B3 LRA beta-lactamase,cephalosporin;penicillin beta-lactam,antibiotic inactivation
ARO:3002492,class C LRA beta-lactamase,cephalosporin;penicillin beta-lactam,antibiotic inactivation
ARO:3002513,subclass B3 LRA beta-lactamase,cephalosporin;penicillin beta-lactam,antibiotic inactivation
ARO:3002485,subclass B3 LRA beta-lactamase,cephalosporin;penicillin beta-lactam,antibiotic inactivation
ARO:3002510,subclass B3 LRA beta-lactamase,cephalosporin;penicillin beta-lactam,antibiotic inactivation
ARO:3002483,class A LRA beta-lactamase,cephalosporin;penicillin beta-lactam,antibiotic inactivation
ARO:3002486,subclass B3 LRA beta-lactamase,cephalosporin;penicillin beta-lactam,antibiotic inactivation
ARO:3002487,subclass B3 LRA beta-lactamase,cephalosporin;penicillin beta-lactam,antibiotic inactivation
ARO:3002488,subclass B3 LRA beta-lactamase,cephalosporin;penicillin beta-lactam,antibiotic inactivation
ARO:3006941,LRG beta-lactamase,cephalosporin,antibiotic inactivation
ARO:3000300,lsa-type ABC-F protein,lincosamide antibiotic;pleuromutilin antibiotic;streptogramin A antibiotic;streptogramin B antibiotic;streptogramin antibiotic,antibiotic target protection
ARO:3003111,lsa-type ABC-F protein,lincosamide antibiotic;pleuromutilin antibiotic;streptogramin antibiotic,antibiotic target protection
ARO:3003112,lsa-type ABC-F protein,lincosamide antibiotic;pleuromutilin antibiotic;streptogramin antibiotic,antibiotic target protection
ARO:3005121,lsa-type ABC-F protein,lincosamide antibiotic;pleuromutilin antibiotic;streptogramin A antibiotic;streptogramin antibiotic,antibiotic target protection
ARO:3003206,lsa-type ABC-F protein,lincosamide antibiotic;pleuromutilin antibiotic;streptogramin antibiotic,antibiotic target protection
ARO:3006942,LUS beta-lactamase,carbapenem;cephalosporin,antibiotic inactivation
ARO:3006943,LUT beta-lactamase,cephalosporin,antibiotic inactivation
ARO:3006944,LUT beta-lactamase,cephalosporin,antibiotic inactivation
ARO:3006945,LUT beta-lactamase,cephalosporin,antibiotic inactivation
ARO:3006946,LUT beta-lactamase,cephalosporin,antibiotic inactivation
ARO:3006947,LUT beta-lactamase,cephalosporin,antibiotic inactivation
ARO:3006948,LUT beta-lactamase,cephalosporin,antibiotic inactivation
ARO:3007180,class A Mycobacterium abscessus beta-lactamase,cephalosporin;penicillin beta-lactam,antibiotic inactivation
ARO:3000533,ATP-binding cassette (ABC) antibiotic efflux pump,macrolide antibiotic,antibiotic efflux
ARO:3000535,ATP-binding cassette (ABC) antibiotic efflux pump,macrolide antibiotic,antibiotic efflux
ARO:3006949,MAL beta-lactamase,carbapenem,antibiotic inactivation
ARO:3006950,MAL beta-lactamase,carbapenem,antibiotic inactivation
ARO:3000263,General Bacterial Porin with reduced permeability to beta-lactams;resistance-nodulation-cell division (RND) antibiotic efflux pump,carbapenem;cephalosporin;disinfecting agents and antiseptics;fluoroquinolone antibiotic;glycylcycline;monobactam;penicillin beta-lactam;phenicol antibiotic;rifamycin antibiotic;tetracycline antibiotic,antibiotic efflux;reduced permeability to antibiotic
ARO:3006951,MBL beta-lactamase,carbapenem,antibiotic inactivation
ARO:3007137,MCR phosphoethanolamine transferase,peptide antibiotic,antibiotic target alteration
ARO:3007277,MCR phosphoethanolamine transferase,peptide antibiotic,antibiotic target alteration
ARO:3007275,MCR phosphoethanolamine transferase,peptide antibiotic,antibiotic target alteration
ARO:3007276,MCR phosphoethanolamine transferase,peptide antibiotic,antibiotic target alteration
ARO:3007274,MCR phosphoethanolamine transferase,peptide antibiotic,antibiotic target alteration
ARO:3003689,MCR phosphoethanolamine transferase,peptide antibiotic,antibiotic target alteration
ARO:3004506,MCR phosphoethanolamine transferase,peptide antibiotic,antibiotic target alteration
ARO:3004688,MCR phosphoethanolamine transferase,peptide antibiotic,antibiotic target alteration
ARO:3004689,MCR phosphoethanolamine transferase,peptide antibiotic,antibiotic target alteration
ARO:3004690,MCR phosphoethanolamine transferase,peptide antibiotic,antibiotic target alteration
ARO:3007246,MCR phosphoethanolamine transferase,peptide antibiotic,antibiotic target alteration
ARO:3007279,MCR phosphoethanolamine transferase,peptide antibiotic,antibiotic target alteration
ARO:3007238,MCR phosphoethanolamine transferase,peptide antibiotic,antibiotic target alteration
ARO:3007244,MCR phosphoethanolamine transferase,peptide antibiotic,antibiotic target alteration
ARO:3007233,MCR phosphoethanolamine transferase,peptide antibiotic,antibiotic target alteration
ARO:3007240,MCR phosphoethanolamine transferase,peptide antibiotic,antibiotic target alteration
ARO:3004194,MCR phosphoethanolamine transferase,peptide antibiotic,antibiotic target alteration
ARO:3007235,MCR phosphoethanolamine transferase,peptide antibiotic,antibiotic target alteration
ARO:3007237,MCR phosphoethanolamine transferase,peptide antibiotic,antibiotic target alteration
ARO:3007239,MCR phosphoethanolamine transferase,peptide antibiotic,antibiotic target alteration
ARO:3007234,MCR phosphoethanolamine transferase,peptide antibiotic,antibiotic target alteration
ARO:3007243,MCR phosphoethanolamine transferase,peptide antibiotic,antibiotic target alteration
ARO:3007247,MCR phosphoethanolamine transferase,peptide antibiotic,antibiotic target alteration
ARO:3007280,MCR phosphoethanolamine transferase,peptide antibiotic,antibiotic target alteration
ARO:3007232,MCR phosphoethanolamine transferase,peptide antibiotic,antibiotic target alteration
ARO:3007236,MCR phosphoethanolamine transferase,peptide antibiotic,antibiotic target alteration
ARO:3007241,MCR phosphoethanolamine transferase,peptide antibiotic,antibiotic target alteration
ARO:3004514,MCR phosphoethanolamine transferase,peptide antibiotic,antibiotic target alteration
ARO:3007242,MCR phosphoethanolamine transferase,peptide antibiotic,antibiotic target alteration
ARO:3007245,MCR phosphoethanolamine transferase,peptide antibiotic,antibiotic target alteration
ARO:3007289,MCR phosphoethanolamine transferase,peptide antibiotic,antibiotic target alteration
ARO:3007070,MCR phosphoethanolamine transferase,peptide antibiotic,antibiotic target alteration
ARO:3007230,MCR phosphoethanolamine transferase,peptide antibiotic,antibiotic target alteration
ARO:3004515,MCR phosphoethanolamine transferase,peptide antibiotic,antibiotic target alteration
ARO:3004685,MCR phosphoethanolamine transferase,peptide antibiotic,antibiotic target alteration
ARO:3004513,MCR phosphoethanolamine transferase,peptide antibiotic,antibiotic target alteration
ARO:3004686,MCR phosphoethanolamine transferase,peptide antibiotic,antibiotic target alteration
ARO:3004687,MCR phosphoethanolamine transferase,peptide antibiotic,antibiotic target alteration
ARO:3004507,MCR phosphoethanolamine transferase,peptide antibiotic,antibiotic target alteration
ARO:3004110,MCR phosphoethanolamine transferase,peptide antibiotic,antibiotic target alteration
ARO:3004502,MCR phosphoethanolamine transferase,peptide antibiotic,antibiotic target alteration
ARO:3007284,MCR phosphoethanolamine transferase,peptide antibiotic,antibiotic target alteration
ARO:3007283,MCR phosphoethanolamine transferase,peptide antibiotic,antibiotic target alteration
ARO:3007286,MCR phosphoethanolamine transferase,peptide antibiotic,antibiotic target alteration
ARO:3007288,MCR phosphoethanolamine transferase,peptide antibiotic,antibiotic target alteration
ARO:3007287,MCR phosphoethanolamine transferase,peptide antibiotic,antibiotic target alteration
ARO:3007285,MCR phosphoethanolamine transferase,peptide antibiotic,antibiotic target alteration
ARO:3004139,MCR phosphoethanolamine transferase,peptide antibiotic,antibiotic target alteration
ARO:3004504,MCR phosphoethanolamine transferase,peptide antibiotic,antibiotic target alteration
ARO:3004500,MCR phosphoethanolamine transferase,peptide antibiotic,antibiotic target alteration
ARO:3004693,MCR phosphoethanolamine transferase,peptide antibiotic,antibiotic target alteration
ARO:3007269,MCR phosphoethanolamine transferase,peptide antibiotic,antibiotic target alteration
ARO:3007249,MCR phosphoethanolamine transferase,peptide antibiotic,antibiotic target alteration
ARO:3007252,MCR phosphoethanolamine transferase,peptide antibiotic,antibiotic target alteration
ARO:3007260,MCR phosphoethanolamine transferase,peptide antibiotic,antibiotic target alteration
ARO:3007278,MCR phosphoethanolamine transferase,peptide antibiotic,antibiotic target alteration
ARO:3007263,MCR phosphoethanolamine transferase,peptide antibiotic,antibiotic target alteration
ARO:3007273,MCR phosphoethanolamine transferase,peptide antibiotic,antibiotic target alteration
ARO:3004511,MCR phosphoethanolamine transferase,peptide antibiotic,antibiotic target alteration
ARO:3007266,MCR phosphoethanolamine transferase,peptide antibiotic,antibiotic target alteration
ARO:3007262,MCR phosphoethanolamine transferase,peptide antibiotic,antibiotic target alteration
ARO:3007259,MCR phosphoethanolamine transferase,peptide antibiotic,antibiotic target alteration
ARO:3007256,MCR phosphoethanolamine transferase,peptide antibiotic,antibiotic target alteration
ARO:3007265,MCR phosphoethanolamine transferase,peptide antibiotic,antibiotic target alteration
ARO:3007258,MCR phosphoethanolamine transferase,peptide antibiotic,antibiotic target alteration
ARO:3007261,MCR phosphoethanolamine transferase,peptide antibiotic,antibiotic target alteration
ARO:3007253,MCR phosphoethanolamine transferase,peptide antibiotic,antibiotic target alteration
ARO:3007270,MCR phosphoethanolamine transferase,peptide antibiotic,antibiotic target alteration
ARO:3007272,MCR phosphoethanolamine transferase,peptide antibiotic,antibiotic target alteration
ARO:3004662,MCR phosphoethanolamine transferase,peptide antibiotic,antibiotic target alteration
ARO:3007255,MCR phosphoethanolamine transferase,peptide antibiotic,antibiotic target alteration
ARO:3007254,MCR phosphoethanolamine transferase,peptide antibiotic,antibiotic target alteration
ARO:3007248,MCR phosphoethanolamine transferase,peptide antibiotic,antibiotic target alteration
ARO:3007268,MCR phosphoethanolamine transferase,peptide antibiotic,antibiotic target alteration
ARO:3007267,MCR phosphoethanolamine transferase,peptide antibiotic,antibiotic target alteration
ARO:3007257,MCR phosphoethanolamine transferase,peptide antibiotic,antibiotic target alteration
ARO:3007250,MCR phosphoethanolamine transferase,peptide antibiotic,antibiotic target alteration
ARO:3007251,MCR phosphoethanolamine transferase,peptide antibiotic,antibiotic target alteration
ARO:3007271,MCR phosphoethanolamine transferase,peptide antibiotic,antibiotic target alteration
ARO:3004691,MCR phosphoethanolamine transferase,peptide antibiotic,antibiotic target alteration
ARO:3007264,MCR phosphoethanolamine transferase,peptide antibiotic,antibiotic target alteration
ARO:3005221,MCR phosphoethanolamine transferase,peptide antibiotic,antibiotic target alteration
ARO:3004505,MCR phosphoethanolamine transferase,peptide antibiotic,antibiotic target alteration
ARO:3004503,MCR phosphoethanolamine transferase,peptide antibiotic,antibiotic target alteration
ARO:3004510,MCR phosphoethanolamine transferase,peptide antibiotic,antibiotic target alteration
ARO:3004509,MCR phosphoethanolamine transferase,peptide antibiotic,antibiotic target alteration
ARO:3004508,MCR phosphoethanolamine transferase,peptide antibiotic,antibiotic target alteration
ARO:3004325,MCR phosphoethanolamine transferase,peptide antibiotic,antibiotic target alteration
ARO:3004694,MCR phosphoethanolamine transferase,peptide antibiotic,antibiotic target alteration
ARO:3004695,MCR phosphoethanolamine transferase,peptide antibiotic,antibiotic target alteration
ARO:3004696,MCR phosphoethanolamine transferase,peptide antibiotic,antibiotic target alteration
ARO:3004697,MCR phosphoethanolamine transferase,peptide antibiotic,antibiotic target alteration
ARO:3007231,MCR phosphoethanolamine transferase,peptide antibiotic,antibiotic target alteration
ARO:3007533,MCR phosphoethanolamine transferase,peptide antibiotic,antibiotic target alteration
ARO:3004332,MCR phosphoethanolamine transferase,peptide antibiotic,antibiotic target alteration
ARO:3004698,MCR phosphoethanolamine transferase,peptide antibiotic,antibiotic target alteration
ARO:3007282,MCR phosphoethanolamine transferase,peptide antibiotic,antibiotic target alteration
ARO:3007281,MCR phosphoethanolamine transferase,peptide antibiotic,antibiotic target alteration
ARO:3004501,MCR phosphoethanolamine transferase,peptide antibiotic,antibiotic target alteration
ARO:3004517,MCR phosphoethanolamine transferase,peptide antibiotic,antibiotic target alteration
ARO:3004516,MCR phosphoethanolamine transferase,peptide antibiotic,antibiotic target alteration
ARO:3007229,MCR phosphoethanolamine transferase,peptide antibiotic,antibiotic target alteration
ARO:3007227,MCR phosphoethanolamine transferase,peptide antibiotic,antibiotic target alteration
ARO:3007228,MCR phosphoethanolamine transferase,peptide antibiotic,antibiotic target alteration
ARO:3004684,MCR phosphoethanolamine transferase,peptide antibiotic,antibiotic target alteration
ARO:3007011,major facilitator superfamily (MFS) antibiotic efflux pump,aminoglycoside antibiotic;disinfecting agents and antiseptics;fluoroquinolone antibiotic;penicillin beta-lactam;tetracycline antibiotic,antibiotic efflux
ARO:3000789,resistance-nodulation-cell division (RND) antibiotic efflux pump,carbapenem;cephalosporin;monobactam;penicillin beta-lactam;phenicol antibiotic,antibiotic efflux
ARO:3000790,resistance-nodulation-cell division (RND) antibiotic efflux pump,carbapenem;cephalosporin;monobactam;penicillin beta-lactam;phenicol antibiotic,antibiotic efflux
ARO:3000791,resistance-nodulation-cell division (RND) antibiotic efflux pump,carbapenem;cephalosporin;monobactam;penicillin beta-lactam;phenicol antibiotic,antibiotic efflux
ARO:3000792,resistance-nodulation-cell division (RND) antibiotic efflux pump,aminocoumarin antibiotic,antibiotic efflux
ARO:3000793,resistance-nodulation-cell division (RND) antibiotic efflux pump,aminocoumarin antibiotic,antibiotic efflux
ARO:3000794,resistance-nodulation-cell division (RND) antibiotic efflux pump,aminocoumarin antibiotic,antibiotic efflux
ARO:3000795,resistance-nodulation-cell division (RND) antibiotic efflux pump,fluoroquinolone antibiotic;macrolide antibiotic;penicillin beta-lactam,antibiotic efflux
ARO:3000796,resistance-nodulation-cell division (RND) antibiotic efflux pump,fluoroquinolone antibiotic;macrolide antibiotic;penicillin beta-lactam,antibiotic efflux
ARO:3001329,major facilitator superfamily (MFS) antibiotic efflux pump,phosphonic acid antibiotic,antibiotic efflux
ARO:3001216,major facilitator superfamily (MFS) antibiotic efflux pump,fluoroquinolone antibiotic,antibiotic efflux
ARO:3001327,multidrug and toxic compound extrusion (MATE) transporter,fluoroquinolone antibiotic,antibiotic efflux
ARO:3001214,major facilitator superfamily (MFS) antibiotic efflux pump,disinfecting agents and antiseptics;fluoroquinolone antibiotic;lincosamide antibiotic;nucleoside antibiotic;phenicol antibiotic,antibiotic efflux
ARO:3003548,major facilitator superfamily (MFS) antibiotic efflux pump,disinfecting agents and antiseptics;nucleoside antibiotic,antibiotic efflux
ARO:3003549,major facilitator superfamily (MFS) antibiotic efflux pump,disinfecting agents and antiseptics;nucleoside antibiotic,antibiotic efflux
ARO:3003550,major facilitator superfamily (MFS) antibiotic efflux pump,disinfecting agents and antiseptics;nucleoside antibiotic,antibiotic efflux
ARO:3007682,Outer Membrane Porin (Opr),carbapenem;cephalosporin;monobactam;penicillin beta-lactam,reduced permeability to antibiotic
ARO:3000617,methicillin resistant PBP2,carbapenem;cephalosporin;monobactam;penicillin beta-lactam,antibiotic target replacement
ARO:3003440,methicillin resistant PBP2,carbapenem;cephalosporin;monobactam;penicillin beta-lactam,antibiotic target replacement
ARO:3001209,methicillin resistant PBP2,carbapenem;cephalosporin;monobactam;penicillin beta-lactam,antibiotic target replacement
ARO:3005097,BlaZ beta-lactamase,penicillin beta-lactam,antibiotic inactivation
ARO:3005046,methicillin resistant PBP2,carbapenem;cephalosporin;monobactam;penicillin beta-lactam,antibiotic target replacement
ARO:3004185,methicillin resistant PBP2,carbapenem;cephalosporin;monobactam;penicillin beta-lactam,antibiotic target replacement
ARO:3000124,methicillin resistant PBP2,carbapenem;cephalosporin;monobactam;penicillin beta-lactam,antibiotic target replacement
ARO:3000215,methicillin resistant PBP2,carbapenem;cephalosporin;monobactam;penicillin beta-lactam,antibiotic target replacement
ARO:3003107,major facilitator superfamily (MFS) antibiotic efflux pump,macrolide antibiotic,antibiotic efflux
ARO:3003745,major facilitator superfamily (MFS) antibiotic efflux pump,macrolide antibiotic;tetracycline antibiotic,antibiotic efflux
ARO:3005089,major facilitator superfamily (MFS) antibiotic efflux pump,macrolide antibiotic,antibiotic efflux
ARO:3000614,major facilitator superfamily (MFS) antibiotic efflux pump,macrolide antibiotic,antibiotic efflux
ARO:3004659,major facilitator superfamily (MFS) antibiotic efflux pump,lincosamide antibiotic;macrolide antibiotic,antibiotic efflux
ARO:3007044,major facilitator superfamily (MFS) antibiotic efflux pump,macrolide antibiotic,antibiotic efflux
ARO:3007047,major facilitator superfamily (MFS) antibiotic efflux pump,macrolide antibiotic,antibiotic efflux
ARO:3007049,major facilitator superfamily (MFS) antibiotic efflux pump,macrolide antibiotic,antibiotic efflux
ARO:3000616,msr-type ABC-F protein,macrolide antibiotic;streptogramin antibiotic,antibiotic target protection
ARO:3000026,multidrug and toxic compound extrusion (MATE) transporter,glycylcycline;tetracycline antibiotic,antibiotic efflux
ARO:3000746,multidrug and toxic compound extrusion (MATE) transporter,glycylcycline;tetracycline antibiotic,antibiotic efflux
ARO:3000377,resistance-nodulation-cell division (RND) antibiotic efflux pump,aminocoumarin antibiotic;carbapenem;cephalosporin;diaminopyrimidine antibiotic;fluoroquinolone antibiotic;macrolide antibiotic;monobactam;penicillin beta-lactam;peptide antibiotic;phenicol antibiotic;sulfonamide antibiotic;tetracycline antibiotic,antibiotic efflux
ARO:3000378,resistance-nodulation-cell division (RND) antibiotic efflux pump,aminocoumarin antibiotic;carbapenem;cephalosporin;diaminopyrimidine antibiotic;fluoroquinolone antibiotic;macrolide antibiotic;monobactam;penicillin beta-lactam;peptide antibiotic;phenicol antibiotic;sulfonamide antibiotic;tetracycline antibiotic,antibiotic efflux
ARO:3000800,resistance-nodulation-cell division (RND) antibiotic efflux pump,aminocoumarin antibiotic;aminoglycoside antibiotic;cephalosporin;diaminopyrimidine antibiotic;fluoroquinolone antibiotic;macrolide antibiotic;penicillin beta-lactam;phenicol antibiotic;tetracycline antibiotic,antibiotic efflux
ARO:3000801,resistance-nodulation-cell division (RND) antibiotic efflux pump,aminocoumarin antibiotic;aminoglycoside antibiotic;cephalosporin;diaminopyrimidine antibiotic;fluoroquinolone antibiotic;macrolide antibiotic;penicillin beta-lactam;phenicol antibiotic;tetracycline antibiotic,antibiotic efflux
ARO:3000803,resistance-nodulation-cell division (RND) antibiotic efflux pump,diaminopyrimidine antibiotic;fluoroquinolone antibiotic;phenicol antibiotic,antibiotic efflux
ARO:3000804,resistance-nodulation-cell division (RND) antibiotic efflux pump,diaminopyrimidine antibiotic;fluoroquinolone antibiotic;phenicol antibiotic,antibiotic efflux
ARO:3000806,resistance-nodulation-cell division (RND) antibiotic efflux pump,disinfecting agents and antiseptics;fluoroquinolone antibiotic;tetracycline antibiotic,antibiotic efflux
ARO:3000807,resistance-nodulation-cell division (RND) antibiotic efflux pump,disinfecting agents and antiseptics;fluoroquinolone antibiotic;tetracycline antibiotic,antibiotic efflux
ARO:3000808,resistance-nodulation-cell division (RND) antibiotic efflux pump,disinfecting agents and antiseptics;fluoroquinolone antibiotic;tetracycline antibiotic,antibiotic efflux
ARO:3003692,resistance-nodulation-cell division (RND) antibiotic efflux pump,disinfecting agents and antiseptics;macrolide antibiotic;tetracycline antibiotic,antibiotic efflux
ARO:3003693,resistance-nodulation-cell division (RND) antibiotic efflux pump,disinfecting agents and antiseptics;macrolide antibiotic;tetracycline antibiotic,antibiotic efflux
ARO:3003710,resistance-nodulation-cell division (RND) antibiotic efflux pump,disinfecting agents and antiseptics;macrolide antibiotic;tetracycline antibiotic,antibiotic efflux
ARO:3003704,resistance-nodulation-cell division (RND) antibiotic efflux pump,phenicol antibiotic,antibiotic efflux
ARO:3003705,resistance-nodulation-cell division (RND) antibiotic efflux pump,phenicol antibiotic,antibiotic efflux
ARO:3003698,resistance-nodulation-cell division (RND) antibiotic efflux pump,carbapenem;diaminopyrimidine antibiotic;disinfecting agents and antiseptics;macrolide antibiotic;phenicol antibiotic;tetracycline antibiotic,antibiotic efflux
ARO:3003699,resistance-nodulation-cell division (RND) antibiotic efflux pump,carbapenem;diaminopyrimidine antibiotic;disinfecting agents and antiseptics;macrolide antibiotic;phenicol antibiotic;tetracycline antibiotic,antibiotic efflux
ARO:3000506,resistance-nodulation-cell division (RND) antibiotic efflux pump,aminocoumarin antibiotic;carbapenem;cephalosporin;diaminopyrimidine antibiotic;fluoroquinolone antibiotic;macrolide antibiotic;monobactam;penicillin beta-lactam;peptide antibiotic;phenicol antibiotic;sulfonamide antibiotic;tetracycline antibiotic,antibiotic efflux;antibiotic target alteration
ARO:3000506,resistance-nodulation-cell division (RND) antibiotic efflux pump,aminocoumarin antibiotic;carbapenem;cephalosporin;diaminopyrimidine antibiotic;fluoroquinolone antibiotic;macrolide antibiotic;monobactam;penicillin beta-lactam;peptide antibiotic;phenicol antibiotic;sulfonamide antibiotic;tetracycline antibiotic,antibiotic efflux;antibiotic target alteration
ARO:3000813,resistance-nodulation-cell division (RND) antibiotic efflux pump,diaminopyrimidine antibiotic;fluoroquinolone antibiotic;phenicol antibiotic,antibiotic efflux
ARO:3000814,resistance-nodulation-cell division (RND) antibiotic efflux pump,diaminopyrimidine antibiotic;fluoroquinolone antibiotic;phenicol antibiotic,antibiotic efflux
ARO:3003030,resistance-nodulation-cell division (RND) antibiotic efflux pump,disinfecting agents and antiseptics;fluoroquinolone antibiotic;macrolide antibiotic;phenicol antibiotic;tetracycline antibiotic,antibiotic efflux
ARO:3003031,resistance-nodulation-cell division (RND) antibiotic efflux pump,disinfecting agents and antiseptics;fluoroquinolone antibiotic;macrolide antibiotic;phenicol antibiotic;tetracycline antibiotic,antibiotic efflux
ARO:3003034,resistance-nodulation-cell division (RND) antibiotic efflux pump,aminoglycoside antibiotic;carbapenem;cephalosporin;disinfecting agents and antiseptics;fluoroquinolone antibiotic;macrolide antibiotic;penicillin beta-lactam;phenicol antibiotic;tetracycline antibiotic,antibiotic efflux
ARO:3003033,resistance-nodulation-cell division (RND) antibiotic efflux pump,aminoglycoside antibiotic;carbapenem;cephalosporin;disinfecting agents and antiseptics;fluoroquinolone antibiotic;macrolide antibiotic;penicillin beta-lactam;phenicol antibiotic;tetracycline antibiotic,antibiotic efflux
ARO:3003709,resistance-nodulation-cell division (RND) antibiotic efflux pump,aminoglycoside antibiotic;carbapenem;cephalosporin;disinfecting agents and antiseptics;fluoroquinolone antibiotic;macrolide antibiotic;penicillin beta-lactam;phenicol antibiotic;tetracycline antibiotic,antibiotic efflux
ARO:3003844,quinolone resistance protein (qnr),fluoroquinolone antibiotic,antibiotic target protection
ARO:3003035,quinolone resistance protein (qnr),fluoroquinolone antibiotic,antibiotic target protection
ARO:3000815,ATP-binding cassette (ABC) antibiotic efflux pump;major facilitator superfamily (MFS) antibiotic efflux pump,cephalosporin;disinfecting agents and antiseptics;fluoroquinolone antibiotic;moenomycin antibiotic;penicillin beta-lactam;peptide antibiotic;tetracycline antibiotic,antibiotic efflux
ARO:3003820,transmembrane protein conferring colistin resistance,peptide antibiotic,resistance by absence
ARO:3000462,mgt macrolide glycotransferase,macrolide antibiotic,antibiotic inactivation
ARO:3002166,MIR beta-lactamase,cephalosporin;monobactam,antibiotic inactivation
ARO:3002175,MIR beta-lactamase,cephalosporin;monobactam,antibiotic inactivation
ARO:3002176,MIR beta-lactamase,cephalosporin;monobactam,antibiotic inactivation
ARO:3002177,MIR beta-lactamase,cephalosporin;monobactam,antibiotic inactivation
ARO:3002178,MIR beta-lactamase,cephalosporin;monobactam,antibiotic inactivation
ARO:3002179,MIR beta-lactamase,cephalosporin;monobactam,antibiotic inactivation
ARO:3002180,MIR beta-lactamase,cephalosporin;monobactam,antibiotic inactivation
ARO:3002181,MIR beta-lactamase,cephalosporin;monobactam,antibiotic inactivation
ARO:3003173,MIR beta-lactamase,cephalosporin;monobactam,antibiotic inactivation
ARO:3003139,MIR beta-lactamase,cephalosporin;monobactam,antibiotic inactivation
ARO:3006859,MIR beta-lactamase,cephalosporin;monobactam,antibiotic inactivation
ARO:3002168,MIR beta-lactamase,cephalosporin;monobactam,antibiotic inactivation
ARO:3006860,MIR beta-lactamase,cephalosporin;monobactam,antibiotic inactivation
ARO:3006861,MIR beta-lactamase,cephalosporin;monobactam,antibiotic inactivation
ARO:3006862,MIR beta-lactamase,cephalosporin;monobactam,antibiotic inactivation
ARO:3004745,MIR beta-lactamase,cephalosporin;monobactam,antibiotic inactivation
ARO:3008373,MIR beta-lactamase,cephalosporin;monobactam,antibiotic inactivation
ARO:3008374,MIR beta-lactamase,cephalosporin;monobactam,antibiotic inactivation
ARO:3008375,MIR beta-lactamase,cephalosporin;monobactam,antibiotic inactivation
ARO:3008376,MIR beta-lactamase,cephalosporin;monobactam,antibiotic inactivation
ARO:3002169,MIR beta-lactamase,cephalosporin;monobactam,antibiotic inactivation
ARO:3008377,MIR beta-lactamase,cephalosporin;monobactam,antibiotic inactivation
ARO:3008378,MIR beta-lactamase,cephalosporin;monobactam,antibiotic inactivation
ARO:3008379,MIR beta-lactamase,cephalosporin;monobactam,antibiotic inactivation
ARO:3008380,MIR beta-lactamase,cephalosporin;monobactam,antibiotic inactivation
ARO:3008381,MIR beta-lactamase,cephalosporin;monobactam,antibiotic inactivation
ARO:3008382,MIR beta-lactamase,cephalosporin;monobactam,antibiotic inactivation
ARO:3002167,MIR beta-lactamase,cephalosporin;monobactam,antibiotic inactivation
ARO:3002170,MIR beta-lactamase,cephalosporin;monobactam,antibiotic inactivation
ARO:3002171,MIR beta-lactamase,cephalosporin;monobactam,antibiotic inactivation
ARO:3002172,MIR beta-lactamase,cephalosporin;monobactam,antibiotic inactivation
ARO:3002174,MIR beta-lactamase,cephalosporin;monobactam,antibiotic inactivation
ARO:3005042,ATP-binding cassette (ABC) antibiotic efflux pump,glycopeptide antibiotic;oxazolidinone antibiotic,antibiotic efflux
ARO:3005041,ATP-binding cassette (ABC) antibiotic efflux pump,glycopeptide antibiotic;oxazolidinone antibiotic,antibiotic efflux
ARO:3006952,MOC beta-lactamase,carbapenem,antibiotic inactivation
ARO:3006953,MOR beta-lactamase,cephalosporin,antibiotic inactivation
ARO:3004138,23S rRNA with mutation conferring resistance to macrolide antibiotics,glycopeptide antibiotic;lincosamide antibiotic;macrolide antibiotic;phenicol antibiotic;pleuromutilin antibiotic;streptogramin A antibiotic;streptogramin B antibiotic;streptogramin antibiotic,antibiotic target alteration
ARO:3004124,General Bacterial Porin with reduced permeability to beta-lactams,carbapenem;cephalosporin;monobactam;penicillin beta-lactam,reduced permeability to antibiotic;resistance by absence
ARO:3003306,fluoroquinolone resistant gyrB,aminocoumarin antibiotic;fluoroquinolone antibiotic,antibiotic target alteration
ARO:3002182,MOX beta-lactamase,cephalosporin;penicillin beta-lactam,antibiotic inactivation
ARO:3003140,MOX beta-lactamase,cephalosporin;penicillin beta-lactam,antibiotic inactivation
ARO:3003141,MOX beta-lactamase,cephalosporin;penicillin beta-lactam,antibiotic inactivation
ARO:3006477,MOX beta-lactamase,cephalosporin;penicillin beta-lactam,antibiotic inactivation
ARO:3006478,MOX beta-lactamase,cephalosporin;penicillin beta-lactam,antibiotic inactivation
ARO:3006479,MOX beta-lactamase,cephalosporin;penicillin beta-lactam,antibiotic inactivation
ARO:3008383,MOX beta-lactamase,cephalosporin;penicillin beta-lactam,antibiotic inactivation
ARO:3008384,MOX beta-lactamase,cephalosporin;penicillin beta-lactam,antibiotic inactivation
ARO:3008385,MOX beta-lactamase,cephalosporin;penicillin beta-lactam,antibiotic inactivation
ARO:3008386,MOX beta-lactamase,cephalosporin;penicillin beta-lactam,antibiotic inactivation
ARO:3008387,MOX beta-lactamase,cephalosporin;penicillin beta-lactam,antibiotic inactivation
ARO:3002183,MOX beta-lactamase,cephalosporin;penicillin beta-lactam,antibiotic inactivation
ARO:3008388,MOX beta-lactamase,cephalosporin;penicillin beta-lactam,antibiotic inactivation
ARO:3008389,MOX beta-lactamase,cephalosporin;penicillin beta-lactam,antibiotic inactivation
ARO:3008390,MOX beta-lactamase,cephalosporin;penicillin beta-lactam,antibiotic inactivation
ARO:3008391,MOX beta-lactamase,cephalosporin;penicillin beta-lactam,antibiotic inactivation
ARO:3008392,MOX beta-lactamase,cephalosporin;penicillin beta-lactam,antibiotic inactivation
ARO:3008393,MOX beta-lactamase,cephalosporin;penicillin beta-lactam,antibiotic inactivation
ARO:3002186,MOX beta-lactamase,cephalosporin;penicillin beta-lactam,antibiotic inactivation
ARO:3002184,MOX beta-lactamase,cephalosporin;penicillin beta-lactam,antibiotic inactivation
ARO:3002188,MOX beta-lactamase,cephalosporin;penicillin beta-lactam,antibiotic inactivation
ARO:3002185,MOX beta-lactamase,cephalosporin;penicillin beta-lactam,antibiotic inactivation
ARO:3002189,MOX beta-lactamase,cephalosporin;penicillin beta-lactam,antibiotic inactivation
ARO:3002190,MOX beta-lactamase,cephalosporin;penicillin beta-lactam,antibiotic inactivation
ARO:3002191,MOX beta-lactamase,cephalosporin;penicillin beta-lactam,antibiotic inactivation
ARO:3000316,macrolide phosphotransferase (MPH),macrolide antibiotic,antibiotic inactivation
ARO:3000318,macrolide phosphotransferase (MPH),macrolide antibiotic,antibiotic inactivation
ARO:3000319,macrolide phosphotransferase (MPH),macrolide antibiotic,antibiotic inactivation
ARO:3003741,macrolide phosphotransferase (MPH),macrolide antibiotic,antibiotic inactivation
ARO:3003071,macrolide phosphotransferase (MPH),macrolide antibiotic,antibiotic inactivation
ARO:3003742,macrolide phosphotransferase (MPH),macrolide antibiotic,antibiotic inactivation
ARO:3004539,macrolide phosphotransferase (MPH),macrolide antibiotic,antibiotic inactivation
ARO:3003991,macrolide phosphotransferase (MPH),macrolide antibiotic,antibiotic inactivation
ARO:3004544,macrolide phosphotransferase (MPH),macrolide antibiotic,antibiotic inactivation
ARO:3004541,macrolide phosphotransferase (MPH),macrolide antibiotic,antibiotic inactivation
ARO:3003072,macrolide phosphotransferase (MPH),macrolide antibiotic,antibiotic inactivation
ARO:3003767,macrolide phosphotransferase (MPH),macrolide antibiotic,antibiotic inactivation
ARO:3004542,macrolide phosphotransferase (MPH),macrolide antibiotic,antibiotic inactivation
ARO:3004543,macrolide phosphotransferase (MPH),macrolide antibiotic,antibiotic inactivation
ARO:3007050,major facilitator superfamily (MFS) antibiotic efflux pump,macrolide antibiotic,antibiotic efflux
ARO:3003839,macrolide phosphotransferase (MPH),macrolide antibiotic,antibiotic inactivation
ARO:3003950,ATP-binding cassette (ABC) antibiotic efflux pump,nitroimidazole antibiotic,antibiotic efflux
ARO:3003718,MSI beta-lactamase,carbapenem,antibiotic inactivation
ARO:3003719,MSI-OXA family beta-lactamase,carbapenem,antibiotic inactivation
ARO:3000251,msr-type ABC-F protein,macrolide antibiotic;streptogramin B antibiotic;streptogramin antibiotic,antibiotic target protection
ARO:3002818,msr-type ABC-F protein,macrolide antibiotic;streptogramin B antibiotic;streptogramin antibiotic,antibiotic target protection
ARO:3002819,msr-type ABC-F protein,macrolide antibiotic;streptogramin B antibiotic;streptogramin antibiotic,antibiotic target protection
ARO:3003109,msr-type ABC-F protein,macrolide antibiotic;streptogramin antibiotic,antibiotic target protection
ARO:3005087,msr-type ABC-F protein,macrolide antibiotic;streptogramin antibiotic,antibiotic target protection
ARO:3007042,msr-type ABC-F protein,macrolide antibiotic;streptogramin antibiotic,antibiotic target protection
ARO:3005088,msr-type ABC-F protein,macrolide antibiotic;streptogramin antibiotic,antibiotic target protection
ARO:3007043,msr-type ABC-F protein,macrolide antibiotic;phosphonic acid antibiotic;streptogramin antibiotic,antibiotic target protection
ARO:3000816,resistance-nodulation-cell division (RND) antibiotic efflux pump,macrolide antibiotic,antibiotic efflux
ARO:3000810,resistance-nodulation-cell division (RND) antibiotic efflux pump,macrolide antibiotic,antibiotic efflux
ARO:3000811,resistance-nodulation-cell division (RND) antibiotic efflux pump,macrolide antibiotic,antibiotic efflux
ARO:3000812,resistance-nodulation-cell division (RND) antibiotic efflux pump,macrolide antibiotic,antibiotic efflux
ARO:3000817,major facilitator superfamily (MFS) antibiotic efflux pump;resistance-nodulation-cell division (RND) antibiotic efflux pump,antibacterial free fatty acids;macrolide antibiotic,antibiotic efflux
ARO:3008394,MUN beta-lactamase,cephalosporin,antibiotic inactivation
ARO:3008395,MUN beta-lactamase,cephalosporin,antibiotic inactivation
ARO:3000843,MUS beta-lactamase,carbapenem;penicillin beta-lactam,antibiotic inactivation
ARO:3003842,MUS beta-lactamase,carbapenem;penicillin beta-lactam,antibiotic inactivation
ARO:3004073,resistance-nodulation-cell division (RND) antibiotic efflux pump,aminocoumarin antibiotic;macrolide antibiotic;monobactam;tetracycline antibiotic,antibiotic efflux
ARO:3004074,resistance-nodulation-cell division (RND) antibiotic efflux pump,aminocoumarin antibiotic;macrolide antibiotic;monobactam;tetracycline antibiotic,antibiotic efflux
ARO:3004075,resistance-nodulation-cell division (RND) antibiotic efflux pump,aminocoumarin antibiotic;macrolide antibiotic;monobactam;tetracycline antibiotic,antibiotic efflux
ARO:3004069,resistance-nodulation-cell division (RND) antibiotic efflux pump,diaminopyrimidine antibiotic;fluoroquinolone antibiotic;phenicol antibiotic,antibiotic efflux
ARO:3007476,antibiotic resistant ATP synthase,diarylquinoline antibiotic,antibiotic target alteration
ARO:3004164,23S rRNA with mutation conferring resistance to macrolide antibiotics,glycopeptide antibiotic;lincosamide antibiotic;macrolide antibiotic;phenicol antibiotic;pleuromutilin antibiotic;streptogramin A antibiotic;streptogramin B antibiotic;streptogramin antibiotic,antibiotic target alteration
ARO:3007473,fluoroquinolone resistant gyrA,fluoroquinolone antibiotic;nybomycin-like antibiotic,antibiotic target alteration
ARO:3004167,23S rRNA with mutation conferring resistance to macrolide antibiotics,glycopeptide antibiotic;lincosamide antibiotic;macrolide antibiotic;phenicol antibiotic;pleuromutilin antibiotic;streptogramin A antibiotic;streptogramin B antibiotic;streptogramin antibiotic,antibiotic target alteration
ARO:3004166,23S rRNA with mutation conferring resistance to macrolide antibiotics,glycopeptide antibiotic;lincosamide antibiotic;macrolide antibiotic;phenicol antibiotic;pleuromutilin antibiotic;streptogramin A antibiotic;streptogramin B antibiotic;streptogramin antibiotic,antibiotic target alteration
ARO:3004168,23S rRNA with mutation conferring resistance to macrolide antibiotics,glycopeptide antibiotic;lincosamide antibiotic;macrolide antibiotic;phenicol antibiotic;pleuromutilin antibiotic;streptogramin A antibiotic;streptogramin B antibiotic;streptogramin antibiotic,antibiotic target alteration
ARO:3003389,dapsone resistant dihydropteroate synthase folP,sulfonamide antibiotic;sulfone antibiotic,antibiotic target alteration
ARO:3003298,fluoroquinolone resistant gyrA,fluoroquinolone antibiotic;nybomycin-like antibiotic,antibiotic target alteration
ARO:3003304,fluoroquinolone resistant gyrB,aminocoumarin antibiotic;fluoroquinolone antibiotic,antibiotic target alteration
ARO:3003284,rifamycin-resistant beta-subunit of RNA polymerase (rpoB),peptide antibiotic;rifamycin antibiotic,antibiotic target alteration;antibiotic target replacement
ARO:3003481,16s rRNA with mutation conferring resistance to aminoglycoside antibiotics,aminoglycoside antibiotic;glycopeptide antibiotic;glycylcycline;nucleoside antibiotic;peptide antibiotic;tetracycline antibiotic,antibiotic target alteration
ARO:3004853,16s rRNA with mutation conferring resistance to aminoglycoside antibiotics,aminoglycoside antibiotic;glycopeptide antibiotic;glycylcycline;nucleoside antibiotic;peptide antibiotic;tetracycline antibiotic,antibiotic target alteration
ARO:3003436,16s rRNA with mutation conferring resistance to aminoglycoside antibiotics,aminoglycoside antibiotic;glycopeptide antibiotic;glycylcycline;nucleoside antibiotic;peptide antibiotic;tetracycline antibiotic,antibiotic target alteration
ARO:3003480,16s rRNA with mutation conferring resistance to aminoglycoside antibiotics,aminoglycoside antibiotic;glycopeptide antibiotic;glycylcycline;nucleoside antibiotic;peptide antibiotic;tetracycline antibiotic,antibiotic target alteration
ARO:3003437,16s rRNA with mutation conferring resistance to peptide antibiotics,aminoglycoside antibiotic;glycopeptide antibiotic;glycylcycline;nucleoside antibiotic;peptide antibiotic;tetracycline antibiotic,antibiotic target alteration
ARO:3007536,16s rRNA with mutation conferring resistance to aminoglycoside antibiotics,aminoglycoside antibiotic;glycopeptide antibiotic;glycylcycline;nucleoside antibiotic;peptide antibiotic;tetracycline antibiotic,antibiotic target alteration
ARO:3007537,16s rRNA with mutation conferring resistance to aminoglycoside antibiotics,aminoglycoside antibiotic;glycopeptide antibiotic;glycylcycline;nucleoside antibiotic;peptide antibiotic;tetracycline antibiotic,antibiotic target alteration
ARO:3004937,23s rRNA with mutation conferring resistance to aminoglycoside antibiotics,aminoglycoside antibiotic;glycopeptide antibiotic;lincosamide antibiotic;macrolide antibiotic;phenicol antibiotic;pleuromutilin antibiotic;streptogramin A antibiotic;streptogramin B antibiotic;streptogramin antibiotic,antibiotic target alteration
ARO:3004951,ethambutol resistant aftA,polyamine antibiotic,antibiotic target alteration
ARO:3004921,Isoniazid resistant ahpC,isoniazid-like antibiotic,antibiotic target alteration
ARO:3004945,cycloserine resistant ald,cycloserine-like antibiotic,antibiotic target alteration
ARO:3004947,cycloserine resistant alr,cycloserine-like antibiotic,antibiotic target alteration
ARO:3007854,antibiotic resistant ATP synthase,diarylquinoline antibiotic,antibiotic target alteration
ARO:3004957,pyrazinamide resistant clpC1,pyrazine antibiotic,antibiotic target alteration
ARO:3004941,cycloserine resistant ddlA,cycloserine-like antibiotic,antibiotic target alteration
ARO:3007661,antibiotic resistant Mycobacterium tuberculosis nitroreductase,nitroimidazole antibiotic,antibiotic target alteration
ARO:3004918,fluoroquinolone resistant eccB5,fluoroquinolone antibiotic,antibiotic target alteration
ARO:3004919,fluoroquinolone resistant eccC5,fluoroquinolone antibiotic,antibiotic target alteration
ARO:3004963,kanamycin resistant eis,aminoglycoside antibiotic,antibiotic target alteration
ARO:3003453,ethambutol resistant embA,polyamine antibiotic,antibiotic target alteration
ARO:3003326,ethambutol resistant embB,polyamine antibiotic,antibiotic target alteration
ARO:3003465,rifamycin-resistant arabinosyltransferase,polyamine antibiotic;rifamycin antibiotic,antibiotic target alteration
ARO:3003327,ethambutol resistant embC,polyamine antibiotic,antibiotic target alteration
ARO:3003455,ethambutol resistant embR,polyamine antibiotic,antibiotic target alteration
ARO:3005105,isoniazid resistant ethA,isoniazid-like antibiotic;thioamide antibiotic,antibiotic target alteration
ARO:3005178,perchlozone resistant ethA,isoniazid-like antibiotic;thioamide antibiotic;thiosemicarbazone antibiotic,antibiotic target alteration
ARO:3005106,prothionamide resistant ethA,isoniazid-like antibiotic;thioamide antibiotic,antibiotic target alteration
ARO:3003458,ethionamide resistant ethA,isoniazid-like antibiotic;thioamide antibiotic,antibiotic target alteration
ARO:3004933,ethionamide resistant fabG1,thioamide antibiotic,antibiotic target alteration
ARO:3004922,isoniazid resistant fabG1,isoniazid-like antibiotic,antibiotic target alteration
ARO:3007811,prothionamide resistant fabG1,thioamide antibiotic,antibiotic target alteration
ARO:3007849,delamanid-resistant fgd1,nitroimidazole antibiotic,antibiotic target alteration
ARO:3004157,aminosalicylate resistant dihydrofolate synthase,salicylic acid antibiotic,antibiotic target alteration
ARO:3004923,isoniazid resistant furA,isoniazid-like antibiotic,antibiotic target alteration
ARO:3003470,antibiotic resistant gidB,aminoglycoside antibiotic,antibiotic target alteration
ARO:3004977,pyrazinamide resistant gpsI,pyrazine antibiotic,antibiotic target alteration
ARO:3003295,fluoroquinolone resistant gyrA,fluoroquinolone antibiotic;nybomycin-like antibiotic,antibiotic target alteration
ARO:3007806,fluoroquinolone resistant gyrA,fluoroquinolone antibiotic;nybomycin-like antibiotic,antibiotic target alteration
ARO:3007807,fluoroquinolone resistant gyrA,fluoroquinolone antibiotic;nybomycin-like antibiotic,antibiotic target alteration
ARO:3003459,fluoroquinolone resistant gyrB,aminocoumarin antibiotic;fluoroquinolone antibiotic,antibiotic target alteration
ARO:3007810,fluoroquinolone resistant gyrB,aminocoumarin antibiotic;fluoroquinolone antibiotic,antibiotic target alteration
ARO:3007808,fluoroquinolone resistant gyrB,aminocoumarin antibiotic;fluoroquinolone antibiotic,antibiotic target alteration
ARO:3004924,isoniazid resistant inbR,isoniazid-like antibiotic,antibiotic target alteration
ARO:3004876,inhA with mutations with conferring resistance to ethionamide,disinfecting agents and antiseptics;isoniazid-like antibiotic;thioamide antibiotic,antibiotic target alteration
ARO:3003393,isoniazid resistant inhA,disinfecting agents and antiseptics;isoniazid-like antibiotic,antibiotic target alteration
ARO:3003448,ethambutol resistant iniA,polyamine antibiotic,antibiotic efflux;antibiotic target alteration
ARO:3007798,isoniazid resistant iniA,isoniazid-like antibiotic,antibiotic efflux;antibiotic target alteration
ARO:3004135,Ethambutol resistant iniB,polyamine antibiotic,antibiotic efflux;antibiotic target alteration
ARO:3003451,Ethambutol resistant iniC,polyamine antibiotic,antibiotic efflux;antibiotic target alteration
ARO:3003784,antibiotic-resistant murA transferase,phosphonic acid antibiotic,antibiotic target alteration
ARO:3003463,antibiotic resistant kasA,disinfecting agents and antiseptics;isoniazid-like antibiotic,antibiotic target alteration
ARO:3003392,isoniazid resistant katG,isoniazid-like antibiotic,antibiotic target alteration
ARO:3005102,prothionamide resistant katG,thioamide antibiotic,antibiotic target alteration
ARO:3004978,pyrazinamide resistant mas,pyrazine antibiotic,antibiotic target alteration
ARO:3004929,isoniazid resistant mmaA3,isoniazid-like antibiotic,antibiotic target alteration
ARO:3004925,isoniazid resistant mshA,isoniazid-like antibiotic,antibiotic target alteration
ARO:3005108,prothionamide resistant mshA,thioamide antibiotic,antibiotic target alteration
ARO:3004934,ethionamide resistant mshC,thioamide antibiotic,antibiotic target alteration
ARO:3004927,isoniazid resistant mshC,isoniazid-like antibiotic,antibiotic target alteration
ARO:3004928,isoniazid resistant mymA,isoniazid-like antibiotic,antibiotic target alteration
ARO:3004930,isoniazid resistant nat,isoniazid-like antibiotic,antibiotic target alteration
ARO:3003461,antibiotic resistant ndh,isoniazid-like antibiotic,antibiotic target alteration
ARO:3004935,ethionamide resistant nudC,thioamide antibiotic,antibiotic target alteration
ARO:3004931,isoniazid resistant nudC,isoniazid-like antibiotic,antibiotic target alteration
ARO:3003394,Pyrazinamide resistant pncA,pyrazine antibiotic,antibiotic target alteration
ARO:3004960,rifamycin resistant ponA1,rifamycin antibiotic,antibiotic target alteration
ARO:3004975,antibiotic resistant polyketide synthase genes,pyrazine antibiotic,antibiotic target alteration
ARO:3004976,antibiotic resistant polyketide synthase genes,pyrazine antibiotic,antibiotic target alteration
ARO:3004184,aminosalicylate resistant dihydrofolate reductase,salicylic acid antibiotic,antibiotic target replacement
ARO:3004999,rifampicin resistant rpoA,rifamycin antibiotic,antibiotic target alteration
ARO:3003283,rifamycin-resistant beta-subunit of RNA polymerase (rpoB),peptide antibiotic;rifamycin antibiotic,antibiotic target alteration;antibiotic target replacement
ARO:3004994,rifampicin resistant rpoC,rifamycin antibiotic,antibiotic target alteration
ARO:3004721,pyrazinamide resistant rpsA,pyrazine antibiotic,antibiotic target alteration
ARO:3003395,antibiotic-resistant rpsL,aminoglycoside antibiotic,antibiotic target alteration
ARO:3004981,pyrazinamide resistant Rv0191,pyrazine antibiotic,antibiotic target alteration
ARO:3004955,Ethionamide resistant Rv0565c,thioamide antibiotic,antibiotic target alteration
ARO:3007674,bedaquiline resistant Rv0678,diarylquinoline antibiotic,antibiotic target alteration
ARO:3007852,clofazimine resistant Rv0678,fluoroquinolone antibiotic,antibiotic target alteration
ARO:3007185,multidrug resistant Rv1258c,aminoglycoside antibiotic;isoniazid-like antibiotic;polyamine antibiotic;pyrazine antibiotic,antibiotic target alteration
ARO:3007186,multidrug resistant Rv1258c,aminoglycoside antibiotic;isoniazid-like antibiotic;polyamine antibiotic;pyrazine antibiotic,antibiotic target alteration
ARO:3004971,streptomycin resistant Rv1258c,aminoglycoside antibiotic,antibiotic target alteration
ARO:3004984,pyrazinamide resistant Rv1667,pyrazine antibiotic,antibiotic target alteration
ARO:3007692,bedaquiline resistant Rv2535c,diarylquinoline antibiotic;fluoroquinolone antibiotic,antibiotic target alteration
ARO:3004987,pyrazinamide resistant Rv2731,pyrazine antibiotic,antibiotic target alteration
ARO:3004993,pyrazinamide resistant Rv3169,pyrazine antibiotic,antibiotic target alteration
ARO:3004932,isoniazid resistant sigI,isoniazid-like antibiotic,antibiotic target alteration
ARO:3004153,aminosalicylate resistant thymidylate synthase,salicylic acid antibiotic,antibiotic target alteration
ARO:3003445,Antibiotic resistant tlyA,aminoglycoside antibiotic,antibiotic target alteration
ARO:3007805,Antibiotic resistant tlyA,aminoglycoside antibiotic,antibiotic target alteration
ARO:3004950,ethambutol resistant ubiA,polyamine antibiotic,antibiotic target alteration
ARO:3003325,ethambutol resistant embB,polyamine antibiotic,antibiotic target alteration
ARO:3003779,antibiotic resistant ndh,isoniazid-like antibiotic,antibiotic target alteration
ARO:3004968,streptomycin resistant whib7,aminoglycoside antibiotic,antibiotic target alteration
ARO:3004967,Kanamycin resistant whib7,aminoglycoside antibiotic,antibiotic target alteration
ARO:3003239,16s rRNA with mutation conferring resistance to aminoglycoside antibiotics,aminoglycoside antibiotic;glycopeptide antibiotic;glycylcycline;nucleoside antibiotic;peptide antibiotic;tetracycline antibiotic,antibiotic target alteration
ARO:3003240,16s rRNA with mutation conferring resistance to aminoglycoside antibiotics,aminoglycoside antibiotic;glycopeptide antibiotic;glycylcycline;nucleoside antibiotic;peptide antibiotic;tetracycline antibiotic,antibiotic target alteration
ARO:3003236,16s rRNA with mutation conferring resistance to aminoglycoside antibiotics,aminoglycoside antibiotic;glycopeptide antibiotic;glycylcycline;nucleoside antibiotic;peptide antibiotic;tetracycline antibiotic,antibiotic target alteration
ARO:3003238,16s rRNA with mutation conferring resistance to aminoglycoside antibiotics,aminoglycoside antibiotic;glycopeptide antibiotic;glycylcycline;nucleoside antibiotic;peptide antibiotic;tetracycline antibiotic,antibiotic target alteration
ARO:3003237,16s rRNA with mutation conferring resistance to aminoglycoside antibiotics,aminoglycoside antibiotic;glycopeptide antibiotic;glycylcycline;nucleoside antibiotic;peptide antibiotic;tetracycline antibiotic,antibiotic target alteration
ARO:3004163,23S rRNA with mutation conferring resistance to macrolide antibiotics,glycopeptide antibiotic;lincosamide antibiotic;macrolide antibiotic;phenicol antibiotic;pleuromutilin antibiotic;streptogramin A antibiotic;streptogramin B antibiotic;streptogramin antibiotic,antibiotic target alteration
ARO:3003514,16s rRNA with mutation conferring resistance to aminoglycoside antibiotics,aminoglycoside antibiotic;glycopeptide antibiotic;glycylcycline;nucleoside antibiotic;peptide antibiotic;tetracycline antibiotic,antibiotic target alteration
ARO:3003517,16s rRNA with mutation conferring resistance to aminoglycoside antibiotics,aminoglycoside antibiotic;glycopeptide antibiotic;glycylcycline;nucleoside antibiotic;peptide antibiotic;tetracycline antibiotic,antibiotic target alteration
ARO:3003515,16s rRNA with mutation conferring resistance to aminoglycoside antibiotics,aminoglycoside antibiotic;glycopeptide antibiotic;glycylcycline;nucleoside antibiotic;peptide antibiotic;tetracycline antibiotic,antibiotic target alteration
ARO:3003518,16s rRNA with mutation conferring resistance to aminoglycoside antibiotics,aminoglycoside antibiotic;glycopeptide antibiotic;glycylcycline;nucleoside antibiotic;peptide antibiotic;tetracycline antibiotic,antibiotic target alteration
ARO:3003516,16s rRNA with mutation conferring resistance to aminoglycoside antibiotics,aminoglycoside antibiotic;glycopeptide antibiotic;glycylcycline;nucleoside antibiotic;peptide antibiotic;tetracycline antibiotic,antibiotic target alteration
ARO:3004165,23S rRNA with mutation conferring resistance to macrolide antibiotics,glycopeptide antibiotic;lincosamide antibiotic;macrolide antibiotic;phenicol antibiotic;pleuromutilin antibiotic;streptogramin A antibiotic;streptogramin B antibiotic;streptogramin antibiotic,antibiotic target alteration
ARO:3003539,16s rRNA with mutation conferring resistance to aminoglycoside antibiotics,aminoglycoside antibiotic;glycopeptide antibiotic;glycylcycline;nucleoside antibiotic;peptide antibiotic;tetracycline antibiotic,antibiotic target alteration
ARO:3003543,16s rRNA with mutation conferring resistance to aminoglycoside antibiotics,aminoglycoside antibiotic;glycopeptide antibiotic;glycylcycline;nucleoside antibiotic;peptide antibiotic;tetracycline antibiotic,antibiotic target alteration
ARO:3003544,16s rRNA with mutation conferring resistance to aminoglycoside antibiotics,aminoglycoside antibiotic;glycopeptide antibiotic;glycylcycline;nucleoside antibiotic;peptide antibiotic;tetracycline antibiotic,antibiotic target alteration
ARO:3003546,16s rRNA with mutation conferring resistance to peptide antibiotics,aminoglycoside antibiotic;glycopeptide antibiotic;glycylcycline;nucleoside antibiotic;peptide antibiotic;tetracycline antibiotic,antibiotic target alteration
ARO:3003540,16s rRNA with mutation conferring resistance to aminoglycoside antibiotics,aminoglycoside antibiotic;glycopeptide antibiotic;glycylcycline;nucleoside antibiotic;peptide antibiotic;tetracycline antibiotic,antibiotic target alteration
ARO:3003542,16s rRNA with mutation conferring resistance to aminoglycoside antibiotics,aminoglycoside antibiotic;glycopeptide antibiotic;glycylcycline;nucleoside antibiotic;peptide antibiotic;tetracycline antibiotic,antibiotic target alteration
ARO:3003545,16s rRNA with mutation conferring resistance to aminoglycoside antibiotics,aminoglycoside antibiotic;glycopeptide antibiotic;glycylcycline;nucleoside antibiotic;peptide antibiotic;tetracycline antibiotic,antibiotic target alteration
ARO:3003541,16s rRNA with mutation conferring resistance to aminoglycoside antibiotics,aminoglycoside antibiotic;glycopeptide antibiotic;glycylcycline;nucleoside antibiotic;peptide antibiotic;tetracycline antibiotic,antibiotic target alteration
ARO:3003547,16s rRNA with mutation conferring resistance to peptide antibiotics,aminoglycoside antibiotic;glycopeptide antibiotic;glycylcycline;nucleoside antibiotic;peptide antibiotic;tetracycline antibiotic,antibiotic target alteration
ARO:3004169,23S rRNA with mutation conferring resistance to macrolide antibiotics,glycopeptide antibiotic;lincosamide antibiotic;macrolide antibiotic;phenicol antibiotic;pleuromutilin antibiotic;streptogramin A antibiotic;streptogramin B antibiotic;streptogramin antibiotic,antibiotic target alteration
ARO:3003778,antibiotic resistant ndh,isoniazid-like antibiotic,antibiotic target alteration
ARO:3004159,23S rRNA with mutation conferring resistance to pleuromutilin antibiotics,glycopeptide antibiotic;lincosamide antibiotic;macrolide antibiotic;phenicol antibiotic;pleuromutilin antibiotic;streptogramin A antibiotic;streptogramin B antibiotic;streptogramin antibiotic,antibiotic target alteration
ARO:3004616,23S rRNA with mutation conferring resistance to macrolide antibiotics,fluoroquinolone antibiotic;glycopeptide antibiotic;lincosamide antibiotic;macrolide antibiotic;phenicol antibiotic;pleuromutilin antibiotic;streptogramin A antibiotic;streptogramin B antibiotic;streptogramin antibiotic,antibiotic target alteration
ARO:3004631,fluoroquinolone resistant gyrA,fluoroquinolone antibiotic;nybomycin-like antibiotic,antibiotic target alteration
ARO:3004630,fluoroquinolone resistant parC,fluoroquinolone antibiotic,antibiotic target alteration
ARO:3004176,23S rRNA with mutation conferring resistance to macrolide antibiotics,glycopeptide antibiotic;lincosamide antibiotic;macrolide antibiotic;phenicol antibiotic;pleuromutilin antibiotic;streptogramin A antibiotic;streptogramin B antibiotic;streptogramin antibiotic,antibiotic target alteration
ARO:3003310,fluoroquinolone resistant parC,fluoroquinolone antibiotic,antibiotic target alteration
ARO:3004179,23S rRNA with mutation conferring resistance to macrolide antibiotics,glycopeptide antibiotic;lincosamide antibiotic;macrolide antibiotic;phenicol antibiotic;pleuromutilin antibiotic;streptogramin A antibiotic;streptogramin B antibiotic;streptogramin antibiotic,antibiotic target alteration
ARO:3004177,23S rRNA with mutation conferring resistance to macrolide antibiotics,glycopeptide antibiotic;lincosamide antibiotic;macrolide antibiotic;phenicol antibiotic;pleuromutilin antibiotic;streptogramin A antibiotic;streptogramin B antibiotic;streptogramin antibiotic,antibiotic target alteration
ARO:3006954,MYO beta-lactamase,carbapenem,antibiotic inactivation
ARO:3001300,non-erm 23S ribosomal RNA methyltransferase (G748),lincosamide antibiotic;macrolide antibiotic,antibiotic target alteration
ARO:3006955,MYX beta-lactamase,carbapenem,antibiotic inactivation
ARO:3000818,resistance-nodulation-cell division (RND) antibiotic efflux pump,aminocoumarin antibiotic;carbapenem;cephalosporin;diaminopyrimidine antibiotic;fluoroquinolone antibiotic;macrolide antibiotic;monobactam;penicillin beta-lactam;peptide antibiotic;phenicol antibiotic;sulfonamide antibiotic;tetracycline antibiotic,antibiotic efflux
ARO:3000819,resistance-nodulation-cell division (RND) antibiotic efflux pump,aminocoumarin antibiotic;carbapenem;cephalosporin;diaminopyrimidine antibiotic;fluoroquinolone antibiotic;macrolide antibiotic;monobactam;penicillin beta-lactam;peptide antibiotic;phenicol antibiotic;sulfonamide antibiotic;tetracycline antibiotic,antibiotic efflux
ARO:3000589,NDM beta-lactamase,carbapenem;cephalosporin;penicillin beta-lactam,antibiotic inactivation
ARO:3002360,NDM beta-lactamase,carbapenem;cephalosporin;penicillin beta-lactam,antibiotic inactivation
ARO:3002361,NDM beta-lactamase,carbapenem;cephalosporin;penicillin beta-lactam,antibiotic inactivation
ARO:3002362,NDM beta-lactamase,carbapenem;cephalosporin;penicillin beta-lactam,antibiotic inactivation
ARO:3003182,NDM beta-lactamase,carbapenem;cephalosporin;penicillin beta-lactam,antibiotic inactivation
ARO:3003183,NDM beta-lactamase,carbapenem;cephalosporin;penicillin beta-lactam,antibiotic inactivation
ARO:3003663,NDM beta-lactamase,carbapenem;cephalosporin;penicillin beta-lactam,antibiotic inactivation
ARO:3003664,NDM beta-lactamase,carbapenem;cephalosporin;penicillin beta-lactam,antibiotic inactivation
ARO:3007202,NDM beta-lactamase,carbapenem;cephalosporin;penicillin beta-lactam,antibiotic inactivation
ARO:3004093,NDM beta-lactamase,carbapenem;cephalosporin;penicillin beta-lactam,antibiotic inactivation
ARO:3004861,NDM beta-lactamase,carbapenem;cephalosporin;penicillin beta-lactam,antibiotic inactivation
ARO:3004862,NDM beta-lactamase,carbapenem;cephalosporin;penicillin beta-lactam,antibiotic inactivation
ARO:3000590,NDM beta-lactamase,carbapenem;cephalosporin;penicillin beta-lactam,antibiotic inactivation
ARO:3004863,NDM beta-lactamase,carbapenem;cephalosporin;penicillin beta-lactam,antibiotic inactivation
ARO:3004864,NDM beta-lactamase,carbapenem;cephalosporin;penicillin beta-lactam,antibiotic inactivation
ARO:3004865,NDM beta-lactamase,carbapenem;cephalosporin;penicillin beta-lactam,antibiotic inactivation
ARO:3004866,NDM beta-lactamase,carbapenem;cephalosporin;penicillin beta-lactam,antibiotic inactivation
ARO:3004867,NDM beta-lactamase,carbapenem;cephalosporin;penicillin beta-lactam,antibiotic inactivation
ARO:3004868,NDM beta-lactamase,carbapenem;cephalosporin;penicillin beta-lactam,antibiotic inactivation
ARO:3004869,NDM beta-lactamase,carbapenem;cephalosporin;penicillin beta-lactam,antibiotic inactivation
ARO:3004870,NDM beta-lactamase,carbapenem;cephalosporin;penicillin beta-lactam,antibiotic inactivation
ARO:3004871,NDM beta-lactamase,carbapenem;cephalosporin;penicillin beta-lactam,antibiotic inactivation
ARO:3005131,NDM beta-lactamase,carbapenem;cephalosporin;penicillin beta-lactam,antibiotic inactivation
ARO:3002354,NDM beta-lactamase,carbapenem;cephalosporin;penicillin beta-lactam,antibiotic inactivation
ARO:3005700,NDM beta-lactamase,carbapenem;cephalosporin;penicillin beta-lactam,antibiotic inactivation
ARO:3005701,NDM beta-lactamase,carbapenem;cephalosporin;penicillin beta-lactam,antibiotic inactivation
ARO:3007023,NDM beta-lactamase,carbapenem;cephalosporin;fluoroquinolone antibiotic;penicillin beta-lactam,antibiotic inactivation
ARO:3007211,NDM beta-lactamase,carbapenem;cephalosporin;penicillin beta-lactam,antibiotic inactivation
ARO:3007212,NDM beta-lactamase,carbapenem;cephalosporin;penicillin beta-lactam,antibiotic inactivation
ARO:3007213,NDM beta-lactamase,carbapenem;cephalosporin;penicillin beta-lactam,antibiotic inactivation
ARO:3007214,NDM beta-lactamase,carbapenem;cephalosporin;penicillin beta-lactam,antibiotic inactivation
ARO:3007215,NDM beta-lactamase,carbapenem;cephalosporin;penicillin beta-lactam,antibiotic inactivation
ARO:3007216,NDM beta-lactamase,carbapenem;cephalosporin;penicillin beta-lactam,antibiotic inactivation
ARO:3002355,NDM beta-lactamase,carbapenem;cephalosporin;penicillin beta-lactam,antibiotic inactivation
ARO:3007217,NDM beta-lactamase,carbapenem;cephalosporin;penicillin beta-lactam,antibiotic inactivation
ARO:3007218,NDM beta-lactamase,carbapenem;cephalosporin;penicillin beta-lactam,antibiotic inactivation
ARO:3007219,NDM beta-lactamase,carbapenem;cephalosporin;penicillin beta-lactam,antibiotic inactivation
ARO:3007220,NDM beta-lactamase,carbapenem;cephalosporin;penicillin beta-lactam,antibiotic inactivation
ARO:3007443,NDM beta-lactamase,carbapenem;cephalosporin;penicillin beta-lactam,antibiotic inactivation
ARO:3007444,NDM beta-lactamase,carbapenem;cephalosporin;penicillin beta-lactam,antibiotic inactivation
ARO:3007445,NDM beta-lactamase,carbapenem;cephalosporin;penicillin beta-lactam,antibiotic inactivation
ARO:3007447,NDM beta-lactamase,carbapenem;cephalosporin;penicillin beta-lactam,antibiotic inactivation
ARO:3008396,NDM beta-lactamase,carbapenem;cephalosporin;penicillin beta-lactam,antibiotic inactivation
ARO:3008397,NDM beta-lactamase,carbapenem;cephalosporin;penicillin beta-lactam,antibiotic inactivation
ARO:3000467,NDM beta-lactamase,carbapenem;cephalosporin;penicillin beta-lactam,antibiotic inactivation
ARO:3008398,NDM beta-lactamase,carbapenem;cephalosporin;penicillin beta-lactam,antibiotic inactivation
ARO:3008399,NDM beta-lactamase,carbapenem;cephalosporin;penicillin beta-lactam,antibiotic inactivation
ARO:3008400,NDM beta-lactamase,carbapenem;cephalosporin;penicillin beta-lactam,antibiotic inactivation
ARO:3008401,NDM beta-lactamase,carbapenem;cephalosporin;penicillin beta-lactam,antibiotic inactivation
ARO:3008402,NDM beta-lactamase,carbapenem;cephalosporin;penicillin beta-lactam,antibiotic inactivation
ARO:3008403,NDM beta-lactamase,carbapenem;cephalosporin;penicillin beta-lactam,antibiotic inactivation
ARO:3008404,NDM beta-lactamase,carbapenem;cephalosporin;penicillin beta-lactam,antibiotic inactivation
ARO:3008405,NDM beta-lactamase,carbapenem;cephalosporin;penicillin beta-lactam,antibiotic inactivation
ARO:3008406,NDM beta-lactamase,carbapenem;cephalosporin;penicillin beta-lactam,antibiotic inactivation
ARO:3002356,NDM beta-lactamase,carbapenem;cephalosporin;penicillin beta-lactam,antibiotic inactivation
ARO:3008407,NDM beta-lactamase,carbapenem;cephalosporin;penicillin beta-lactam,antibiotic inactivation
ARO:3008408,NDM beta-lactamase,carbapenem;cephalosporin;penicillin beta-lactam,antibiotic inactivation
ARO:3008409,NDM beta-lactamase,carbapenem;cephalosporin;penicillin beta-lactam,antibiotic inactivation
ARO:3008410,NDM beta-lactamase,carbapenem;cephalosporin;penicillin beta-lactam,antibiotic inactivation
ARO:3008411,NDM beta-lactamase,carbapenem;cephalosporin;penicillin beta-lactam,antibiotic inactivation
ARO:3008412,NDM beta-lactamase,carbapenem;cephalosporin;penicillin beta-lactam,antibiotic inactivation
ARO:3008413,NDM beta-lactamase,carbapenem;cephalosporin;penicillin beta-lactam,antibiotic inactivation
ARO:3008414,NDM beta-lactamase,carbapenem;cephalosporin;penicillin beta-lactam,antibiotic inactivation
ARO:3002357,NDM beta-lactamase,carbapenem;cephalosporin;penicillin beta-lactam,antibiotic inactivation
ARO:3008415,NDM beta-lactamase,carbapenem;cephalosporin;penicillin beta-lactam,antibiotic inactivation
ARO:3008416,NDM beta-lactamase,carbapenem;cephalosporin;penicillin beta-lactam,antibiotic inactivation
ARO:3008417,NDM beta-lactamase,carbapenem;cephalosporin;penicillin beta-lactam,antibiotic inactivation
ARO:3008418,NDM beta-lactamase,carbapenem;cephalosporin;penicillin beta-lactam,antibiotic inactivation
ARO:3008419,NDM beta-lactamase,carbapenem;cephalosporin;penicillin beta-lactam,antibiotic inactivation
ARO:3002358,NDM beta-lactamase,carbapenem;cephalosporin;penicillin beta-lactam,antibiotic inactivation
ARO:3002359,CMY beta-lactamase;CTX-M beta-lactamase;IMP beta-lactamase;KPC beta-lactamase;NDM beta-lactamase;OXA beta-lactamase;OXA-1-like beta-lactamase;OXA-48-like beta-lactamase;SHV beta-lactamase;VIM beta-lactamase,carbapenem;cephalosporin;monobactam;penicillin beta-lactam,antibiotic inactivation
ARO:3003495,16s rRNA with mutation conferring resistance to aminoglycoside antibiotics,aminoglycoside antibiotic;glycopeptide antibiotic;glycylcycline;nucleoside antibiotic;peptide antibiotic;tetracycline antibiotic,antibiotic target alteration
ARO:3004836,23S rRNA with mutation conferring resistance to macrolide antibiotics,glycopeptide antibiotic;lincosamide antibiotic;macrolide antibiotic;phenicol antibiotic;pleuromutilin antibiotic;streptogramin A antibiotic;streptogramin B antibiotic;streptogramin antibiotic,antibiotic target alteration
ARO:3004873,sulfonamide resistant dihydropteroate synthase folP,sulfonamide antibiotic;sulfone antibiotic,antibiotic target alteration
ARO:3003928,fluoroquinolone resistant gyrA,fluoroquinolone antibiotic;nybomycin-like antibiotic,antibiotic target alteration
ARO:3004859,Zoliflodacin resistant gyrB,aminocoumarin antibiotic;zoliflodacin-like antibiotic,antibiotic target alteration
ARO:3005004,resistance-nodulation-cell division (RND) antibiotic efflux pump,macrolide antibiotic,antibiotic efflux
ARO:3004851,resistance-nodulation-cell division (RND) antibiotic efflux pump,macrolide antibiotic,antibiotic efflux
ARO:3003929,fluoroquinolone resistant parC,fluoroquinolone antibiotic,antibiotic target alteration
ARO:3004833,Penicillin-binding protein mutations conferring resistance to beta-lactam antibiotics,carbapenem;cephalosporin;monobactam;penicillin beta-lactam,antibiotic target alteration
ARO:3004832,Penicillin-binding protein mutations conferring resistance to beta-lactam antibiotics,carbapenem;cephalosporin;monobactam;penicillin beta-lactam,antibiotic target alteration
ARO:3004835,Penicillin-binding protein mutations conferring resistance to beta-lactam antibiotics,carbapenem;cephalosporin;monobactam;penicillin beta-lactam,antibiotic target alteration
ARO:3000464,General Bacterial Porin with reduced permeability to beta-lactams,carbapenem;cephalosporin;monobactam;penicillin beta-lactam;tetracycline antibiotic,reduced permeability to antibiotic
ARO:3004956,50S rRNA with mutation conferring resistance to macrolide antibiotics,glycopeptide antibiotic;macrolide antibiotic,antibiotic target alteration
ARO:3003497,16s rRNA with mutation conferring resistance to aminoglycoside antibiotics,aminoglycoside antibiotic;glycopeptide antibiotic;glycylcycline;nucleoside antibiotic;peptide antibiotic;tetracycline antibiotic,antibiotic target alteration
ARO:3003937,Penicillin-binding protein mutations conferring resistance to beta-lactam antibiotics,carbapenem;cephalosporin;monobactam;penicillin beta-lactam,antibiotic target alteration
ARO:3007104,nitroimidazole reductase,nitroimidazole antibiotic,antibiotic inactivation
ARO:3004655,nitroimidazole reductase,nitroimidazole antibiotic,antibiotic inactivation
ARO:3007105,nitroimidazole reductase,nitroimidazole antibiotic,antibiotic inactivation
ARO:3007106,nitroimidazole reductase,nitroimidazole antibiotic,antibiotic inactivation
ARO:3007107,nitroimidazole reductase,nitroimidazole antibiotic,antibiotic inactivation
ARO:3007108,nitroimidazole reductase,nitroimidazole antibiotic,antibiotic inactivation
ARO:3007109,nitroimidazole reductase,nitroimidazole antibiotic,antibiotic inactivation
ARO:3007110,nitroimidazole reductase,nitroimidazole antibiotic,antibiotic inactivation
ARO:3007111,nitroimidazole reductase,nitroimidazole antibiotic,antibiotic inactivation
ARO:3007112,nitroimidazole reductase,nitroimidazole antibiotic,antibiotic inactivation
ARO:3007113,nitroimidazole reductase,nitroimidazole antibiotic,antibiotic inactivation
ARO:3003589,IMI beta-lactamase,carbapenem;cephalosporin;penicillin beta-lactam,antibiotic inactivation
ARO:3003665,IMI beta-lactamase,carbapenem;cephalosporin;penicillin beta-lactam,antibiotic inactivation
ARO:3007210,rifampin monooxygenase,rifamycin antibiotic,antibiotic inactivation
ARO:3000391,major facilitator superfamily (MFS) antibiotic efflux pump,disinfecting agents and antiseptics;fluoroquinolone antibiotic,antibiotic efflux
ARO:3000421,major facilitator superfamily (MFS) antibiotic efflux pump,fluoroquinolone antibiotic,antibiotic efflux
ARO:3007010,major facilitator superfamily (MFS) antibiotic efflux pump,disinfecting agents and antiseptics;fluoroquinolone antibiotic,antibiotic efflux
ARO:3002522,ATP-binding cassette (ABC) antibiotic efflux pump,aminocoumarin antibiotic,antibiotic efflux
ARO:3002665,16S rRNA methyltransferase (A1408),aminoglycoside antibiotic,antibiotic target alteration
ARO:3004239,NPS beta-lactamase,cephalosporin;penicillin beta-lactam,antibiotic inactivation
ARO:3007848,NWM beta-lactamase,carbapenem,antibiotic inactivation
ARO:3002514,OCH beta-lactamase,cephalosporin;monobactam;penicillin beta-lactam,antibiotic inactivation
ARO:3002515,OCH beta-lactamase,cephalosporin;monobactam;penicillin beta-lactam,antibiotic inactivation
ARO:3002516,OCH beta-lactamase,cephalosporin;monobactam;penicillin beta-lactam,antibiotic inactivation
ARO:3002517,OCH beta-lactamase,cephalosporin;monobactam;penicillin beta-lactam,antibiotic inactivation
ARO:3002518,OCH beta-lactamase,cephalosporin;monobactam;penicillin beta-lactam,antibiotic inactivation
ARO:3002519,OCH beta-lactamase,cephalosporin;monobactam;penicillin beta-lactam,antibiotic inactivation
ARO:3002520,OCH beta-lactamase,cephalosporin;monobactam;penicillin beta-lactam,antibiotic inactivation
ARO:3002521,OCH beta-lactamase,cephalosporin;monobactam;penicillin beta-lactam,antibiotic inactivation
ARO:3006956,OHIO beta-lactamase,cephalosporin,antibiotic inactivation
ARO:3002418,OKP beta-lactamase,cephalosporin;penicillin beta-lactam,antibiotic inactivation
ARO:3002427,OKP beta-lactamase,cephalosporin;penicillin beta-lactam,antibiotic inactivation
ARO:3002428,OKP beta-lactamase,cephalosporin;penicillin beta-lactam,antibiotic inactivation
ARO:3002429,OKP beta-lactamase,cephalosporin;penicillin beta-lactam,antibiotic inactivation
ARO:3002430,OKP beta-lactamase,cephalosporin;penicillin beta-lactam,antibiotic inactivation
ARO:3002431,OKP beta-lactamase,cephalosporin;penicillin beta-lactam,antibiotic inactivation
ARO:3002432,OKP beta-lactamase,cephalosporin;penicillin beta-lactam,antibiotic inactivation
ARO:3002433,OKP beta-lactamase,cephalosporin;penicillin beta-lactam,antibiotic inactivation
ARO:3006141,OKP beta-lactamase,cephalosporin;penicillin beta-lactam,antibiotic inactivation
ARO:3002419,OKP beta-lactamase,cephalosporin;penicillin beta-lactam,antibiotic inactivation
ARO:3002420,OKP beta-lactamase,cephalosporin;penicillin beta-lactam,antibiotic inactivation
ARO:3002421,OKP beta-lactamase,cephalosporin;penicillin beta-lactam,antibiotic inactivation
ARO:3002422,OKP beta-lactamase,cephalosporin;penicillin beta-lactam,antibiotic inactivation
ARO:3002423,OKP beta-lactamase,cephalosporin;penicillin beta-lactam,antibiotic inactivation
ARO:3002424,OKP beta-lactamase,cephalosporin;penicillin beta-lactam,antibiotic inactivation
ARO:3002425,OKP beta-lactamase,cephalosporin;penicillin beta-lactam,antibiotic inactivation
ARO:3002426,OKP beta-lactamase,cephalosporin;penicillin beta-lactam,antibiotic inactivation
ARO:3002434,OKP beta-lactamase,cephalosporin;penicillin beta-lactam,antibiotic inactivation
ARO:3002443,OKP beta-lactamase,cephalosporin;penicillin beta-lactam,antibiotic inactivation
ARO:3002444,OKP beta-lactamase,cephalosporin;penicillin beta-lactam,antibiotic inactivation
ARO:3002445,OKP beta-lactamase,cephalosporin;penicillin beta-lactam,antibiotic inactivation
ARO:3002446,OKP beta-lactamase,cephalosporin;penicillin beta-lactam,antibiotic inactivation
ARO:3002447,OKP beta-lactamase,cephalosporin;penicillin beta-lactam,antibiotic inactivation
ARO:3006142,OKP beta-lactamase,cephalosporin;penicillin beta-lactam,antibiotic inactivation
ARO:3002450,OKP beta-lactamase,cephalosporin;penicillin beta-lactam,antibiotic inactivation
ARO:3002451,OKP beta-lactamase,cephalosporin;penicillin beta-lactam,antibiotic inactivation
ARO:3002452,OKP beta-lactamase,cephalosporin;penicillin beta-lactam,antibiotic inactivation
ARO:3002435,OKP beta-lactamase,cephalosporin;penicillin beta-lactam,antibiotic inactivation
ARO:3002453,OKP beta-lactamase,cephalosporin;penicillin beta-lactam,antibiotic inactivation
ARO:3006143,OKP beta-lactamase,cephalosporin;penicillin beta-lactam,antibiotic inactivation
ARO:3006144,OKP beta-lactamase,cephalosporin;penicillin beta-lactam,antibiotic inactivation
ARO:3006145,OKP beta-lactamase,cephalosporin;penicillin beta-lactam,antibiotic inactivation
ARO:3006146,OKP beta-lactamase,cephalosporin;penicillin beta-lactam,antibiotic inactivation
ARO:3002436,OKP beta-lactamase,cephalosporin;penicillin beta-lactam,antibiotic inactivation
ARO:3006147,OKP beta-lactamase,cephalosporin;penicillin beta-lactam,antibiotic inactivation
ARO:3006148,OKP beta-lactamase,cephalosporin;penicillin beta-lactam,antibiotic inactivation
ARO:3002437,OKP beta-lactamase,cephalosporin;penicillin beta-lactam,antibiotic inactivation
ARO:3006149,OKP beta-lactamase,cephalosporin;penicillin beta-lactam,antibiotic inactivation
ARO:3006150,OKP beta-lactamase,cephalosporin;penicillin beta-lactam,antibiotic inactivation
ARO:3006151,OKP beta-lactamase,cephalosporin;penicillin beta-lactam,antibiotic inactivation
ARO:3002438,OKP beta-lactamase,cephalosporin;penicillin beta-lactam,antibiotic inactivation
ARO:3002439,OKP beta-lactamase,cephalosporin;penicillin beta-lactam,antibiotic inactivation
ARO:3002440,OKP beta-lactamase,cephalosporin;penicillin beta-lactam,antibiotic inactivation
ARO:3002441,OKP beta-lactamase,cephalosporin;penicillin beta-lactam,antibiotic inactivation
ARO:3002442,OKP beta-lactamase,cephalosporin;penicillin beta-lactam,antibiotic inactivation
ARO:3006152,OKP beta-lactamase,cephalosporin;penicillin beta-lactam,antibiotic inactivation
ARO:3006153,OKP beta-lactamase,cephalosporin;penicillin beta-lactam,antibiotic inactivation
ARO:3003036,Miscellaneous ABC-F subfamily ATP-binding cassette ribosomal protection proteins,macrolide antibiotic,antibiotic target protection
ARO:3003748,ATP-binding cassette (ABC) antibiotic efflux pump,macrolide antibiotic,antibiotic efflux
ARO:3000865,ole glycosyltransferase,macrolide antibiotic,antibiotic inactivation
ARO:3000866,ole glycosyltransferase,macrolide antibiotic,antibiotic inactivation
ARO:3005044,General Bacterial Porin with reduced permeability to peptide antibiotics,peptide antibiotic,reduced permeability to antibiotic
ARO:3003037,resistance-nodulation-cell division (RND) antibiotic efflux pump,aminoglycoside antibiotic;fluoroquinolone antibiotic,antibiotic efflux
ARO:3004072,resistance-nodulation-cell division (RND) antibiotic efflux pump,aminocoumarin antibiotic;macrolide antibiotic;monobactam;tetracycline antibiotic,antibiotic efflux
ARO:3000809,resistance-nodulation-cell division (RND) antibiotic efflux pump,disinfecting agents and antiseptics;fluoroquinolone antibiotic;tetracycline antibiotic,antibiotic efflux
ARO:3003700,resistance-nodulation-cell division (RND) antibiotic efflux pump,carbapenem;diaminopyrimidine antibiotic;disinfecting agents and antiseptics;macrolide antibiotic;phenicol antibiotic;tetracycline antibiotic,antibiotic efflux
ARO:3003682,resistance-nodulation-cell division (RND) antibiotic efflux pump,disinfecting agents and antiseptics,antibiotic efflux
ARO:3003039,resistance-nodulation-cell division (RND) antibiotic efflux pump,aminoglycoside antibiotic;carbapenem;fluoroquinolone antibiotic;macrolide antibiotic;tetracycline antibiotic,antibiotic efflux
ARO:3000802,resistance-nodulation-cell division (RND) antibiotic efflux pump,aminocoumarin antibiotic;aminoglycoside antibiotic;cephalosporin;diaminopyrimidine antibiotic;fluoroquinolone antibiotic;macrolide antibiotic;penicillin beta-lactam;phenicol antibiotic;tetracycline antibiotic,antibiotic efflux
ARO:3000379,resistance-nodulation-cell division (RND) antibiotic efflux pump,aminocoumarin antibiotic;aminoglycoside antibiotic;carbapenem;cephalosporin;diaminopyrimidine antibiotic;disinfecting agents and antiseptics;fluoroquinolone antibiotic;macrolide antibiotic;monobactam;penicillin beta-lactam;peptide antibiotic;phenicol antibiotic;sulfonamide antibiotic;tetracycline antibiotic,antibiotic efflux
ARO:3000805,resistance-nodulation-cell division (RND) antibiotic efflux pump,diaminopyrimidine antibiotic;fluoroquinolone antibiotic;phenicol antibiotic,antibiotic efflux
ARO:3004142,resistance-nodulation-cell division (RND) antibiotic efflux pump,aminoglycoside antibiotic;cephalosporin;fluoroquinolone antibiotic;macrolide antibiotic,antibiotic efflux
ARO:3003746,Miscellaneous ABC-F subfamily ATP-binding cassette ribosomal protection proteins,oxazolidinone antibiotic;phenicol antibiotic,antibiotic target protection
ARO:3003922,resistance-nodulation-cell division (RND) antibiotic efflux pump,diaminopyrimidine antibiotic;fluoroquinolone antibiotic;glycylcycline;nitrofuran antibiotic;tetracycline antibiotic,antibiotic efflux
ARO:3003923,resistance-nodulation-cell division (RND) antibiotic efflux pump,diaminopyrimidine antibiotic;fluoroquinolone antibiotic;glycylcycline;nitrofuran antibiotic;tetracycline antibiotic,antibiotic efflux
ARO:3006957,ORN beta-lactamase,carbapenem;cephalosporin,antibiotic inactivation
ARO:3006958,ORN beta-lactamase,carbapenem;cephalosporin,antibiotic inactivation
ARO:3006959,ORN beta-lactamase,carbapenem;cephalosporin,antibiotic inactivation
ARO:3006960,ORN beta-lactamase,carbapenem;cephalosporin,antibiotic inactivation
ARO:3006961,ORN beta-lactamase,carbapenem;cephalosporin,antibiotic inactivation
ARO:3006962,ORN beta-lactamase,carbapenem;cephalosporin,antibiotic inactivation
ARO:3006963,ORR beta-lactamase,carbapenem,antibiotic inactivation
ARO:3002892,major facilitator superfamily (MFS) antibiotic efflux pump,tetracycline antibiotic,antibiotic efflux
ARO:3002894,ATP-binding cassette (ABC) antibiotic efflux pump,tetracycline antibiotic,antibiotic efflux
ARO:3001396,OXA beta-lactamase;OXA-1-like beta-lactamase,cephalosporin;penicillin beta-lactam,antibiotic inactivation
ARO:3001405,OXA beta-lactamase;OXA-10-like beta-lactamase,cephalosporin;penicillin beta-lactam,antibiotic inactivation
ARO:3001438,OXA beta-lactamase;OXA-51-like beta-lactamase,carbapenem;penicillin beta-lactam,antibiotic inactivation
ARO:3008421,OXA beta-lactamase;OXA-213-like beta-lactamase,carbapenem;penicillin beta-lactam,antibiotic inactivation
ARO:3008422,OXA beta-lactamase;OXA-229-like beta-lactamase,carbapenem;penicillin beta-lactam,antibiotic inactivation
ARO:3008423,OXA beta-lactamase;OXA-213-like beta-lactamase,carbapenem;penicillin beta-lactam,antibiotic inactivation
ARO:3008424,OXA beta-lactamase;OXA-213-like beta-lactamase,carbapenem;penicillin beta-lactam,antibiotic inactivation
ARO:3008425,OXA beta-lactamase;OXA-294-like beta-lactamase,penicillin beta-lactam,antibiotic inactivation
ARO:3008426,OXA beta-lactamase;OXA-134-like beta-lactamase,carbapenem;penicillin beta-lactam,antibiotic inactivation
ARO:3008427,OXA beta-lactamase,penicillin beta-lactam,antibiotic inactivation
ARO:3008428,OXA beta-lactamase;OXA-213-like beta-lactamase,carbapenem;penicillin beta-lactam,antibiotic inactivation
ARO:3008429,OXA beta-lactamase;OXA-213-like beta-lactamase,carbapenem;penicillin beta-lactam,antibiotic inactivation
ARO:3008430,OXA beta-lactamase;OXA-213-like beta-lactamase,carbapenem;penicillin beta-lactam,antibiotic inactivation
ARO:3001439,OXA beta-lactamase;OXA-10-like beta-lactamase,cephalosporin;penicillin beta-lactam,antibiotic inactivation
ARO:3008431,OXA beta-lactamase;OXA-213-like beta-lactamase,carbapenem;penicillin beta-lactam,antibiotic inactivation
ARO:3008432,OXA beta-lactamase,penicillin beta-lactam,antibiotic inactivation
ARO:3008433,OXA beta-lactamase;OXA-48-like beta-lactamase,carbapenem;penicillin beta-lactam,antibiotic inactivation
ARO:3008434,OXA beta-lactamase;OXA-51-like beta-lactamase,carbapenem;penicillin beta-lactam,antibiotic inactivation
ARO:3008435,OXA beta-lactamase;OXA-50-like beta-lactamase,penicillin beta-lactam,antibiotic inactivation
ARO:3008436,OXA beta-lactamase;OXA-10-like beta-lactamase,cephalosporin;penicillin beta-lactam,antibiotic inactivation
ARO:3008437,OXA beta-lactamase;OXA-372-like beta-lactamase,carbapenem;penicillin beta-lactam,antibiotic inactivation
ARO:3008438,OXA beta-lactamase;OXA-2-like beta-lactamase,cephalosporin;penicillin beta-lactam,antibiotic inactivation
ARO:3008439,OXA beta-lactamase;OXA-50-like beta-lactamase,penicillin beta-lactam,antibiotic inactivation
ARO:3008440,OXA beta-lactamase;OXA-50-like beta-lactamase,penicillin beta-lactam,antibiotic inactivation
ARO:3008441,OXA beta-lactamase;OXA-50-like beta-lactamase,penicillin beta-lactam,antibiotic inactivation
ARO:3008442,OXA beta-lactamase;OXA-50-like beta-lactamase,penicillin beta-lactam,antibiotic inactivation
ARO:3008443,OXA beta-lactamase;OXA-50-like beta-lactamase,penicillin beta-lactam,antibiotic inactivation
ARO:3008444,OXA beta-lactamase;OXA-50-like beta-lactamase,penicillin beta-lactam,antibiotic inactivation
ARO:3008445,OXA beta-lactamase;OXA-50-like beta-lactamase,penicillin beta-lactam,antibiotic inactivation
ARO:3008446,OXA beta-lactamase;OXA-50-like beta-lactamase,penicillin beta-lactam,antibiotic inactivation
ARO:3008447,OXA beta-lactamase;OXA-50-like beta-lactamase,penicillin beta-lactam,antibiotic inactivation
ARO:3008448,OXA beta-lactamase;OXA-50-like beta-lactamase,penicillin beta-lactam,antibiotic inactivation
ARO:3008449,OXA beta-lactamase;OXA-50-like beta-lactamase,penicillin beta-lactam,antibiotic inactivation
ARO:3008450,OXA beta-lactamase;OXA-50-like beta-lactamase,penicillin beta-lactam,antibiotic inactivation
ARO:3001707,OXA beta-lactamase;OXA-23-like beta-lactamase,carbapenem;penicillin beta-lactam,antibiotic inactivation
ARO:3008451,OXA beta-lactamase;OXA-50-like beta-lactamase,penicillin beta-lactam,antibiotic inactivation
ARO:3008452,OXA beta-lactamase;OXA-50-like beta-lactamase,penicillin beta-lactam,antibiotic inactivation
ARO:3008453,OXA beta-lactamase;OXA-50-like beta-lactamase,penicillin beta-lactam,antibiotic inactivation
ARO:3008454,OXA beta-lactamase;OXA-50-like beta-lactamase,penicillin beta-lactam,antibiotic inactivation
ARO:3008455,OXA beta-lactamase;OXA-50-like beta-lactamase,penicillin beta-lactam,antibiotic inactivation
ARO:3008456,OXA beta-lactamase;OXA-50-like beta-lactamase,penicillin beta-lactam,antibiotic inactivation
ARO:3008457,OXA beta-lactamase,penicillin beta-lactam,antibiotic inactivation
ARO:3008458,OXA beta-lactamase,penicillin beta-lactam,antibiotic inactivation
ARO:3007561,OXA beta-lactamase;OXA-48-like beta-lactamase,carbapenem;penicillin beta-lactam,antibiotic inactivation
ARO:3007562,OXA beta-lactamase;OXA-48-like beta-lactamase,carbapenem;penicillin beta-lactam,antibiotic inactivation
ARO:3001636,OXA beta-lactamase;OXA-51-like beta-lactamase,carbapenem;penicillin beta-lactam,antibiotic inactivation
ARO:3008459,OXA beta-lactamase;OXA-24-like beta-lactamase,carbapenem;penicillin beta-lactam,antibiotic inactivation
ARO:3008460,OXA beta-lactamase,penicillin beta-lactam,antibiotic inactivation
ARO:3008461,OXA beta-lactamase;OXA-1-like beta-lactamase,cephalosporin;penicillin beta-lactam,antibiotic inactivation
ARO:3008462,OXA beta-lactamase,penicillin beta-lactam,antibiotic inactivation
ARO:3008463,OXA beta-lactamase;OXA-211-like beta-lactamase,carbapenem;penicillin beta-lactam,antibiotic inactivation
ARO:3008464,OXA beta-lactamase;OXA-213-like beta-lactamase,carbapenem;penicillin beta-lactam,antibiotic inactivation
ARO:3008465,OXA beta-lactamase;OXA-10-like beta-lactamase,cephalosporin;penicillin beta-lactam,antibiotic inactivation
ARO:3008466,OXA beta-lactamase;OXA-51-like beta-lactamase,carbapenem;penicillin beta-lactam,antibiotic inactivation
ARO:3008467,OXA beta-lactamase;OXA-51-like beta-lactamase,carbapenem;penicillin beta-lactam,antibiotic inactivation
ARO:3008468,OXA beta-lactamase;OXA-2-like beta-lactamase,cephalosporin;penicillin beta-lactam,antibiotic inactivation
ARO:3001708,OXA beta-lactamase,penicillin beta-lactam,antibiotic inactivation
ARO:3008469,OXA beta-lactamase;OXA-213-like beta-lactamase,carbapenem;penicillin beta-lactam,antibiotic inactivation
ARO:3008470,OXA beta-lactamase;OXA-679-like beta-lactamase,carbapenem;penicillin beta-lactam,antibiotic inactivation
ARO:3008471,OXA beta-lactamase;OXA-229-like beta-lactamase,carbapenem;penicillin beta-lactam,antibiotic inactivation
ARO:3008472,OXA beta-lactamase;OXA-10-like beta-lactamase,cephalosporin;penicillin beta-lactam,antibiotic inactivation
ARO:3008473,OXA beta-lactamase;OXA-48-like beta-lactamase,carbapenem;penicillin beta-lactam,antibiotic inactivation
ARO:3008474,OXA beta-lactamase;OXA-198-like beta-lactamase,carbapenem;penicillin beta-lactam,antibiotic inactivation
ARO:3008475,OXA beta-lactamase;OXA-198-like beta-lactamase,carbapenem;penicillin beta-lactam,antibiotic inactivation
ARO:3008476,OXA beta-lactamase;OXA-51-like beta-lactamase,carbapenem;penicillin beta-lactam,antibiotic inactivation
ARO:3008477,OXA beta-lactamase;OXA-51-like beta-lactamase,carbapenem;penicillin beta-lactam,antibiotic inactivation
ARO:3001637,OXA beta-lactamase;OXA-51-like beta-lactamase,carbapenem;penicillin beta-lactam,antibiotic inactivation
ARO:3008478,OXA beta-lactamase;OXA-51-like beta-lactamase,carbapenem;penicillin beta-lactam,antibiotic inactivation
ARO:3008479,OXA beta-lactamase;OXA-51-like beta-lactamase,carbapenem;penicillin beta-lactam,antibiotic inactivation
ARO:3008480,OXA beta-lactamase;OXA-51-like beta-lactamase,carbapenem;penicillin beta-lactam,antibiotic inactivation
ARO:3008481,OXA beta-lactamase;OXA-51-like beta-lactamase,carbapenem;penicillin beta-lactam,antibiotic inactivation
ARO:3008482,OXA beta-lactamase;OXA-51-like beta-lactamase,carbapenem;penicillin beta-lactam,antibiotic inactivation
ARO:3008483,OXA beta-lactamase;OXA-51-like beta-lactamase,carbapenem;penicillin beta-lactam,antibiotic inactivation
ARO:3008484,OXA beta-lactamase;OXA-51-like beta-lactamase,carbapenem;penicillin beta-lactam,antibiotic inactivation
ARO:3008485,OXA beta-lactamase;OXA-51-like beta-lactamase,carbapenem;penicillin beta-lactam,antibiotic inactivation
ARO:3008486,OXA beta-lactamase;OXA-51-like beta-lactamase,carbapenem;penicillin beta-lactam,antibiotic inactivation
ARO:3008487,OXA beta-lactamase;OXA-51-like beta-lactamase,carbapenem;penicillin beta-lactam,antibiotic inactivation
ARO:3001638,OXA beta-lactamase;OXA-51-like beta-lactamase,carbapenem;penicillin beta-lactam,antibiotic inactivation
ARO:3008488,OXA beta-lactamase;OXA-51-like beta-lactamase,carbapenem;penicillin beta-lactam,antibiotic inactivation
ARO:3008489,OXA beta-lactamase;OXA-51-like beta-lactamase,carbapenem;penicillin beta-lactam,antibiotic inactivation
ARO:3008490,OXA beta-lactamase;OXA-51-like beta-lactamase,carbapenem;penicillin beta-lactam,antibiotic inactivation
ARO:3008491,OXA beta-lactamase;OXA-51-like beta-lactamase,carbapenem;penicillin beta-lactam,antibiotic inactivation
ARO:3008492,OXA beta-lactamase;OXA-51-like beta-lactamase,carbapenem;penicillin beta-lactam,antibiotic inactivation
ARO:3008493,OXA beta-lactamase;OXA-51-like beta-lactamase,carbapenem;penicillin beta-lactam,antibiotic inactivation
ARO:3008494,OXA beta-lactamase;OXA-51-like beta-lactamase,carbapenem;penicillin beta-lactam,antibiotic inactivation
ARO:3008495,OXA beta-lactamase;OXA-51-like beta-lactamase,carbapenem;penicillin beta-lactam,antibiotic inactivation
ARO:3008496,OXA beta-lactamase;OXA-51-like beta-lactamase,carbapenem;penicillin beta-lactam,antibiotic inactivation
ARO:3008497,OXA beta-lactamase;OXA-51-like beta-lactamase,carbapenem;penicillin beta-lactam,antibiotic inactivation
ARO:3001639,OXA beta-lactamase;OXA-51-like beta-lactamase,carbapenem;penicillin beta-lactam,antibiotic inactivation
ARO:3008498,OXA beta-lactamase;OXA-51-like beta-lactamase,carbapenem;penicillin beta-lactam,antibiotic inactivation
ARO:3008499,OXA beta-lactamase;OXA-24-like beta-lactamase,carbapenem;penicillin beta-lactam,antibiotic inactivation
ARO:3008500,OXA beta-lactamase;OXA-2-like beta-lactamase,cephalosporin;penicillin beta-lactam,antibiotic inactivation
ARO:3008501,OXA beta-lactamase;OXA-2-like beta-lactamase,cephalosporin;penicillin beta-lactam,antibiotic inactivation
ARO:3008502,OXA beta-lactamase;OXA-2-like beta-lactamase,cephalosporin;penicillin beta-lactam,antibiotic inactivation
ARO:3008503,OXA beta-lactamase;OXA-2-like beta-lactamase,cephalosporin;penicillin beta-lactam,antibiotic inactivation
ARO:3008504,OXA beta-lactamase;OXA-10-like beta-lactamase,cephalosporin;penicillin beta-lactam,antibiotic inactivation
ARO:3008505,OXA beta-lactamase;OXA-10-like beta-lactamase,cephalosporin;penicillin beta-lactam,antibiotic inactivation
ARO:3008506,OXA beta-lactamase;OXA-10-like beta-lactamase,cephalosporin;penicillin beta-lactam,antibiotic inactivation
ARO:3008507,OXA beta-lactamase,penicillin beta-lactam,antibiotic inactivation
ARO:3001640,OXA beta-lactamase;OXA-51-like beta-lactamase,carbapenem;penicillin beta-lactam,antibiotic inactivation
ARO:3008508,OXA beta-lactamase,penicillin beta-lactam,antibiotic inactivation
ARO:3008509,OXA beta-lactamase,penicillin beta-lactam,antibiotic inactivation
ARO:3008510,OXA beta-lactamase;OXA-51-like beta-lactamase,carbapenem;penicillin beta-lactam,antibiotic inactivation
ARO:3008511,OXA beta-lactamase;OXA-51-like beta-lactamase,carbapenem;penicillin beta-lactam,antibiotic inactivation
ARO:3008512,OXA beta-lactamase;OXA-51-like beta-lactamase,carbapenem;penicillin beta-lactam,antibiotic inactivation
ARO:3008513,OXA beta-lactamase;OXA-23-like beta-lactamase,carbapenem;penicillin beta-lactam,antibiotic inactivation
ARO:3008514,OXA beta-lactamase;OXA-51-like beta-lactamase,carbapenem;penicillin beta-lactam,antibiotic inactivation
ARO:3008515,OXA beta-lactamase;OXA-51-like beta-lactamase,carbapenem;penicillin beta-lactam,antibiotic inactivation
ARO:3008516,OXA beta-lactamase;OXA-51-like beta-lactamase,carbapenem;penicillin beta-lactam,antibiotic inactivation
ARO:3008517,OXA beta-lactamase;OXA-63-like beta-lactamase,penicillin beta-lactam,antibiotic inactivation
ARO:3001406,OXA beta-lactamase;OXA-10-like beta-lactamase,cephalosporin;penicillin beta-lactam,antibiotic inactivation
ARO:3001641,OXA beta-lactamase;OXA-51-like beta-lactamase,carbapenem;penicillin beta-lactam,antibiotic inactivation
ARO:3008518,OXA beta-lactamase;OXA-63-like beta-lactamase,penicillin beta-lactam,antibiotic inactivation
ARO:3008519,OXA beta-lactamase;OXA-63-like beta-lactamase,penicillin beta-lactam,antibiotic inactivation
ARO:3008520,OXA beta-lactamase;OXA-63-like beta-lactamase,penicillin beta-lactam,antibiotic inactivation
ARO:3008521,OXA beta-lactamase;OXA-63-like beta-lactamase,penicillin beta-lactam,antibiotic inactivation
ARO:3008522,OXA beta-lactamase;OXA-63-like beta-lactamase,penicillin beta-lactam,antibiotic inactivation
ARO:3008523,OXA beta-lactamase;OXA-63-like beta-lactamase,penicillin beta-lactam,antibiotic inactivation
ARO:3008524,OXA beta-lactamase;OXA-63-like beta-lactamase,penicillin beta-lactam,antibiotic inactivation
ARO:3008525,OXA beta-lactamase;OXA-63-like beta-lactamase,penicillin beta-lactam,antibiotic inactivation
ARO:3008526,OXA beta-lactamase,penicillin beta-lactam,antibiotic inactivation
ARO:3008527,OXA beta-lactamase;OXA-51-like beta-lactamase,carbapenem;penicillin beta-lactam,antibiotic inactivation
ARO:3001642,OXA beta-lactamase;OXA-51-like beta-lactamase,carbapenem;penicillin beta-lactam,antibiotic inactivation
ARO:3008528,OXA beta-lactamase;OXA-134-like beta-lactamase,carbapenem;penicillin beta-lactam,antibiotic inactivation
ARO:3008529,OXA beta-lactamase;OXA-134-like beta-lactamase,carbapenem;penicillin beta-lactam,antibiotic inactivation
ARO:3008530,OXA beta-lactamase;OXA-134-like beta-lactamase,carbapenem;penicillin beta-lactam,antibiotic inactivation
ARO:3008531,OXA beta-lactamase;OXA-213-like beta-lactamase,carbapenem;penicillin beta-lactam,antibiotic inactivation
ARO:3008532,OXA beta-lactamase;OXA-213-like beta-lactamase,carbapenem;penicillin beta-lactam,antibiotic inactivation
ARO:3008533,OXA beta-lactamase;OXA-213-like beta-lactamase,carbapenem;penicillin beta-lactam,antibiotic inactivation
ARO:3008534,OXA beta-lactamase;OXA-134-like beta-lactamase,carbapenem;penicillin beta-lactam,antibiotic inactivation
ARO:3008535,OXA beta-lactamase;OXA-51-like beta-lactamase,carbapenem;penicillin beta-lactam,antibiotic inactivation
ARO:3008536,OXA beta-lactamase;OXA-51-like beta-lactamase,carbapenem;penicillin beta-lactam,antibiotic inactivation
ARO:3008537,OXA beta-lactamase;OXA-48-like beta-lactamase,carbapenem;penicillin beta-lactam,antibiotic inactivation
ARO:3001643,OXA beta-lactamase;OXA-51-like beta-lactamase,carbapenem;penicillin beta-lactam,antibiotic inactivation
ARO:3008538,OXA beta-lactamase;OXA-10-like beta-lactamase,cephalosporin;penicillin beta-lactam,antibiotic inactivation
ARO:3008539,OXA beta-lactamase;OXA-51-like beta-lactamase,carbapenem;penicillin beta-lactam,antibiotic inactivation
ARO:3008540,OXA beta-lactamase;OXA-51-like beta-lactamase,carbapenem;penicillin beta-lactam,antibiotic inactivation
ARO:3008541,OXA beta-lactamase;OXA-51-like beta-lactamase,carbapenem;penicillin beta-lactam,antibiotic inactivation
ARO:3008542,OXA beta-lactamase;OXA-50-like beta-lactamase,penicillin beta-lactam,antibiotic inactivation
ARO:3008543,OXA beta-lactamase;OXA-50-like beta-lactamase,penicillin beta-lactam,antibiotic inactivation
ARO:3008544,OXA beta-lactamase;OXA-50-like beta-lactamase,penicillin beta-lactam,antibiotic inactivation
ARO:3008545,OXA beta-lactamase;OXA-50-like beta-lactamase,penicillin beta-lactam,antibiotic inactivation
ARO:3008546,OXA beta-lactamase;OXA-50-like beta-lactamase,penicillin beta-lactam,antibiotic inactivation
ARO:3008547,OXA beta-lactamase;OXA-50-like beta-lactamase,penicillin beta-lactam,antibiotic inactivation
ARO:3001644,OXA beta-lactamase;OXA-51-like beta-lactamase,carbapenem;penicillin beta-lactam,antibiotic inactivation
ARO:3008548,OXA beta-lactamase;OXA-50-like beta-lactamase,penicillin beta-lactam,antibiotic inactivation
ARO:3008549,OXA beta-lactamase;OXA-50-like beta-lactamase,penicillin beta-lactam,antibiotic inactivation
ARO:3008550,OXA beta-lactamase;OXA-50-like beta-lactamase,penicillin beta-lactam,antibiotic inactivation
ARO:3008551,OXA beta-lactamase;OXA-50-like beta-lactamase,penicillin beta-lactam,antibiotic inactivation
ARO:3008552,OXA beta-lactamase;OXA-50-like beta-lactamase,penicillin beta-lactam,antibiotic inactivation
ARO:3008553,OXA beta-lactamase;OXA-50-like beta-lactamase,penicillin beta-lactam,antibiotic inactivation
ARO:3008554,OXA beta-lactamase;OXA-2-like beta-lactamase,cephalosporin;penicillin beta-lactam,antibiotic inactivation
ARO:3008555,OXA beta-lactamase;OXA-213-like beta-lactamase,carbapenem;penicillin beta-lactam,antibiotic inactivation
ARO:3008556,OXA beta-lactamase;OXA-213-like beta-lactamase,carbapenem;penicillin beta-lactam,antibiotic inactivation
ARO:3008557,OXA beta-lactamase;OXA-143-like beta-lactamase,carbapenem;penicillin beta-lactam,antibiotic inactivation
ARO:3008558,OXA beta-lactamase;OXA-50-like beta-lactamase,penicillin beta-lactam,antibiotic inactivation
ARO:3008559,OXA beta-lactamase;OXA-10-like beta-lactamase,cephalosporin;penicillin beta-lactam,antibiotic inactivation
ARO:3008560,OXA beta-lactamase,penicillin beta-lactam,antibiotic inactivation
ARO:3008561,OXA beta-lactamase,penicillin beta-lactam,antibiotic inactivation
ARO:3008562,OXA beta-lactamase;OXA-229-like beta-lactamase,carbapenem;penicillin beta-lactam,antibiotic inactivation
ARO:3008563,OXA beta-lactamase;OXA-286-like beta-lactamase,carbapenem;penicillin beta-lactam,antibiotic inactivation
ARO:3008564,OXA beta-lactamase;OXA-48-like beta-lactamase,carbapenem;penicillin beta-lactam,antibiotic inactivation
ARO:3008565,OXA beta-lactamase;OXA-10-like beta-lactamase,cephalosporin;penicillin beta-lactam,antibiotic inactivation
ARO:3008566,OXA beta-lactamase;OXA-10-like beta-lactamase,cephalosporin;penicillin beta-lactam,antibiotic inactivation
ARO:3008567,OXA beta-lactamase;OXA-62-like beta-lactamase,carbapenem;penicillin beta-lactam,antibiotic inactivation
ARO:3001609,OXA beta-lactamase;OXA-114-like beta-lactamase,penicillin beta-lactam,antibiotic inactivation
ARO:3005702,OXA beta-lactamase;OXA-114-like beta-lactamase,penicillin beta-lactam,antibiotic inactivation
ARO:3005703,OXA beta-lactamase;OXA-114-like beta-lactamase,penicillin beta-lactam,antibiotic inactivation
ARO:3005704,OXA beta-lactamase;OXA-114-like beta-lactamase,penicillin beta-lactam,antibiotic inactivation
ARO:3005705,OXA beta-lactamase;OXA-114-like beta-lactamase,penicillin beta-lactam,antibiotic inactivation
ARO:3005706,OXA beta-lactamase;OXA-114-like beta-lactamase,penicillin beta-lactam,antibiotic inactivation
ARO:3005707,OXA beta-lactamase;OXA-114-like beta-lactamase,penicillin beta-lactam,antibiotic inactivation
ARO:3005708,OXA beta-lactamase;OXA-114-like beta-lactamase,penicillin beta-lactam,antibiotic inactivation
ARO:3005709,OXA beta-lactamase;OXA-114-like beta-lactamase,penicillin beta-lactam,antibiotic inactivation
ARO:3005710,OXA beta-lactamase;OXA-114-like beta-lactamase,penicillin beta-lactam,antibiotic inactivation
ARO:3005711,OXA beta-lactamase;OXA-114-like beta-lactamase,penicillin beta-lactam,antibiotic inactivation
ARO:3005712,OXA beta-lactamase;OXA-114-like beta-lactamase,penicillin beta-lactam,antibiotic inactivation
ARO:3005713,OXA beta-lactamase;OXA-114-like beta-lactamase,penicillin beta-lactam,antibiotic inactivation
ARO:3005714,OXA beta-lactamase;OXA-114-like beta-lactamase,penicillin beta-lactam,antibiotic inactivation
ARO:3005715,OXA beta-lactamase;OXA-114-like beta-lactamase,penicillin beta-lactam,antibiotic inactivation
ARO:3005716,OXA beta-lactamase;OXA-114-like beta-lactamase,penicillin beta-lactam,antibiotic inactivation
ARO:3005717,OXA beta-lactamase;OXA-114-like beta-lactamase,penicillin beta-lactam,antibiotic inactivation
ARO:3005718,OXA beta-lactamase;OXA-114-like beta-lactamase,penicillin beta-lactam,antibiotic inactivation
ARO:3005719,OXA beta-lactamase;OXA-114-like beta-lactamase,penicillin beta-lactam,antibiotic inactivation
ARO:3005720,OXA beta-lactamase;OXA-114-like beta-lactamase,penicillin beta-lactam,antibiotic inactivation
ARO:3005721,OXA beta-lactamase;OXA-114-like beta-lactamase,penicillin beta-lactam,antibiotic inactivation
ARO:3005722,OXA beta-lactamase;OXA-114-like beta-lactamase,penicillin beta-lactam,antibiotic inactivation
ARO:3005723,OXA beta-lactamase;OXA-114-like beta-lactamase,penicillin beta-lactam,antibiotic inactivation
ARO:3001440,OXA beta-lactamase;OXA-51-like beta-lactamase,carbapenem;penicillin beta-lactam,antibiotic inactivation
ARO:3008568,OXA beta-lactamase;OXA-213-like beta-lactamase,carbapenem;penicillin beta-lactam,antibiotic inactivation
ARO:3008569,OXA beta-lactamase;OXA-213-like beta-lactamase,carbapenem;penicillin beta-lactam,antibiotic inactivation
ARO:3008570,OXA beta-lactamase;OXA-62-like beta-lactamase,carbapenem;penicillin beta-lactam,antibiotic inactivation
ARO:3008571,OXA beta-lactamase,penicillin beta-lactam,antibiotic inactivation
ARO:3008572,OXA beta-lactamase,penicillin beta-lactam,antibiotic inactivation
ARO:3008573,OXA beta-lactamase,penicillin beta-lactam,antibiotic inactivation
ARO:3008574,OXA beta-lactamase,penicillin beta-lactam,antibiotic inactivation
ARO:3008575,OXA beta-lactamase;OXA-12-like beta-lactamase,penicillin beta-lactam,antibiotic inactivation
ARO:3008576,OXA beta-lactamase,penicillin beta-lactam,antibiotic inactivation
ARO:3008577,OXA beta-lactamase,penicillin beta-lactam,antibiotic inactivation
ARO:3001441,OXA beta-lactamase,penicillin beta-lactam,antibiotic inactivation
ARO:3008578,OXA beta-lactamase,penicillin beta-lactam,antibiotic inactivation
ARO:3008579,OXA beta-lactamase,penicillin beta-lactam,antibiotic inactivation
ARO:3008580,OXA beta-lactamase;OXA-12-like beta-lactamase,penicillin beta-lactam,antibiotic inactivation
ARO:3008581,OXA beta-lactamase,penicillin beta-lactam,antibiotic inactivation
ARO:3008582,OXA beta-lactamase;OXA-213-like beta-lactamase,carbapenem;penicillin beta-lactam,antibiotic inactivation
ARO:3008583,OXA beta-lactamase;OXA-213-like beta-lactamase,carbapenem;penicillin beta-lactam,antibiotic inactivation
ARO:3008584,OXA beta-lactamase;OXA-213-like beta-lactamase,carbapenem;penicillin beta-lactam,antibiotic inactivation
ARO:3008585,OXA beta-lactamase;OXA-48-like beta-lactamase,carbapenem;penicillin beta-lactam,antibiotic inactivation
ARO:3008586,OXA beta-lactamase;OXA-10-like beta-lactamase,cephalosporin;penicillin beta-lactam,antibiotic inactivation
ARO:3008587,OXA beta-lactamase;OXA-10-like beta-lactamase,cephalosporin;penicillin beta-lactam,antibiotic inactivation
ARO:3001442,OXA beta-lactamase;OXA-51-like beta-lactamase,carbapenem;penicillin beta-lactam,antibiotic inactivation
ARO:3008588,OXA beta-lactamase;OXA-10-like beta-lactamase,cephalosporin;penicillin beta-lactam,antibiotic inactivation
ARO:3008589,OXA beta-lactamase;OXA-10-like beta-lactamase,cephalosporin;penicillin beta-lactam,antibiotic inactivation
ARO:3008590,OXA beta-lactamase;OXA-2-like beta-lactamase,cephalosporin;penicillin beta-lactam,antibiotic inactivation
ARO:3008591,OXA beta-lactamase;OXA-2-like beta-lactamase,cephalosporin;penicillin beta-lactam,antibiotic inactivation
ARO:3008592,OXA beta-lactamase;OXA-50-like beta-lactamase,penicillin beta-lactam,antibiotic inactivation
ARO:3008593,OXA beta-lactamase;OXA-10-like beta-lactamase,cephalosporin;penicillin beta-lactam,antibiotic inactivation
ARO:3008594,OXA beta-lactamase;OXA-60-like beta-lactamase,carbapenem;penicillin beta-lactam,antibiotic inactivation
ARO:3008595,OXA beta-lactamase;OXA-22-like beta-lactamase,cephalosporin;penicillin beta-lactam,antibiotic inactivation
ARO:3008596,OXA beta-lactamase;OXA-58-like beta-lactamase,carbapenem;penicillin beta-lactam,antibiotic inactivation
ARO:3001768,OXA beta-lactamase;OXA-46-like beta-lactamase,penicillin beta-lactam,antibiotic inactivation
ARO:3008597,OXA beta-lactamase;OXA-48-like beta-lactamase,carbapenem;penicillin beta-lactam,antibiotic inactivation
ARO:3008598,OXA beta-lactamase;OXA-143-like beta-lactamase,carbapenem;penicillin beta-lactam,antibiotic inactivation
ARO:3008599,OXA beta-lactamase;OXA-2-like beta-lactamase,cephalosporin;penicillin beta-lactam,antibiotic inactivation
ARO:3008600,OXA beta-lactamase;OXA-10-like beta-lactamase,cephalosporin;penicillin beta-lactam,antibiotic inactivation
ARO:3008601,OXA beta-lactamase;OXA-213-like beta-lactamase,carbapenem;penicillin beta-lactam,antibiotic inactivation
ARO:3008602,OXA beta-lactamase;OXA-198-like beta-lactamase,carbapenem;penicillin beta-lactam,antibiotic inactivation
ARO:3008603,OXA beta-lactamase;OXA-2-like beta-lactamase,cephalosporin;penicillin beta-lactam,antibiotic inactivation
ARO:3008604,OXA beta-lactamase;OXA-50-like beta-lactamase,penicillin beta-lactam,antibiotic inactivation
ARO:3008605,OXA beta-lactamase;OXA-213-like beta-lactamase,carbapenem;penicillin beta-lactam,antibiotic inactivation
ARO:3001775,OXA beta-lactamase;OXA-46-like beta-lactamase,penicillin beta-lactam,antibiotic inactivation
ARO:3008606,OXA beta-lactamase;OXA-229-like beta-lactamase,carbapenem;penicillin beta-lactam,antibiotic inactivation
ARO:3008607,OXA beta-lactamase;OXA-229-like beta-lactamase,carbapenem;penicillin beta-lactam,antibiotic inactivation
ARO:3008608,OXA beta-lactamase;OXA-229-like beta-lactamase,carbapenem;penicillin beta-lactam,antibiotic inactivation
ARO:3008609,OXA beta-lactamase;OXA-229-like beta-lactamase,carbapenem;penicillin beta-lactam,antibiotic inactivation
ARO:3008610,OXA beta-lactamase;OXA-50-like beta-lactamase,penicillin beta-lactam,antibiotic inactivation
ARO:3008611,OXA beta-lactamase;OXA-50-like beta-lactamase,penicillin beta-lactam,antibiotic inactivation
ARO:3001407,OXA beta-lactamase;OXA-12-like beta-lactamase,penicillin beta-lactam,antibiotic inactivation
ARO:3001672,OXA beta-lactamase;OXA-51-like beta-lactamase,carbapenem;penicillin beta-lactam,antibiotic inactivation
ARO:3008612,OXA beta-lactamase;OXA-48-like beta-lactamase,carbapenem;penicillin beta-lactam,antibiotic inactivation
ARO:3008613,OXA beta-lactamase;OXA-48-like beta-lactamase,carbapenem;penicillin beta-lactam,antibiotic inactivation
ARO:3008614,OXA beta-lactamase;OXA-10-like beta-lactamase,cephalosporin;penicillin beta-lactam,antibiotic inactivation
ARO:3008615,OXA beta-lactamase;OXA-10-like beta-lactamase,cephalosporin;penicillin beta-lactam,antibiotic inactivation
ARO:3008616,OXA beta-lactamase;OXA-10-like beta-lactamase,cephalosporin;penicillin beta-lactam,antibiotic inactivation
ARO:3008617,OXA beta-lactamase;OXA-48-like beta-lactamase,carbapenem;penicillin beta-lactam,antibiotic inactivation
ARO:3008618,OXA beta-lactamase,penicillin beta-lactam,antibiotic inactivation
ARO:3008619,OXA beta-lactamase;OXA-48-like beta-lactamase,carbapenem;penicillin beta-lactam,antibiotic inactivation
ARO:3008620,OXA beta-lactamase;OXA-211-like beta-lactamase,carbapenem;penicillin beta-lactam,antibiotic inactivation
ARO:3001443,OXA beta-lactamase;OXA-51-like beta-lactamase,carbapenem;penicillin beta-lactam,antibiotic inactivation
ARO:3008621,OXA beta-lactamase;OXA-48-like beta-lactamase,carbapenem;penicillin beta-lactam,antibiotic inactivation
ARO:3008622,OXA beta-lactamase;OXA-48-like beta-lactamase,carbapenem;penicillin beta-lactam,antibiotic inactivation
ARO:3008623,OXA beta-lactamase;OXA-48-like beta-lactamase,carbapenem;penicillin beta-lactam,antibiotic inactivation
ARO:3008624,OXA beta-lactamase;OXA-51-like beta-lactamase,carbapenem;penicillin beta-lactam,antibiotic inactivation
ARO:3008625,OXA beta-lactamase;OXA-286-like beta-lactamase,carbapenem;penicillin beta-lactam,antibiotic inactivation
ARO:3008626,OXA beta-lactamase;OXA-23-like beta-lactamase,carbapenem;penicillin beta-lactam,antibiotic inactivation
ARO:3008627,OXA beta-lactamase;OXA-51-like beta-lactamase,carbapenem;penicillin beta-lactam,antibiotic inactivation
ARO:3008628,OXA beta-lactamase;OXA-51-like beta-lactamase,carbapenem;penicillin beta-lactam,antibiotic inactivation
ARO:3008629,OXA beta-lactamase;OXA-51-like beta-lactamase,carbapenem;penicillin beta-lactam,antibiotic inactivation
ARO:3001444,OXA beta-lactamase;OXA-51-like beta-lactamase,carbapenem;penicillin beta-lactam,antibiotic inactivation
ARO:3008630,OXA beta-lactamase;OXA-51-like beta-lactamase,carbapenem;penicillin beta-lactam,antibiotic inactivation
ARO:3008631,OXA beta-lactamase;OXA-23-like beta-lactamase,carbapenem;penicillin beta-lactam,antibiotic inactivation
ARO:3008632,OXA beta-lactamase;OXA-213-like beta-lactamase,carbapenem;penicillin beta-lactam,antibiotic inactivation
ARO:3008633,OXA beta-lactamase;OXA-23-like beta-lactamase,carbapenem;penicillin beta-lactam,antibiotic inactivation
ARO:3008634,OXA beta-lactamase;OXA-213-like beta-lactamase,carbapenem;penicillin beta-lactam,antibiotic inactivation
ARO:3008635,OXA beta-lactamase;OXA-24-like beta-lactamase,carbapenem;penicillin beta-lactam,antibiotic inactivation
ARO:3008636,OXA beta-lactamase;OXA-48-like beta-lactamase,carbapenem;penicillin beta-lactam,antibiotic inactivation
ARO:3008637,OXA beta-lactamase;OXA-62-like beta-lactamase,carbapenem;penicillin beta-lactam,antibiotic inactivation
ARO:3008638,OXA beta-lactamase;OXA-62-like beta-lactamase,carbapenem;penicillin beta-lactam,antibiotic inactivation
ARO:3008639,OXA beta-lactamase;OXA-51-like beta-lactamase,carbapenem;penicillin beta-lactam,antibiotic inactivation
ARO:3001445,OXA beta-lactamase;OXA-51-like beta-lactamase,carbapenem;penicillin beta-lactam,antibiotic inactivation
ARO:3008640,OXA beta-lactamase;OXA-51-like beta-lactamase,carbapenem;penicillin beta-lactam,antibiotic inactivation
ARO:3008641,OXA beta-lactamase;OXA-10-like beta-lactamase,cephalosporin;penicillin beta-lactam,antibiotic inactivation
ARO:3008642,OXA beta-lactamase;OXA-10-like beta-lactamase,cephalosporin;penicillin beta-lactam,antibiotic inactivation
ARO:3008643,OXA beta-lactamase;OXA-10-like beta-lactamase,cephalosporin;penicillin beta-lactam,antibiotic inactivation
ARO:3008644,OXA beta-lactamase;OXA-213-like beta-lactamase,carbapenem;penicillin beta-lactam,antibiotic inactivation
ARO:3008645,OXA beta-lactamase;OXA-213-like beta-lactamase,carbapenem;penicillin beta-lactam,antibiotic inactivation
ARO:3008646,OXA beta-lactamase;OXA-23-like beta-lactamase,carbapenem;penicillin beta-lactam,antibiotic inactivation
ARO:3008647,OXA beta-lactamase;OXA-213-like beta-lactamase,carbapenem;penicillin beta-lactam,antibiotic inactivation
ARO:3008648,OXA beta-lactamase,penicillin beta-lactam,antibiotic inactivation
ARO:3008649,OXA beta-lactamase,penicillin beta-lactam,antibiotic inactivation
ARO:3001446,OXA beta-lactamase;OXA-51-like beta-lactamase,carbapenem;penicillin beta-lactam,antibiotic inactivation
ARO:3008650,OXA beta-lactamase;OXA-48-like beta-lactamase,carbapenem;penicillin beta-lactam,antibiotic inactivation
ARO:3008651,OXA beta-lactamase;OXA-23-like beta-lactamase,carbapenem;penicillin beta-lactam,antibiotic inactivation
ARO:3008652,OXA beta-lactamase;OXA-48-like beta-lactamase,carbapenem;penicillin beta-lactam,antibiotic inactivation
ARO:3008653,OXA beta-lactamase;OXA-2-like beta-lactamase,cephalosporin;penicillin beta-lactam,antibiotic inactivation
ARO:3008654,OXA beta-lactamase;OXA-50-like beta-lactamase,penicillin beta-lactam,antibiotic inactivation
ARO:3008655,OXA beta-lactamase;OXA-50-like beta-lactamase,penicillin beta-lactam,antibiotic inactivation
ARO:3008656,OXA beta-lactamase;OXA-50-like beta-lactamase,penicillin beta-lactam,antibiotic inactivation
ARO:3008657,OXA beta-lactamase;OXA-10-like beta-lactamase,cephalosporin;penicillin beta-lactam,antibiotic inactivation
ARO:3008658,OXA beta-lactamase;OXA-10-like beta-lactamase,cephalosporin;penicillin beta-lactam,antibiotic inactivation
ARO:3008659,OXA beta-lactamase;OXA-51-like beta-lactamase,carbapenem;penicillin beta-lactam,antibiotic inactivation
ARO:3001447,OXA beta-lactamase;OXA-51-like beta-lactamase,carbapenem;penicillin beta-lactam,antibiotic inactivation
ARO:3008660,OXA beta-lactamase;OXA-50-like beta-lactamase,penicillin beta-lactam,antibiotic inactivation
ARO:3008661,OXA beta-lactamase,penicillin beta-lactam,antibiotic inactivation
ARO:3008662,OXA beta-lactamase;OXA-50-like beta-lactamase,penicillin beta-lactam,antibiotic inactivation
ARO:3008663,OXA beta-lactamase;OXA-50-like beta-lactamase,penicillin beta-lactam,antibiotic inactivation
ARO:3008664,OXA beta-lactamase;OXA-50-like beta-lactamase,penicillin beta-lactam,antibiotic inactivation
ARO:3008665,OXA beta-lactamase;OXA-50-like beta-lactamase,penicillin beta-lactam,antibiotic inactivation
ARO:3008666,OXA beta-lactamase;OXA-50-like beta-lactamase,penicillin beta-lactam,antibiotic inactivation
ARO:3008667,OXA beta-lactamase;OXA-10-like beta-lactamase,cephalosporin;penicillin beta-lactam,antibiotic inactivation
ARO:3008668,OXA beta-lactamase,penicillin beta-lactam,antibiotic inactivation
ARO:3008669,OXA beta-lactamase,penicillin beta-lactam,antibiotic inactivation
ARO:3001448,OXA beta-lactamase;OXA-51-like beta-lactamase,carbapenem;penicillin beta-lactam,antibiotic inactivation
ARO:3008670,OXA beta-lactamase,penicillin beta-lactam,antibiotic inactivation
ARO:3008671,OXA beta-lactamase,penicillin beta-lactam,antibiotic inactivation
ARO:3008672,IMP beta-lactamase,carbapenem;cephalosporin;penicillin beta-lactam,antibiotic inactivation
ARO:3008673,VIM beta-lactamase,carbapenem;cephalosporin;penicillin beta-lactam,antibiotic inactivation
ARO:3008674,OXA beta-lactamase;OXA-62-like beta-lactamase,carbapenem;penicillin beta-lactam,antibiotic inactivation
ARO:3008675,OXA beta-lactamase;OXA-51-like beta-lactamase,carbapenem;penicillin beta-lactam,antibiotic inactivation
ARO:3008676,OXA beta-lactamase;OXA-213-like beta-lactamase,carbapenem;penicillin beta-lactam,antibiotic inactivation
ARO:3008677,OXA beta-lactamase;OXA-50-like beta-lactamase,penicillin beta-lactam,antibiotic inactivation
ARO:3008678,OXA beta-lactamase;OXA-50-like beta-lactamase,penicillin beta-lactam,antibiotic inactivation
ARO:3008679,OXA beta-lactamase;OXA-50-like beta-lactamase,penicillin beta-lactam,antibiotic inactivation
ARO:3001449,OXA beta-lactamase;OXA-51-like beta-lactamase,carbapenem;penicillin beta-lactam,antibiotic inactivation
ARO:3008680,OXA beta-lactamase;OXA-50-like beta-lactamase,penicillin beta-lactam,antibiotic inactivation
ARO:3008681,OXA beta-lactamase;OXA-50-like beta-lactamase,penicillin beta-lactam,antibiotic inactivation
ARO:3008682,OXA beta-lactamase;OXA-50-like beta-lactamase,penicillin beta-lactam,antibiotic inactivation
ARO:3008683,OXA beta-lactamase;OXA-50-like beta-lactamase,penicillin beta-lactam,antibiotic inactivation
ARO:3008684,OXA beta-lactamase;OXA-50-like beta-lactamase,penicillin beta-lactam,antibiotic inactivation
ARO:3008685,OXA beta-lactamase;OXA-50-like beta-lactamase,penicillin beta-lactam,antibiotic inactivation
ARO:3008686,OXA beta-lactamase;OXA-50-like beta-lactamase,penicillin beta-lactam,antibiotic inactivation
ARO:3008687,OXA beta-lactamase;OXA-50-like beta-lactamase,penicillin beta-lactam,antibiotic inactivation
ARO:3008688,OXA beta-lactamase;OXA-50-like beta-lactamase,penicillin beta-lactam,antibiotic inactivation
ARO:3008689,OXA beta-lactamase;OXA-50-like beta-lactamase,penicillin beta-lactam,antibiotic inactivation
ARO:3001648,OXA beta-lactamase;OXA-51-like beta-lactamase,carbapenem;penicillin beta-lactam,antibiotic inactivation
ARO:3008690,OXA beta-lactamase;OXA-50-like beta-lactamase,penicillin beta-lactam,antibiotic inactivation
ARO:3008691,OXA beta-lactamase;OXA-50-like beta-lactamase,penicillin beta-lactam,antibiotic inactivation
ARO:3008692,OXA beta-lactamase;OXA-50-like beta-lactamase,penicillin beta-lactam,antibiotic inactivation
ARO:3008693,OXA beta-lactamase;OXA-50-like beta-lactamase,penicillin beta-lactam,antibiotic inactivation
ARO:3008694,OXA beta-lactamase;OXA-50-like beta-lactamase,penicillin beta-lactam,antibiotic inactivation
ARO:3008695,OXA beta-lactamase;OXA-50-like beta-lactamase,penicillin beta-lactam,antibiotic inactivation
ARO:3008696,OXA beta-lactamase;OXA-50-like beta-lactamase,penicillin beta-lactam,antibiotic inactivation
ARO:3008697,OXA beta-lactamase;OXA-50-like beta-lactamase,penicillin beta-lactam,antibiotic inactivation
ARO:3008698,OXA beta-lactamase;OXA-50-like beta-lactamase,penicillin beta-lactam,antibiotic inactivation
ARO:3008699,OXA beta-lactamase;OXA-50-like beta-lactamase,penicillin beta-lactam,antibiotic inactivation
ARO:3001811,OXA beta-lactamase;OXA-5-like beta-lactamase,penicillin beta-lactam,antibiotic inactivation
ARO:3008700,OXA beta-lactamase;OXA-50-like beta-lactamase,penicillin beta-lactam,antibiotic inactivation
ARO:3008701,OXA beta-lactamase;OXA-50-like beta-lactamase,penicillin beta-lactam,antibiotic inactivation
ARO:3008702,OXA beta-lactamase;OXA-50-like beta-lactamase,penicillin beta-lactam,antibiotic inactivation
ARO:3008703,OXA beta-lactamase;OXA-50-like beta-lactamase,penicillin beta-lactam,antibiotic inactivation
ARO:3008704,OXA beta-lactamase;OXA-50-like beta-lactamase,penicillin beta-lactam,antibiotic inactivation
ARO:3008705,OXA beta-lactamase;OXA-50-like beta-lactamase,penicillin beta-lactam,antibiotic inactivation
ARO:3008706,OXA beta-lactamase;OXA-50-like beta-lactamase,penicillin beta-lactam,antibiotic inactivation
ARO:3008707,OXA beta-lactamase;OXA-50-like beta-lactamase,penicillin beta-lactam,antibiotic inactivation
ARO:3008708,OXA beta-lactamase;OXA-50-like beta-lactamase,penicillin beta-lactam,antibiotic inactivation
ARO:3008709,OXA beta-lactamase;OXA-50-like beta-lactamase,penicillin beta-lactam,antibiotic inactivation
ARO:3001408,OXA beta-lactamase;OXA-10-like beta-lactamase,cephalosporin;penicillin beta-lactam,antibiotic inactivation
ARO:3001651,OXA beta-lactamase;OXA-51-like beta-lactamase,carbapenem;penicillin beta-lactam,antibiotic inactivation
ARO:3008710,OXA beta-lactamase;OXA-50-like beta-lactamase,penicillin beta-lactam,antibiotic inactivation
ARO:3008711,OXA beta-lactamase;OXA-50-like beta-lactamase,penicillin beta-lactam,antibiotic inactivation
ARO:3008712,OXA beta-lactamase;OXA-10-like beta-lactamase,cephalosporin;penicillin beta-lactam,antibiotic inactivation
ARO:3008713,OXA beta-lactamase;OXA-24-like beta-lactamase,carbapenem;penicillin beta-lactam,antibiotic inactivation
ARO:3008714,OXA beta-lactamase;OXA-48-like beta-lactamase,carbapenem;penicillin beta-lactam,antibiotic inactivation
ARO:3008715,OXA beta-lactamase;OXA-48-like beta-lactamase,carbapenem;penicillin beta-lactam,antibiotic inactivation
ARO:3008716,OXA beta-lactamase;OXA-48-like beta-lactamase,carbapenem;penicillin beta-lactam,antibiotic inactivation
ARO:3008717,OXA beta-lactamase;OXA-48-like beta-lactamase,carbapenem;penicillin beta-lactam,antibiotic inactivation
ARO:3008718,OXA beta-lactamase;OXA-48-like beta-lactamase,carbapenem;penicillin beta-lactam,antibiotic inactivation
ARO:3008719,OXA beta-lactamase;OXA-48-like beta-lactamase,carbapenem;penicillin beta-lactam,antibiotic inactivation
ARO:3001652,OXA beta-lactamase;OXA-51-like beta-lactamase,carbapenem;penicillin beta-lactam,antibiotic inactivation
ARO:3001653,OXA beta-lactamase;OXA-51-like beta-lactamase,carbapenem;penicillin beta-lactam,antibiotic inactivation
ARO:3001702,OXA beta-lactamase;OXA-23-like beta-lactamase,carbapenem;penicillin beta-lactam,antibiotic inactivation
ARO:3001695,OXA beta-lactamase;OXA-134-like beta-lactamase,carbapenem;penicillin beta-lactam,antibiotic inactivation
ARO:3001765,OXA beta-lactamase;OXA-63-like beta-lactamase,penicillin beta-lactam,antibiotic inactivation
ARO:3001767,OXA beta-lactamase;OXA-63-like beta-lactamase,penicillin beta-lactam,antibiotic inactivation
ARO:3001655,OXA beta-lactamase;OXA-51-like beta-lactamase,carbapenem;penicillin beta-lactam,antibiotic inactivation
ARO:3001451,OXA beta-lactamase;OXA-24-like beta-lactamase,carbapenem;penicillin beta-lactam,antibiotic inactivation
ARO:3001409,OXA beta-lactamase;OXA-10-like beta-lactamase,cephalosporin;penicillin beta-lactam,antibiotic inactivation
ARO:3001452,OXA beta-lactamase,penicillin beta-lactam,antibiotic inactivation
ARO:3001802,OXA beta-lactamase;OXA-2-like beta-lactamase,cephalosporin;penicillin beta-lactam,antibiotic inactivation
ARO:3001803,OXA beta-lactamase;OXA-10-like beta-lactamase,cephalosporin;penicillin beta-lactam,antibiotic inactivation
ARO:3001654,OXA beta-lactamase;OXA-143-like beta-lactamase,carbapenem;penicillin beta-lactam,antibiotic inactivation
ARO:3002480,OXA beta-lactamase;OXA-51-like beta-lactamase,carbapenem;penicillin beta-lactam,antibiotic inactivation
ARO:3001804,OXA beta-lactamase;OXA-10-like beta-lactamase,cephalosporin;penicillin beta-lactam,antibiotic inactivation
ARO:3001779,OXA beta-lactamase;OXA-23-like beta-lactamase,carbapenem;penicillin beta-lactam,antibiotic inactivation
ARO:3001801,OXA beta-lactamase;OXA-10-like beta-lactamase,cephalosporin;penicillin beta-lactam,antibiotic inactivation
ARO:3001453,OXA beta-lactamase;OXA-51-like beta-lactamase,carbapenem;penicillin beta-lactam,antibiotic inactivation
ARO:3001454,OXA beta-lactamase;OXA-51-like beta-lactamase,carbapenem;penicillin beta-lactam,antibiotic inactivation
ARO:3001410,OXA beta-lactamase;OXA-2-like beta-lactamase,cephalosporin;penicillin beta-lactam,antibiotic inactivation
ARO:3001455,OXA beta-lactamase;OXA-51-like beta-lactamase,carbapenem;penicillin beta-lactam,antibiotic inactivation
ARO:3001456,OXA beta-lactamase;OXA-62-like beta-lactamase,carbapenem;penicillin beta-lactam,antibiotic inactivation
ARO:3001457,OXA beta-lactamase;OXA-62-like beta-lactamase,carbapenem;penicillin beta-lactam,antibiotic inactivation
ARO:3001458,OXA beta-lactamase;OXA-62-like beta-lactamase,carbapenem;penicillin beta-lactam,antibiotic inactivation
ARO:3001459,OXA beta-lactamase;OXA-62-like beta-lactamase,carbapenem;penicillin beta-lactam,antibiotic inactivation
ARO:3001460,OXA beta-lactamase;OXA-62-like beta-lactamase,carbapenem;penicillin beta-lactam,antibiotic inactivation
ARO:3001461,OXA beta-lactamase;OXA-62-like beta-lactamase,carbapenem;penicillin beta-lactam,antibiotic inactivation
ARO:3001462,OXA beta-lactamase;OXA-62-like beta-lactamase,carbapenem;penicillin beta-lactam,antibiotic inactivation
ARO:3001463,OXA beta-lactamase;OXA-62-like beta-lactamase,carbapenem;penicillin beta-lactam,antibiotic inactivation
ARO:3001464,OXA beta-lactamase;OXA-62-like beta-lactamase,carbapenem;penicillin beta-lactam,antibiotic inactivation
ARO:3001411,OXA beta-lactamase,penicillin beta-lactam,antibiotic inactivation
ARO:3001663,OXA beta-lactamase;OXA-24-like beta-lactamase,carbapenem;penicillin beta-lactam,antibiotic inactivation
ARO:3001799,OXA beta-lactamase;OXA-2-like beta-lactamase,cephalosporin;penicillin beta-lactam,antibiotic inactivation
ARO:3001776,OXA beta-lactamase;OXA-48-like beta-lactamase,carbapenem;penicillin beta-lactam,antibiotic inactivation
ARO:3001783,OXA beta-lactamase;OXA-48-like beta-lactamase,carbapenem;penicillin beta-lactam,antibiotic inactivation
ARO:3001662,OXA beta-lactamase;OXA-58-like beta-lactamase,carbapenem;penicillin beta-lactam,antibiotic inactivation
ARO:3001465,OXA beta-lactamase;OXA-23-like beta-lactamase,carbapenem;penicillin beta-lactam,antibiotic inactivation
ARO:3001466,OXA beta-lactamase;OXA-23-like beta-lactamase,carbapenem;penicillin beta-lactam,antibiotic inactivation
ARO:3001467,OXA beta-lactamase;OXA-23-like beta-lactamase,carbapenem;penicillin beta-lactam,antibiotic inactivation
ARO:3001468,OXA beta-lactamase;OXA-23-like beta-lactamase,carbapenem;penicillin beta-lactam,antibiotic inactivation
ARO:3001469,OXA beta-lactamase;OXA-23-like beta-lactamase,carbapenem;penicillin beta-lactam,antibiotic inactivation
ARO:3001412,OXA beta-lactamase;OXA-10-like beta-lactamase,cephalosporin;penicillin beta-lactam,antibiotic inactivation
ARO:3001470,OXA beta-lactamase;OXA-23-like beta-lactamase,carbapenem;penicillin beta-lactam,antibiotic inactivation
ARO:3001471,OXA beta-lactamase;OXA-23-like beta-lactamase,carbapenem;penicillin beta-lactam,antibiotic inactivation
ARO:3001656,OXA beta-lactamase;OXA-51-like beta-lactamase,carbapenem;penicillin beta-lactam,antibiotic inactivation
ARO:3001657,OXA beta-lactamase;OXA-51-like beta-lactamase,carbapenem;penicillin beta-lactam,antibiotic inactivation
ARO:3001658,OXA beta-lactamase;OXA-51-like beta-lactamase,carbapenem;penicillin beta-lactam,antibiotic inactivation
ARO:3001659,OXA beta-lactamase;OXA-51-like beta-lactamase,carbapenem;penicillin beta-lactam,antibiotic inactivation
ARO:3001660,OXA beta-lactamase;OXA-51-like beta-lactamase,carbapenem;penicillin beta-lactam,antibiotic inactivation
ARO:3001661,OXA beta-lactamase;OXA-51-like beta-lactamase,carbapenem;penicillin beta-lactam,antibiotic inactivation
ARO:3001472,OXA beta-lactamase;OXA-51-like beta-lactamase,carbapenem;penicillin beta-lactam,antibiotic inactivation
ARO:3001473,OXA beta-lactamase;OXA-51-like beta-lactamase,carbapenem;penicillin beta-lactam,antibiotic inactivation
ARO:3001413,OXA beta-lactamase,penicillin beta-lactam,antibiotic inactivation
ARO:3001474,OXA beta-lactamase;OXA-51-like beta-lactamase,carbapenem;penicillin beta-lactam,antibiotic inactivation
ARO:3001784,OXA beta-lactamase;OXA-48-like beta-lactamase,carbapenem;penicillin beta-lactam,antibiotic inactivation
ARO:3001709,OXA beta-lactamase;OXA-143-like beta-lactamase,carbapenem;penicillin beta-lactam,antibiotic inactivation
ARO:3001475,OXA beta-lactamase;OXA-10-like beta-lactamase,cephalosporin;penicillin beta-lactam,antibiotic inactivation
ARO:3001476,OXA beta-lactamase;OXA-184-like beta-lactamase,penicillin beta-lactam,antibiotic inactivation
ARO:3001477,OXA beta-lactamase;OXA-184-like beta-lactamase,penicillin beta-lactam,antibiotic inactivation
ARO:3001414,OXA beta-lactamase;OXA-10-like beta-lactamase,cephalosporin;penicillin beta-lactam,antibiotic inactivation
ARO:3001766,OXA beta-lactamase;OXA-63-like beta-lactamase,penicillin beta-lactam,antibiotic inactivation
ARO:3001478,OXA beta-lactamase;OXA-61-like beta-lactamase,penicillin beta-lactam,antibiotic inactivation
ARO:3001479,OXA beta-lactamase;OXA-51-like beta-lactamase,carbapenem;penicillin beta-lactam,antibiotic inactivation
ARO:3001480,OXA beta-lactamase;OXA-51-like beta-lactamase,carbapenem;penicillin beta-lactam,antibiotic inactivation
ARO:3001481,OXA beta-lactamase;OXA-51-like beta-lactamase,carbapenem;penicillin beta-lactam,antibiotic inactivation
ARO:3001482,OXA beta-lactamase;OXA-51-like beta-lactamase,carbapenem;penicillin beta-lactam,antibiotic inactivation
ARO:3001805,OXA beta-lactamase;OXA-198-like beta-lactamase,carbapenem;penicillin beta-lactam,antibiotic inactivation
ARO:3001814,OXA beta-lactamase;OXA-48-like beta-lactamase,carbapenem;penicillin beta-lactam,antibiotic inactivation
ARO:3001397,OXA beta-lactamase;OXA-2-like beta-lactamase,cephalosporin;penicillin beta-lactam,antibiotic inactivation
ARO:3001415,OXA beta-lactamase,penicillin beta-lactam,antibiotic inactivation
ARO:3001665,OXA beta-lactamase;OXA-51-like beta-lactamase,carbapenem;penicillin beta-lactam,antibiotic inactivation
ARO:3001666,OXA beta-lactamase;OXA-51-like beta-lactamase,carbapenem;penicillin beta-lactam,antibiotic inactivation
ARO:3001667,OXA beta-lactamase;OXA-51-like beta-lactamase,carbapenem;penicillin beta-lactam,antibiotic inactivation
ARO:3001664,OXA beta-lactamase;OXA-51-like beta-lactamase,carbapenem;penicillin beta-lactam,antibiotic inactivation
ARO:3001788,OXA beta-lactamase;OXA-48-like beta-lactamase,carbapenem;penicillin beta-lactam,antibiotic inactivation
ARO:3001483,OXA beta-lactamase;OXA-46-like beta-lactamase,penicillin beta-lactam,antibiotic inactivation
ARO:3001484,OXA beta-lactamase;OXA-51-like beta-lactamase,carbapenem;penicillin beta-lactam,antibiotic inactivation
ARO:3001485,OXA beta-lactamase;OXA-24-like beta-lactamase,carbapenem;penicillin beta-lactam,antibiotic inactivation
ARO:3001486,OXA beta-lactamase;OXA-51-like beta-lactamase,carbapenem;penicillin beta-lactam,antibiotic inactivation
ARO:3001809,OXA beta-lactamase,penicillin beta-lactam,antibiotic inactivation
ARO:3001416,OXA beta-lactamase;OXA-2-like beta-lactamase,cephalosporin;penicillin beta-lactam,antibiotic inactivation
ARO:3001487,OXA beta-lactamase;OXA-2-like beta-lactamase,cephalosporin;penicillin beta-lactam,antibiotic inactivation
ARO:3001710,OXA beta-lactamase;OXA-211-like beta-lactamase,carbapenem;penicillin beta-lactam,antibiotic inactivation
ARO:3001711,OXA beta-lactamase;OXA-211-like beta-lactamase,carbapenem;penicillin beta-lactam,antibiotic inactivation
ARO:3001712,OXA beta-lactamase;OXA-213-like beta-lactamase,carbapenem;penicillin beta-lactam,antibiotic inactivation
ARO:3001713,OXA beta-lactamase;OXA-214-like beta-lactamase,carbapenem;penicillin beta-lactam,antibiotic inactivation
ARO:3001714,OXA beta-lactamase;OXA-214-like beta-lactamase,carbapenem;penicillin beta-lactam,antibiotic inactivation
ARO:3001488,OXA beta-lactamase;OXA-51-like beta-lactamase,carbapenem;penicillin beta-lactam,antibiotic inactivation
ARO:3001489,OXA beta-lactamase;OXA-51-like beta-lactamase,carbapenem;penicillin beta-lactam,antibiotic inactivation
ARO:3001668,OXA beta-lactamase;OXA-51-like beta-lactamase,carbapenem;penicillin beta-lactam,antibiotic inactivation
ARO:3001417,OXA beta-lactamase;OXA-22-like beta-lactamase,cephalosporin;penicillin beta-lactam,antibiotic inactivation
ARO:3001669,OXA beta-lactamase;OXA-51-like beta-lactamase,carbapenem;penicillin beta-lactam,antibiotic inactivation
ARO:3001806,OXA beta-lactamase;OXA-1-like beta-lactamase,cephalosporin;penicillin beta-lactam,antibiotic inactivation
ARO:3001493,OXA beta-lactamase;OXA-23-like beta-lactamase,carbapenem;penicillin beta-lactam,antibiotic inactivation
ARO:3001800,OXA beta-lactamase;OXA-2-like beta-lactamase,cephalosporin;penicillin beta-lactam,antibiotic inactivation
ARO:3001691,OXA beta-lactamase;OXA-229-like beta-lactamase,carbapenem;penicillin beta-lactam,antibiotic inactivation
ARO:3001692,OXA beta-lactamase;OXA-229-like beta-lactamase,carbapenem;penicillin beta-lactam,antibiotic inactivation
ARO:3001418,OXA beta-lactamase;OXA-23-like beta-lactamase,carbapenem;penicillin beta-lactam,antibiotic inactivation
ARO:3001693,OXA beta-lactamase;OXA-229-like beta-lactamase,carbapenem;penicillin beta-lactam,antibiotic inactivation
ARO:3001670,OXA beta-lactamase;OXA-143-like beta-lactamase,carbapenem;penicillin beta-lactam,antibiotic inactivation
ARO:3001778,OXA beta-lactamase;OXA-48-like beta-lactamase,carbapenem;penicillin beta-lactam,antibiotic inactivation
ARO:3001495,OXA beta-lactamase;OXA-10-like beta-lactamase,cephalosporin;penicillin beta-lactam,antibiotic inactivation
ARO:3001496,OXA beta-lactamase;OXA-51-like beta-lactamase,carbapenem;penicillin beta-lactam,antibiotic inactivation
ARO:3001676,OXA beta-lactamase;OXA-134-like beta-lactamase,carbapenem;penicillin beta-lactam,antibiotic inactivation
ARO:3001677,OXA beta-lactamase;OXA-134-like beta-lactamase,carbapenem;penicillin beta-lactam,antibiotic inactivation
ARO:3001678,OXA beta-lactamase;OXA-134-like beta-lactamase,carbapenem;penicillin beta-lactam,antibiotic inactivation
ARO:3001498,OXA beta-lactamase;OXA-23-like beta-lactamase,carbapenem;penicillin beta-lactam,antibiotic inactivation
ARO:3001419,OXA beta-lactamase;OXA-24-like beta-lactamase,carbapenem;monobactam;penicillin beta-lactam,antibiotic inactivation
ARO:3001499,OXA beta-lactamase;OXA-10-like beta-lactamase,cephalosporin;penicillin beta-lactam,antibiotic inactivation
ARO:3001679,OXA beta-lactamase;OXA-51-like beta-lactamase,carbapenem;penicillin beta-lactam,antibiotic inactivation
ARO:3001680,OXA beta-lactamase;OXA-51-like beta-lactamase,carbapenem;penicillin beta-lactam,antibiotic inactivation
ARO:3001610,OXA beta-lactamase,penicillin beta-lactam,antibiotic inactivation
ARO:3001786,OXA beta-lactamase;OXA-48-like beta-lactamase,carbapenem;penicillin beta-lactam,antibiotic inactivation
ARO:3001787,OXA beta-lactamase;OXA-48-like beta-lactamase,carbapenem;penicillin beta-lactam,antibiotic inactivation
ARO:3001807,OXA beta-lactamase;OXA-10-like beta-lactamase,cephalosporin;penicillin beta-lactam,antibiotic inactivation
ARO:3001791,OXA beta-lactamase;OXA-48-like beta-lactamase,carbapenem;penicillin beta-lactam,antibiotic inactivation
ARO:3001673,OXA beta-lactamase;OXA-51-like beta-lactamase,carbapenem;penicillin beta-lactam,antibiotic inactivation
ARO:3001674,OXA beta-lactamase;OXA-51-like beta-lactamase,carbapenem;penicillin beta-lactam,antibiotic inactivation
ARO:3001420,OXA beta-lactamase;OXA-24-like beta-lactamase,carbapenem;penicillin beta-lactam,antibiotic inactivation
ARO:3001675,OXA beta-lactamase;OXA-51-like beta-lactamase,carbapenem;penicillin beta-lactam,antibiotic inactivation
ARO:3001500,OXA beta-lactamase;OXA-10-like beta-lactamase,cephalosporin;penicillin beta-lactam,antibiotic inactivation
ARO:3001501,OXA beta-lactamase;OXA-48-like beta-lactamase,carbapenem;penicillin beta-lactam,antibiotic inactivation
ARO:3001689,OXA beta-lactamase;OXA-143-like beta-lactamase,carbapenem;penicillin beta-lactam,antibiotic inactivation
ARO:3001682,OXA beta-lactamase;OXA-51-like beta-lactamase,carbapenem;penicillin beta-lactam,antibiotic inactivation
ARO:3001690,OXA beta-lactamase;OXA-143-like beta-lactamase,carbapenem;penicillin beta-lactam,antibiotic inactivation
ARO:3001502,OXA beta-lactamase;OXA-10-like beta-lactamase,cephalosporin;penicillin beta-lactam,antibiotic inactivation
ARO:3001694,OXA beta-lactamase;OXA-229-like beta-lactamase,carbapenem;penicillin beta-lactam,antibiotic inactivation
ARO:3001503,OXA beta-lactamase,penicillin beta-lactam,antibiotic inactivation
ARO:3001715,OXA beta-lactamase;OXA-51-like beta-lactamase,carbapenem;penicillin beta-lactam,antibiotic inactivation
ARO:3001421,OXA beta-lactamase;OXA-24-like beta-lactamase,carbapenem;penicillin beta-lactam,antibiotic inactivation
ARO:3001716,OXA beta-lactamase;OXA-51-like beta-lactamase,carbapenem;penicillin beta-lactam,antibiotic inactivation
ARO:3001717,OXA beta-lactamase;OXA-51-like beta-lactamase,carbapenem;penicillin beta-lactam,antibiotic inactivation
ARO:3001718,OXA beta-lactamase;OXA-51-like beta-lactamase,carbapenem;penicillin beta-lactam,antibiotic inactivation
ARO:3001719,OXA beta-lactamase;OXA-51-like beta-lactamase,carbapenem;penicillin beta-lactam,antibiotic inactivation
ARO:3001720,OXA beta-lactamase;OXA-214-like beta-lactamase,carbapenem;penicillin beta-lactam,antibiotic inactivation
ARO:3001721,OXA beta-lactamase;OXA-214-like beta-lactamase,carbapenem;penicillin beta-lactam,antibiotic inactivation
ARO:3001722,OXA beta-lactamase;OXA-266-like beta-lactamase,penicillin beta-lactam,antibiotic inactivation
ARO:3001723,OXA beta-lactamase;OXA-213-like beta-lactamase,carbapenem;penicillin beta-lactam,antibiotic inactivation
ARO:3001724,OXA beta-lactamase;OXA-213-like beta-lactamase,carbapenem;penicillin beta-lactam,antibiotic inactivation
ARO:3001725,OXA beta-lactamase;OXA-213-like beta-lactamase,carbapenem;penicillin beta-lactam,antibiotic inactivation
ARO:3001422,OXA beta-lactamase;OXA-23-like beta-lactamase,carbapenem;penicillin beta-lactam,antibiotic inactivation
ARO:3001726,OXA beta-lactamase;OXA-213-like beta-lactamase,carbapenem;penicillin beta-lactam,antibiotic inactivation
ARO:3001727,OXA beta-lactamase;OXA-213-like beta-lactamase,carbapenem;penicillin beta-lactam,antibiotic inactivation
ARO:3001728,OXA beta-lactamase;OXA-213-like beta-lactamase,carbapenem;penicillin beta-lactam,antibiotic inactivation
ARO:3001729,OXA beta-lactamase;OXA-213-like beta-lactamase,carbapenem;penicillin beta-lactam,antibiotic inactivation
ARO:3001730,OXA beta-lactamase;OXA-274-like beta-lactamase,carbapenem;penicillin beta-lactam,antibiotic inactivation
ARO:3001731,OXA beta-lactamase;OXA-274-like beta-lactamase,carbapenem;penicillin beta-lactam,antibiotic inactivation
ARO:3001732,OXA beta-lactamase;OXA-134-like beta-lactamase,carbapenem;penicillin beta-lactam,antibiotic inactivation
ARO:3001733,OXA beta-lactamase;OXA-134-like beta-lactamase,carbapenem;penicillin beta-lactam,antibiotic inactivation
ARO:3001681,OXA beta-lactamase;OXA-134-like beta-lactamase,carbapenem;penicillin beta-lactam,antibiotic inactivation
ARO:3001734,OXA beta-lactamase,penicillin beta-lactam,antibiotic inactivation
ARO:3001423,OXA beta-lactamase;OXA-10-like beta-lactamase,cephalosporin;penicillin beta-lactam,antibiotic inactivation
ARO:3001735,OXA beta-lactamase;OXA-211-like beta-lactamase,carbapenem;penicillin beta-lactam,antibiotic inactivation
ARO:3001736,OXA beta-lactamase;OXA-211-like beta-lactamase,carbapenem;penicillin beta-lactam,antibiotic inactivation
ARO:3001737,OXA beta-lactamase;OXA-134-like beta-lactamase,carbapenem;penicillin beta-lactam,antibiotic inactivation
ARO:3001738,OXA beta-lactamase;OXA-134-like beta-lactamase,carbapenem;penicillin beta-lactam,antibiotic inactivation
ARO:3001739,OXA beta-lactamase;OXA-134-like beta-lactamase,carbapenem;penicillin beta-lactam,antibiotic inactivation
ARO:3001740,OXA beta-lactamase;OXA-134-like beta-lactamase,carbapenem;penicillin beta-lactam,antibiotic inactivation
ARO:3001741,OXA beta-lactamase;OXA-286-like beta-lactamase,carbapenem;penicillin beta-lactam,antibiotic inactivation
ARO:3001742,OXA beta-lactamase;OXA-286-like beta-lactamase,carbapenem;penicillin beta-lactam,antibiotic inactivation
ARO:3001743,OXA beta-lactamase;OXA-286-like beta-lactamase,carbapenem;penicillin beta-lactam,antibiotic inactivation
ARO:3001744,OXA beta-lactamase,penicillin beta-lactam,antibiotic inactivation
ARO:3001424,OXA beta-lactamase,penicillin beta-lactam,antibiotic inactivation
ARO:3001745,OXA beta-lactamase,penicillin beta-lactam,antibiotic inactivation
ARO:3001746,OXA beta-lactamase;OXA-286-like beta-lactamase,carbapenem;penicillin beta-lactam,antibiotic inactivation
ARO:3001747,OXA beta-lactamase;OXA-286-like beta-lactamase,carbapenem;penicillin beta-lactam,antibiotic inactivation
ARO:3001748,OXA beta-lactamase;OXA-286-like beta-lactamase,carbapenem;penicillin beta-lactam,antibiotic inactivation
ARO:3001749,OXA beta-lactamase;OXA-294-like beta-lactamase,penicillin beta-lactam,antibiotic inactivation
ARO:3001750,OXA beta-lactamase;OXA-294-like beta-lactamase,penicillin beta-lactam,antibiotic inactivation
ARO:3001751,OXA beta-lactamase,penicillin beta-lactam,antibiotic inactivation
ARO:3001752,OXA beta-lactamase;OXA-294-like beta-lactamase,penicillin beta-lactam,antibiotic inactivation
ARO:3001753,OXA beta-lactamase;OXA-294-like beta-lactamase,penicillin beta-lactam,antibiotic inactivation
ARO:3001754,OXA beta-lactamase,penicillin beta-lactam,antibiotic inactivation
ARO:3001398,OXA beta-lactamase;OXA-2-like beta-lactamase,cephalosporin;penicillin beta-lactam,antibiotic inactivation
ARO:3001755,OXA beta-lactamase;OXA-229-like beta-lactamase,carbapenem;penicillin beta-lactam,antibiotic inactivation
ARO:3001756,OXA beta-lactamase;OXA-229-like beta-lactamase,carbapenem;penicillin beta-lactam,antibiotic inactivation
ARO:3001757,OXA beta-lactamase;OXA-286-like beta-lactamase,carbapenem;penicillin beta-lactam,antibiotic inactivation
ARO:3001758,OXA beta-lactamase;OXA-286-like beta-lactamase,carbapenem;penicillin beta-lactam,antibiotic inactivation
ARO:3001759,OXA beta-lactamase;OXA-213-like beta-lactamase,carbapenem;penicillin beta-lactam,antibiotic inactivation
ARO:3001760,OXA beta-lactamase;OXA-213-like beta-lactamase,carbapenem;penicillin beta-lactam,antibiotic inactivation
ARO:3001761,OXA beta-lactamase;OXA-286-like beta-lactamase,carbapenem;penicillin beta-lactam,antibiotic inactivation
ARO:3001762,OXA beta-lactamase;OXA-286-like beta-lactamase,carbapenem;penicillin beta-lactam,antibiotic inactivation
ARO:3001763,OXA beta-lactamase,penicillin beta-lactam,antibiotic inactivation
ARO:3001504,OXA beta-lactamase;OXA-211-like beta-lactamase,carbapenem;penicillin beta-lactam,antibiotic inactivation
ARO:3001425,OXA beta-lactamase;OXA-1-like beta-lactamase,cephalosporin;penicillin beta-lactam,antibiotic inactivation
ARO:3001683,OXA beta-lactamase;OXA-51-like beta-lactamase,carbapenem;penicillin beta-lactam,antibiotic inactivation
ARO:3001684,OXA beta-lactamase;OXA-51-like beta-lactamase,carbapenem;penicillin beta-lactam,antibiotic inactivation
ARO:3001685,OXA beta-lactamase;OXA-51-like beta-lactamase,carbapenem;penicillin beta-lactam,antibiotic inactivation
ARO:3001686,OXA beta-lactamase;OXA-51-like beta-lactamase,carbapenem;penicillin beta-lactam,antibiotic inactivation
ARO:3001687,OXA beta-lactamase;OXA-51-like beta-lactamase,carbapenem;penicillin beta-lactam,antibiotic inactivation
ARO:3001688,OXA beta-lactamase;OXA-51-like beta-lactamase,carbapenem;penicillin beta-lactam,antibiotic inactivation
ARO:3001426,OXA beta-lactamase;OXA-2-like beta-lactamase,cephalosporin;penicillin beta-lactam,antibiotic inactivation
ARO:3001793,OXA beta-lactamase;OXA-1-like beta-lactamase,cephalosporin;penicillin beta-lactam,antibiotic inactivation
ARO:3001510,OXA beta-lactamase;OXA-213-like beta-lactamase,carbapenem;penicillin beta-lactam,antibiotic inactivation
ARO:3001511,OXA beta-lactamase;OXA-213-like beta-lactamase,carbapenem;penicillin beta-lactam,antibiotic inactivation
ARO:3001512,OXA beta-lactamase;OXA-213-like beta-lactamase,carbapenem;penicillin beta-lactam,antibiotic inactivation
ARO:3001513,OXA beta-lactamase;OXA-213-like beta-lactamase,carbapenem;penicillin beta-lactam,antibiotic inactivation
ARO:3001514,OXA beta-lactamase;OXA-213-like beta-lactamase,carbapenem;penicillin beta-lactam,antibiotic inactivation
ARO:3001515,OXA beta-lactamase;OXA-213-like beta-lactamase,carbapenem;penicillin beta-lactam,antibiotic inactivation
ARO:3001516,OXA beta-lactamase;OXA-213-like beta-lactamase,carbapenem;penicillin beta-lactam,antibiotic inactivation
ARO:3001517,OXA beta-lactamase;OXA-213-like beta-lactamase,carbapenem;penicillin beta-lactam,antibiotic inactivation
ARO:3001427,OXA beta-lactamase,penicillin beta-lactam,antibiotic inactivation
ARO:3001518,OXA beta-lactamase;OXA-213-like beta-lactamase,carbapenem;penicillin beta-lactam,antibiotic inactivation
ARO:3001519,OXA beta-lactamase;OXA-213-like beta-lactamase,carbapenem;penicillin beta-lactam,antibiotic inactivation
ARO:3001520,OXA beta-lactamase;OXA-213-like beta-lactamase,carbapenem;penicillin beta-lactam,antibiotic inactivation
ARO:3001521,OXA beta-lactamase;OXA-211-like beta-lactamase,carbapenem;penicillin beta-lactam,antibiotic inactivation
ARO:3001522,OXA beta-lactamase;OXA-211-like beta-lactamase,carbapenem;penicillin beta-lactam,antibiotic inactivation
ARO:3001523,OXA beta-lactamase;OXA-134-like beta-lactamase,carbapenem;penicillin beta-lactam,antibiotic inactivation
ARO:3001524,OXA beta-lactamase;OXA-51-like beta-lactamase,carbapenem;penicillin beta-lactam,antibiotic inactivation
ARO:3001525,OXA beta-lactamase;OXA-51-like beta-lactamase,carbapenem;penicillin beta-lactam,antibiotic inactivation
ARO:3001526,OXA beta-lactamase;OXA-51-like beta-lactamase,carbapenem;penicillin beta-lactam,antibiotic inactivation
ARO:3001527,OXA beta-lactamase;OXA-51-like beta-lactamase,carbapenem;penicillin beta-lactam,antibiotic inactivation
ARO:3001428,OXA beta-lactamase,penicillin beta-lactam,antibiotic inactivation
ARO:3001528,OXA beta-lactamase;OXA-51-like beta-lactamase,carbapenem;penicillin beta-lactam,antibiotic inactivation
ARO:3001529,OXA beta-lactamase;OXA-51-like beta-lactamase,carbapenem;penicillin beta-lactam,antibiotic inactivation
ARO:3001530,OXA beta-lactamase;OXA-51-like beta-lactamase,carbapenem;penicillin beta-lactam,antibiotic inactivation
ARO:3001531,OXA beta-lactamase;OXA-51-like beta-lactamase,carbapenem;penicillin beta-lactam,antibiotic inactivation
ARO:3001532,OXA beta-lactamase;OXA-51-like beta-lactamase,carbapenem;penicillin beta-lactam,antibiotic inactivation
ARO:3001533,OXA beta-lactamase;OXA-51-like beta-lactamase,carbapenem;penicillin beta-lactam,antibiotic inactivation
ARO:3001534,OXA beta-lactamase;OXA-51-like beta-lactamase,carbapenem;penicillin beta-lactam,antibiotic inactivation
ARO:3001777,OXA beta-lactamase,penicillin beta-lactam,antibiotic inactivation
ARO:3001535,OXA beta-lactamase;OXA-213-like beta-lactamase,carbapenem;penicillin beta-lactam,antibiotic inactivation
ARO:3001536,OXA beta-lactamase;OXA-213-like beta-lactamase,carbapenem;penicillin beta-lactam,antibiotic inactivation
ARO:3001429,OXA beta-lactamase;OXA-10-like beta-lactamase,cephalosporin;penicillin beta-lactam,antibiotic inactivation
ARO:3001537,OXA beta-lactamase;OXA-213-like beta-lactamase,carbapenem;penicillin beta-lactam,antibiotic inactivation
ARO:3001538,OXA beta-lactamase;OXA-213-like beta-lactamase,carbapenem;penicillin beta-lactam,antibiotic inactivation
ARO:3001539,OXA beta-lactamase;OXA-213-like beta-lactamase,carbapenem;penicillin beta-lactam,antibiotic inactivation
ARO:3001540,OXA beta-lactamase;OXA-213-like beta-lactamase,carbapenem;penicillin beta-lactam,antibiotic inactivation
ARO:3001541,OXA beta-lactamase;OXA-213-like beta-lactamase,carbapenem;penicillin beta-lactam,antibiotic inactivation
ARO:3001542,OXA beta-lactamase;OXA-229-like beta-lactamase,carbapenem;penicillin beta-lactam,antibiotic inactivation
ARO:3001543,OXA beta-lactamase;OXA-229-like beta-lactamase,carbapenem;penicillin beta-lactam,antibiotic inactivation
ARO:3001544,OXA beta-lactamase;OXA-213-like beta-lactamase,carbapenem;penicillin beta-lactam,antibiotic inactivation
ARO:3001545,OXA beta-lactamase;OXA-213-like beta-lactamase,carbapenem;penicillin beta-lactam,antibiotic inactivation
ARO:3001546,OXA beta-lactamase;OXA-213-like beta-lactamase,carbapenem;penicillin beta-lactam,antibiotic inactivation
ARO:3001430,OXA beta-lactamase,penicillin beta-lactam,antibiotic inactivation
ARO:3001547,OXA beta-lactamase;OXA-134-like beta-lactamase,carbapenem;penicillin beta-lactam,antibiotic inactivation
ARO:3001548,OXA beta-lactamase;OXA-134-like beta-lactamase,carbapenem;penicillin beta-lactam,antibiotic inactivation
ARO:3001549,OXA beta-lactamase;OXA-134-like beta-lactamase,carbapenem;penicillin beta-lactam,antibiotic inactivation
ARO:3001550,OXA beta-lactamase;OXA-134-like beta-lactamase,carbapenem;penicillin beta-lactam,antibiotic inactivation
ARO:3001551,OXA beta-lactamase;OXA-364-like beta-lactamase,penicillin beta-lactam,antibiotic inactivation
ARO:3001552,OXA beta-lactamase;OXA-51-like beta-lactamase,carbapenem;penicillin beta-lactam,antibiotic inactivation
ARO:3001553,OXA beta-lactamase;OXA-23-like beta-lactamase,carbapenem;penicillin beta-lactam,antibiotic inactivation
ARO:3001555,OXA beta-lactamase;OXA-10-like beta-lactamase,cephalosporin;penicillin beta-lactam,antibiotic inactivation
ARO:3001431,OXA beta-lactamase,penicillin beta-lactam,antibiotic inactivation
ARO:3001774,OXA beta-lactamase;OXA-48-like beta-lactamase,carbapenem;penicillin beta-lactam,antibiotic inactivation
ARO:3001557,OXA beta-lactamase;OXA-51-like beta-lactamase,carbapenem;penicillin beta-lactam,antibiotic inactivation
ARO:3001558,OXA beta-lactamase;OXA-372-like beta-lactamase,carbapenem;penicillin beta-lactam,antibiotic inactivation
ARO:3001559,OXA beta-lactamase;OXA-211-like beta-lactamase,carbapenem;penicillin beta-lactam,antibiotic inactivation
ARO:3001560,OXA beta-lactamase;OXA-51-like beta-lactamase,carbapenem;penicillin beta-lactam,antibiotic inactivation
ARO:3001561,OXA beta-lactamase;OXA-51-like beta-lactamase,carbapenem;penicillin beta-lactam,antibiotic inactivation
ARO:3001562,OXA beta-lactamase;OXA-51-like beta-lactamase,carbapenem;penicillin beta-lactam,antibiotic inactivation
ARO:3001563,OXA beta-lactamase;OXA-51-like beta-lactamase,carbapenem;penicillin beta-lactam,antibiotic inactivation
ARO:3001564,OXA beta-lactamase;OXA-51-like beta-lactamase,carbapenem;penicillin beta-lactam,antibiotic inactivation
ARO:3001565,OXA beta-lactamase;OXA-51-like beta-lactamase,carbapenem;penicillin beta-lactam,antibiotic inactivation
ARO:3001566,OXA beta-lactamase;OXA-51-like beta-lactamase,carbapenem;penicillin beta-lactam,antibiotic inactivation
ARO:3001567,OXA beta-lactamase;OXA-51-like beta-lactamase,carbapenem;penicillin beta-lactam,antibiotic inactivation
ARO:3001568,OXA beta-lactamase;OXA-51-like beta-lactamase,carbapenem;penicillin beta-lactam,antibiotic inactivation
ARO:3001569,OXA beta-lactamase;OXA-51-like beta-lactamase,carbapenem;penicillin beta-lactam,antibiotic inactivation
ARO:3001570,OXA beta-lactamase;OXA-51-like beta-lactamase,carbapenem;penicillin beta-lactam,antibiotic inactivation
ARO:3001571,OXA beta-lactamase;OXA-51-like beta-lactamase,carbapenem;penicillin beta-lactam,antibiotic inactivation
ARO:3001572,OXA beta-lactamase;OXA-51-like beta-lactamase,carbapenem;penicillin beta-lactam,antibiotic inactivation
ARO:3001573,OXA beta-lactamase;OXA-51-like beta-lactamase,carbapenem;penicillin beta-lactam,antibiotic inactivation
ARO:3001574,OXA beta-lactamase;OXA-51-like beta-lactamase,carbapenem;penicillin beta-lactam,antibiotic inactivation
ARO:3001575,OXA beta-lactamase;OXA-51-like beta-lactamase,carbapenem;penicillin beta-lactam,antibiotic inactivation
ARO:3001576,OXA beta-lactamase;OXA-51-like beta-lactamase,carbapenem;penicillin beta-lactam,antibiotic inactivation
ARO:3001577,OXA beta-lactamase;OXA-51-like beta-lactamase,carbapenem;penicillin beta-lactam,antibiotic inactivation
ARO:3001578,OXA beta-lactamase;OXA-1-like beta-lactamase,cephalosporin;penicillin beta-lactam,antibiotic inactivation
ARO:3001581,OXA beta-lactamase;OXA-50-like beta-lactamase,penicillin beta-lactam,antibiotic inactivation
ARO:3001582,OXA beta-lactamase;OXA-50-like beta-lactamase,penicillin beta-lactam,antibiotic inactivation
ARO:3001583,OXA beta-lactamase;OXA-58-like beta-lactamase,carbapenem;penicillin beta-lactam,antibiotic inactivation
ARO:3001584,OXA beta-lactamase;OXA-23-like beta-lactamase,carbapenem;penicillin beta-lactam,antibiotic inactivation
ARO:3001399,OXA beta-lactamase;OXA-1-like beta-lactamase,cephalosporin;penicillin beta-lactam,antibiotic inactivation
ARO:3001586,OXA beta-lactamase;OXA-51-like beta-lactamase,carbapenem;penicillin beta-lactam,antibiotic inactivation
ARO:3001587,OXA beta-lactamase;OXA-51-like beta-lactamase,carbapenem;penicillin beta-lactam,antibiotic inactivation
ARO:3001588,OXA beta-lactamase;OXA-51-like beta-lactamase,carbapenem;penicillin beta-lactam,antibiotic inactivation
ARO:3001589,OXA beta-lactamase;OXA-51-like beta-lactamase,carbapenem;penicillin beta-lactam,antibiotic inactivation
ARO:3001595,OXA beta-lactamase;OXA-51-like beta-lactamase,carbapenem;penicillin beta-lactam,antibiotic inactivation
ARO:3001596,OXA beta-lactamase;OXA-48-like beta-lactamase,carbapenem;penicillin beta-lactam,antibiotic inactivation
ARO:3001597,OXA beta-lactamase;OXA-51-like beta-lactamase,carbapenem;penicillin beta-lactam,antibiotic inactivation
ARO:3001598,OXA beta-lactamase;OXA-51-like beta-lactamase,carbapenem;penicillin beta-lactam,antibiotic inactivation
ARO:3001599,OXA beta-lactamase;OXA-51-like beta-lactamase,carbapenem;penicillin beta-lactam,antibiotic inactivation
ARO:3001600,OXA beta-lactamase;OXA-51-like beta-lactamase,carbapenem;penicillin beta-lactam,antibiotic inactivation
ARO:3001601,OXA beta-lactamase,penicillin beta-lactam,antibiotic inactivation
ARO:3001602,OXA beta-lactamase;OXA-51-like beta-lactamase,carbapenem;penicillin beta-lactam,antibiotic inactivation
ARO:3001603,OXA beta-lactamase;OXA-51-like beta-lactamase,carbapenem;penicillin beta-lactam,antibiotic inactivation
ARO:3001604,OXA beta-lactamase;OXA-51-like beta-lactamase,carbapenem;penicillin beta-lactam,antibiotic inactivation
ARO:3001605,OXA beta-lactamase;OXA-51-like beta-lactamase,carbapenem;penicillin beta-lactam,antibiotic inactivation
ARO:3001606,OXA beta-lactamase;OXA-2-like beta-lactamase,cephalosporin;penicillin beta-lactam,antibiotic inactivation
ARO:3001607,OXA beta-lactamase;OXA-48-like beta-lactamase,carbapenem;penicillin beta-lactam,antibiotic inactivation
ARO:3001608,OXA beta-lactamase;OXA-213-like beta-lactamase,carbapenem;penicillin beta-lactam,antibiotic inactivation
ARO:3002496,OXA beta-lactamase;OXA-229-like beta-lactamase,carbapenem;penicillin beta-lactam,antibiotic inactivation
ARO:3001769,OXA beta-lactamase;OXA-42-like beta-lactamase,penicillin beta-lactam,antibiotic inactivation
ARO:3003116,OXA beta-lactamase;OXA-58-like beta-lactamase,carbapenem;penicillin beta-lactam,antibiotic inactivation
ARO:3003117,OXA beta-lactamase;OXA-213-like beta-lactamase,carbapenem;penicillin beta-lactam,antibiotic inactivation
ARO:3003160,OXA beta-lactamase;OXA-23-like beta-lactamase,carbapenem;penicillin beta-lactam,antibiotic inactivation
ARO:3003161,OXA beta-lactamase;OXA-23-like beta-lactamase,carbapenem;penicillin beta-lactam,antibiotic inactivation
ARO:3003147,OXA beta-lactamase;OXA-51-like beta-lactamase,carbapenem;penicillin beta-lactam,antibiotic inactivation
ARO:3003148,OXA beta-lactamase;OXA-51-like beta-lactamase,carbapenem;penicillin beta-lactam,antibiotic inactivation
ARO:3003149,OXA beta-lactamase;OXA-51-like beta-lactamase,carbapenem;penicillin beta-lactam,antibiotic inactivation
ARO:3003115,OXA beta-lactamase;OXA-427-like beta-lactamase,carbapenem;penicillin beta-lactam,antibiotic inactivation
ARO:3003120,OXA beta-lactamase;OXA-51-like beta-lactamase,carbapenem;penicillin beta-lactam,antibiotic inactivation
ARO:3001770,OXA beta-lactamase;OXA-42-like beta-lactamase,penicillin beta-lactam,antibiotic inactivation
ARO:3003121,OXA beta-lactamase;OXA-51-like beta-lactamase,carbapenem;penicillin beta-lactam,antibiotic inactivation
ARO:3003124,OXA beta-lactamase;OXA-51-like beta-lactamase,carbapenem;penicillin beta-lactam,antibiotic inactivation
ARO:3003125,OXA beta-lactamase;OXA-51-like beta-lactamase,carbapenem;penicillin beta-lactam,antibiotic inactivation
ARO:3003126,OXA beta-lactamase;OXA-51-like beta-lactamase,carbapenem;penicillin beta-lactam,antibiotic inactivation
ARO:3003162,OXA beta-lactamase;OXA-23-like beta-lactamase,carbapenem;penicillin beta-lactam,antibiotic inactivation
ARO:3003128,OXA beta-lactamase;OXA-48-like beta-lactamase,carbapenem;penicillin beta-lactam,antibiotic inactivation
ARO:3003593,OXA beta-lactamase;OXA-24-like beta-lactamase,carbapenem;penicillin beta-lactam,antibiotic inactivation
ARO:3003594,OXA beta-lactamase;OXA-48-like beta-lactamase,carbapenem;penicillin beta-lactam,antibiotic inactivation
ARO:3003595,OXA beta-lactamase;OXA-48-like beta-lactamase,carbapenem;penicillin beta-lactam,antibiotic inactivation
ARO:3003596,OXA beta-lactamase;OXA-23-like beta-lactamase,carbapenem;penicillin beta-lactam,antibiotic inactivation
ARO:3003597,OXA beta-lactamase;OXA-51-like beta-lactamase,carbapenem;penicillin beta-lactam,antibiotic inactivation
ARO:3003598,OXA beta-lactamase;OXA-51-like beta-lactamase,carbapenem;penicillin beta-lactam,antibiotic inactivation
ARO:3003599,OXA beta-lactamase;OXA-22-like beta-lactamase,cephalosporin;penicillin beta-lactam,antibiotic inactivation
ARO:3003600,OXA beta-lactamase;OXA-60-like beta-lactamase,carbapenem;penicillin beta-lactam,antibiotic inactivation
ARO:3003602,OXA beta-lactamase;OXA-184-like beta-lactamase,penicillin beta-lactam,antibiotic inactivation
ARO:3003603,OXA beta-lactamase;OXA-184-like beta-lactamase,penicillin beta-lactam,antibiotic inactivation
ARO:3003604,OXA beta-lactamase;OXA-184-like beta-lactamase,penicillin beta-lactam,antibiotic inactivation
ARO:3003605,OXA beta-lactamase;OXA-184-like beta-lactamase,penicillin beta-lactam,antibiotic inactivation
ARO:3001794,OXA beta-lactamase,penicillin beta-lactam,antibiotic inactivation
ARO:3003606,OXA beta-lactamase;OXA-61-like beta-lactamase,penicillin beta-lactam,antibiotic inactivation
ARO:3003607,OXA beta-lactamase;OXA-61-like beta-lactamase,penicillin beta-lactam,antibiotic inactivation
ARO:3003608,OXA beta-lactamase;OXA-61-like beta-lactamase,penicillin beta-lactam,antibiotic inactivation
ARO:3003609,OXA beta-lactamase;OXA-61-like beta-lactamase,penicillin beta-lactam,antibiotic inactivation
ARO:3003610,OXA beta-lactamase;OXA-10-like beta-lactamase,cephalosporin;penicillin beta-lactam,antibiotic inactivation
ARO:3003611,OXA beta-lactamase;OXA-364-like beta-lactamase,penicillin beta-lactam,antibiotic inactivation
ARO:3003613,OXA beta-lactamase,penicillin beta-lactam,antibiotic inactivation
ARO:3003614,OXA beta-lactamase,penicillin beta-lactam,antibiotic inactivation
ARO:3003615,OXA beta-lactamase,penicillin beta-lactam,antibiotic inactivation
ARO:3001797,OXA beta-lactamase;OXA-46-like beta-lactamase,penicillin beta-lactam,antibiotic inactivation
ARO:3003616,OXA beta-lactamase;OXA-61-like beta-lactamase,penicillin beta-lactam,antibiotic inactivation
ARO:3003617,OXA beta-lactamase;OXA-61-like beta-lactamase,penicillin beta-lactam,antibiotic inactivation
ARO:3003620,OXA beta-lactamase,penicillin beta-lactam,antibiotic inactivation
ARO:3003621,OXA beta-lactamase;OXA-184-like beta-lactamase,penicillin beta-lactam,antibiotic inactivation
ARO:3003622,OXA beta-lactamase;OXA-184-like beta-lactamase,penicillin beta-lactam,antibiotic inactivation
ARO:3001781,OXA beta-lactamase;OXA-1-like beta-lactamase,cephalosporin;penicillin beta-lactam,antibiotic inactivation
ARO:3003626,OXA beta-lactamase;OXA-63-like beta-lactamase,penicillin beta-lactam,antibiotic inactivation
ARO:3003627,OXA beta-lactamase;OXA-63-like beta-lactamase,penicillin beta-lactam,antibiotic inactivation
ARO:3003628,OXA beta-lactamase;OXA-63-like beta-lactamase,penicillin beta-lactam,antibiotic inactivation
ARO:3003629,OXA beta-lactamase;OXA-63-like beta-lactamase,penicillin beta-lactam,antibiotic inactivation
ARO:3003631,OXA beta-lactamase;OXA-63-like beta-lactamase,penicillin beta-lactam,antibiotic inactivation
ARO:3003632,OXA beta-lactamase;OXA-63-like beta-lactamase,penicillin beta-lactam,antibiotic inactivation
ARO:3003633,OXA beta-lactamase;OXA-63-like beta-lactamase,penicillin beta-lactam,antibiotic inactivation
ARO:3003634,OXA beta-lactamase;OXA-63-like beta-lactamase,penicillin beta-lactam,antibiotic inactivation
ARO:3003635,OXA beta-lactamase;OXA-63-like beta-lactamase,penicillin beta-lactam,antibiotic inactivation
ARO:3003636,OXA beta-lactamase;OXA-63-like beta-lactamase,penicillin beta-lactam,antibiotic inactivation
ARO:3001782,OXA beta-lactamase;OXA-48-like beta-lactamase,carbapenem;penicillin beta-lactam,antibiotic inactivation
ARO:3003637,OXA beta-lactamase;OXA-51-like beta-lactamase,carbapenem;penicillin beta-lactam,antibiotic inactivation
ARO:3003638,OXA beta-lactamase,penicillin beta-lactam,antibiotic inactivation
ARO:3003639,OXA beta-lactamase;OXA-23-like beta-lactamase,carbapenem;penicillin beta-lactam,antibiotic inactivation
ARO:3003640,OXA beta-lactamase;OXA-23-like beta-lactamase,carbapenem;penicillin beta-lactam,antibiotic inactivation
ARO:3003641,OXA beta-lactamase;OXA-48-like beta-lactamase,carbapenem;penicillin beta-lactam,antibiotic inactivation
ARO:3003642,OXA beta-lactamase;OXA-50-like beta-lactamase,penicillin beta-lactam,antibiotic inactivation
ARO:3003643,OXA beta-lactamase;OXA-50-like beta-lactamase,penicillin beta-lactam,antibiotic inactivation
ARO:3003645,OXA beta-lactamase;OXA-50-like beta-lactamase,penicillin beta-lactam,antibiotic inactivation
ARO:3005724,OXA beta-lactamase;OXA-61-like beta-lactamase,penicillin beta-lactam,antibiotic inactivation
ARO:3001671,OXA beta-lactamase;OXA-23-like beta-lactamase,carbapenem;penicillin beta-lactam,antibiotic inactivation
ARO:3005725,OXA beta-lactamase,penicillin beta-lactam,antibiotic inactivation
ARO:3005726,OXA beta-lactamase;OXA-493-like beta-lactamase,penicillin beta-lactam,antibiotic inactivation
ARO:3005727,OXA beta-lactamase;OXA-50-like beta-lactamase,penicillin beta-lactam,antibiotic inactivation
ARO:3005335,OXA beta-lactamase;OXA-134-like beta-lactamase,carbapenem;penicillin beta-lactam,antibiotic inactivation
ARO:3005728,OXA beta-lactamase;OXA-51-like beta-lactamase,carbapenem;penicillin beta-lactam,antibiotic inactivation
ARO:3005729,OXA beta-lactamase;OXA-211-like beta-lactamase,carbapenem;penicillin beta-lactam,antibiotic inactivation
ARO:3005343,OXA beta-lactamase;OXA-143-like beta-lactamase,carbapenem;penicillin beta-lactam,antibiotic inactivation
ARO:3001400,OXA beta-lactamase;OXA-5-like beta-lactamase,penicillin beta-lactam,antibiotic inactivation
ARO:3001796,OXA beta-lactamase;OXA-50-like beta-lactamase,cephalosporin;penicillin beta-lactam,antibiotic inactivation
ARO:3005730,OXA beta-lactamase;OXA-213-like beta-lactamase,carbapenem;penicillin beta-lactam,antibiotic inactivation
ARO:3005731,OXA beta-lactamase;OXA-213-like beta-lactamase,carbapenem;penicillin beta-lactam,antibiotic inactivation
ARO:3005732,OXA beta-lactamase;OXA-213-like beta-lactamase,carbapenem;penicillin beta-lactam,antibiotic inactivation
ARO:3005733,OXA beta-lactamase;OXA-213-like beta-lactamase,carbapenem;penicillin beta-lactam,antibiotic inactivation
ARO:3005734,OXA beta-lactamase,penicillin beta-lactam,antibiotic inactivation
ARO:3005735,OXA beta-lactamase;OXA-48-like beta-lactamase,carbapenem;penicillin beta-lactam,antibiotic inactivation
ARO:3005736,OXA beta-lactamase;OXA-213-like beta-lactamase,carbapenem;penicillin beta-lactam,antibiotic inactivation
ARO:3005737,OXA beta-lactamase;OXA-51-like beta-lactamase,carbapenem;penicillin beta-lactam,antibiotic inactivation
ARO:3005738,OXA beta-lactamase;OXA-51-like beta-lactamase,carbapenem;penicillin beta-lactam,antibiotic inactivation
ARO:3005739,OXA beta-lactamase;OXA-51-like beta-lactamase,carbapenem;penicillin beta-lactam,antibiotic inactivation
ARO:3001612,OXA beta-lactamase;OXA-51-like beta-lactamase,carbapenem;monobactam;penicillin beta-lactam,antibiotic inactivation
ARO:3005740,OXA beta-lactamase;OXA-51-like beta-lactamase,carbapenem;penicillin beta-lactam,antibiotic inactivation
ARO:3005741,OXA beta-lactamase;OXA-51-like beta-lactamase,carbapenem;penicillin beta-lactam,antibiotic inactivation
ARO:3005742,OXA beta-lactamase;OXA-58-like beta-lactamase,carbapenem;penicillin beta-lactam,antibiotic inactivation
ARO:3005743,OXA beta-lactamase;OXA-364-like beta-lactamase,penicillin beta-lactam,antibiotic inactivation
ARO:3005744,OXA beta-lactamase;OXA-48-like beta-lactamase,carbapenem;penicillin beta-lactam,antibiotic inactivation
ARO:3005745,OXA beta-lactamase;OXA-48-like beta-lactamase,carbapenem;penicillin beta-lactam,antibiotic inactivation
ARO:3005746,OXA beta-lactamase;OXA-51-like beta-lactamase,carbapenem;penicillin beta-lactam,antibiotic inactivation
ARO:3005747,OXA beta-lactamase;OXA-48-like beta-lactamase,carbapenem;penicillin beta-lactam,antibiotic inactivation
ARO:3005748,OXA beta-lactamase;OXA-493-like beta-lactamase,penicillin beta-lactam,antibiotic inactivation
ARO:3005749,OXA beta-lactamase;OXA-48-like beta-lactamase,carbapenem;penicillin beta-lactam,antibiotic inactivation
ARO:3005750,OXA beta-lactamase;OXA-10-like beta-lactamase,cephalosporin;penicillin beta-lactam,antibiotic inactivation
ARO:3005751,OXA beta-lactamase;OXA-51-like beta-lactamase,carbapenem;penicillin beta-lactam,antibiotic inactivation
ARO:3005752,OXA beta-lactamase;OXA-213-like beta-lactamase,carbapenem;penicillin beta-lactam,antibiotic inactivation
ARO:3005753,OXA beta-lactamase;OXA-51-like beta-lactamase,carbapenem;penicillin beta-lactam,antibiotic inactivation
ARO:3005754,OXA beta-lactamase;OXA-51-like beta-lactamase,carbapenem;penicillin beta-lactam,antibiotic inactivation
ARO:3005755,OXA beta-lactamase;OXA-51-like beta-lactamase,carbapenem;penicillin beta-lactam,antibiotic inactivation
ARO:3005756,OXA beta-lactamase;OXA-213-like beta-lactamase,carbapenem;penicillin beta-lactam,antibiotic inactivation
ARO:3005757,OXA beta-lactamase,penicillin beta-lactam,antibiotic inactivation
ARO:3005758,OXA beta-lactamase;OXA-51-like beta-lactamase,carbapenem;penicillin beta-lactam,antibiotic inactivation
ARO:3005759,OXA beta-lactamase;OXA-51-like beta-lactamase,carbapenem;penicillin beta-lactam,antibiotic inactivation
ARO:3001810,OXA beta-lactamase;OXA-2-like beta-lactamase,cephalosporin;penicillin beta-lactam,antibiotic inactivation
ARO:3005760,OXA beta-lactamase;OXA-51-like beta-lactamase,carbapenem;penicillin beta-lactam,antibiotic inactivation
ARO:3005761,OXA beta-lactamase;OXA-51-like beta-lactamase,carbapenem;penicillin beta-lactam,antibiotic inactivation
ARO:3005762,OXA beta-lactamase;OXA-51-like beta-lactamase,carbapenem;penicillin beta-lactam,antibiotic inactivation
ARO:3005763,OXA beta-lactamase;OXA-213-like beta-lactamase,carbapenem;penicillin beta-lactam,antibiotic inactivation
ARO:3005764,OXA beta-lactamase;OXA-1-like beta-lactamase,cephalosporin;penicillin beta-lactam,antibiotic inactivation
ARO:3004362,OXA beta-lactamase;OXA-48-like beta-lactamase,carbapenem;penicillin beta-lactam,antibiotic inactivation
ARO:3005765,OXA beta-lactamase;OXA-51-like beta-lactamase,carbapenem;penicillin beta-lactam,antibiotic inactivation
ARO:3005766,OXA beta-lactamase;OXA-134-like beta-lactamase,carbapenem;penicillin beta-lactam,antibiotic inactivation
ARO:3005767,OXA beta-lactamase;OXA-48-like beta-lactamase,carbapenem;penicillin beta-lactam,antibiotic inactivation
ARO:3005317,OXA beta-lactamase;OXA-2-like beta-lactamase,cephalosporin;penicillin beta-lactam,antibiotic inactivation
ARO:3001812,OXA beta-lactamase;OXA-48-like beta-lactamase,carbapenem;penicillin beta-lactam,antibiotic inactivation
ARO:3005314,OXA beta-lactamase;OXA-2-like beta-lactamase,cephalosporin;penicillin beta-lactam,antibiotic inactivation
ARO:3005321,OXA beta-lactamase;OXA-2-like beta-lactamase,cephalosporin;penicillin beta-lactam,antibiotic inactivation
ARO:3005768,OXA beta-lactamase,penicillin beta-lactam,antibiotic inactivation
ARO:3005318,OXA beta-lactamase;OXA-2-like beta-lactamase,cephalosporin;penicillin beta-lactam,antibiotic inactivation
ARO:3005222,OXA beta-lactamase;OXA-2-like beta-lactamase,cephalosporin;penicillin beta-lactam,antibiotic inactivation
ARO:3005769,OXA beta-lactamase;OXA-51-like beta-lactamase,carbapenem;penicillin beta-lactam,antibiotic inactivation
ARO:3005770,OXA beta-lactamase;OXA-48-like beta-lactamase,carbapenem;penicillin beta-lactam,antibiotic inactivation
ARO:3005771,OXA beta-lactamase;OXA-48-like beta-lactamase,carbapenem;penicillin beta-lactam,antibiotic inactivation
ARO:3005772,OXA beta-lactamase;OXA-548-like beta-lactamase,penicillin beta-lactam,antibiotic inactivation
ARO:3005773,OXA beta-lactamase;OXA-548-like beta-lactamase,penicillin beta-lactam,antibiotic inactivation
ARO:3001813,OXA beta-lactamase;OXA-55-like beta-lactamase,carbapenem;penicillin beta-lactam,antibiotic inactivation
ARO:3005774,OXA beta-lactamase;OXA-548-like beta-lactamase,penicillin beta-lactam,antibiotic inactivation
ARO:3005775,OXA beta-lactamase;OXA-548-like beta-lactamase,penicillin beta-lactam,antibiotic inactivation
ARO:3005776,OXA beta-lactamase;OXA-548-like beta-lactamase,penicillin beta-lactam,antibiotic inactivation
ARO:3005777,OXA beta-lactamase;OXA-548-like beta-lactamase,penicillin beta-lactam,antibiotic inactivation
ARO:3005778,OXA beta-lactamase;OXA-51-like beta-lactamase,carbapenem;penicillin beta-lactam,antibiotic inactivation
ARO:3005779,OXA beta-lactamase;OXA-51-like beta-lactamase,carbapenem;penicillin beta-lactam,antibiotic inactivation
ARO:3005780,OXA beta-lactamase;OXA-51-like beta-lactamase,carbapenem;penicillin beta-lactam,antibiotic inactivation
ARO:3005781,OXA beta-lactamase;OXA-51-like beta-lactamase,carbapenem;penicillin beta-lactam,antibiotic inactivation
ARO:3005782,OXA beta-lactamase;OXA-51-like beta-lactamase,carbapenem;penicillin beta-lactam,antibiotic inactivation
ARO:3005783,OXA beta-lactamase;OXA-51-like beta-lactamase,carbapenem;penicillin beta-lactam,antibiotic inactivation
ARO:3001795,OXA beta-lactamase;OXA-10-like beta-lactamase,cephalosporin;penicillin beta-lactam,antibiotic inactivation
ARO:3005784,OXA beta-lactamase;OXA-51-like beta-lactamase,carbapenem;penicillin beta-lactam,antibiotic inactivation
ARO:3005785,OXA beta-lactamase;OXA-51-like beta-lactamase,carbapenem;penicillin beta-lactam,antibiotic inactivation
ARO:3005786,OXA beta-lactamase;OXA-51-like beta-lactamase,carbapenem;penicillin beta-lactam,antibiotic inactivation
ARO:3005787,OXA beta-lactamase;OXA-213-like beta-lactamase,carbapenem;penicillin beta-lactam,antibiotic inactivation
ARO:3005788,OXA beta-lactamase;OXA-213-like beta-lactamase,carbapenem;penicillin beta-lactam,antibiotic inactivation
ARO:3005789,OXA beta-lactamase;OXA-23-like beta-lactamase,carbapenem;penicillin beta-lactam,antibiotic inactivation
ARO:3005790,OXA beta-lactamase;OXA-48-like beta-lactamase,carbapenem;penicillin beta-lactam,antibiotic inactivation
ARO:3005791,OXA beta-lactamase;OXA-48-like beta-lactamase,carbapenem;penicillin beta-lactam,antibiotic inactivation
ARO:3005792,OXA beta-lactamase,penicillin beta-lactam,antibiotic inactivation
ARO:3005793,OXA beta-lactamase;OXA-22-like beta-lactamase,cephalosporin;penicillin beta-lactam,antibiotic inactivation
ARO:3001771,OXA beta-lactamase;OXA-42-like beta-lactamase,penicillin beta-lactam,antibiotic inactivation
ARO:3005324,OXA beta-lactamase;OXA-60-like beta-lactamase,carbapenem;penicillin beta-lactam,antibiotic inactivation
ARO:3005326,OXA beta-lactamase;OXA-60-like beta-lactamase,carbapenem;penicillin beta-lactam,antibiotic inactivation
ARO:3005794,OXA beta-lactamase;OXA-22-like beta-lactamase,cephalosporin;penicillin beta-lactam,antibiotic inactivation
ARO:3005325,OXA beta-lactamase;OXA-60-like beta-lactamase,carbapenem;penicillin beta-lactam,antibiotic inactivation
ARO:3005795,OXA beta-lactamase;OXA-22-like beta-lactamase,cephalosporin;penicillin beta-lactam,antibiotic inactivation
ARO:3005796,OXA beta-lactamase;OXA-214-like beta-lactamase,carbapenem;penicillin beta-lactam,antibiotic inactivation
ARO:3005797,OXA beta-lactamase,penicillin beta-lactam,antibiotic inactivation
ARO:3005798,OXA beta-lactamase;OXA-61-like beta-lactamase,penicillin beta-lactam,antibiotic inactivation
ARO:3005799,OXA beta-lactamase;OXA-61-like beta-lactamase,penicillin beta-lactam,antibiotic inactivation
ARO:3005800,OXA beta-lactamase;OXA-61-like beta-lactamase,penicillin beta-lactam,antibiotic inactivation
ARO:3001611,OXA beta-lactamase;OXA-58-like beta-lactamase,carbapenem;penicillin beta-lactam,antibiotic inactivation
ARO:3005801,OXA beta-lactamase;OXA-61-like beta-lactamase,penicillin beta-lactam,antibiotic inactivation
ARO:3005802,OXA beta-lactamase;OXA-61-like beta-lactamase,penicillin beta-lactam,antibiotic inactivation
ARO:3005803,OXA beta-lactamase;OXA-61-like beta-lactamase,penicillin beta-lactam,antibiotic inactivation
ARO:3005804,OXA beta-lactamase;OXA-61-like beta-lactamase,penicillin beta-lactam,antibiotic inactivation
ARO:3005805,OXA beta-lactamase;OXA-61-like beta-lactamase,penicillin beta-lactam,antibiotic inactivation
ARO:3005806,OXA beta-lactamase;OXA-61-like beta-lactamase,penicillin beta-lactam,antibiotic inactivation
ARO:3005807,OXA beta-lactamase;OXA-61-like beta-lactamase,penicillin beta-lactam,antibiotic inactivation
ARO:3005808,OXA beta-lactamase;OXA-61-like beta-lactamase,penicillin beta-lactam,antibiotic inactivation
ARO:3005809,OXA beta-lactamase;OXA-61-like beta-lactamase,penicillin beta-lactam,antibiotic inactivation
ARO:3005810,OXA beta-lactamase;OXA-61-like beta-lactamase,penicillin beta-lactam,antibiotic inactivation
ARO:3001772,OXA beta-lactamase;OXA-42-like beta-lactamase,penicillin beta-lactam,antibiotic inactivation
ARO:3005811,OXA beta-lactamase;OXA-61-like beta-lactamase,penicillin beta-lactam,antibiotic inactivation
ARO:3005812,OXA beta-lactamase;OXA-61-like beta-lactamase,penicillin beta-lactam,antibiotic inactivation
ARO:3005813,OXA beta-lactamase;OXA-61-like beta-lactamase,penicillin beta-lactam,antibiotic inactivation
ARO:3005814,OXA beta-lactamase;OXA-61-like beta-lactamase,penicillin beta-lactam,antibiotic inactivation
ARO:3005815,OXA beta-lactamase;OXA-61-like beta-lactamase,penicillin beta-lactam,antibiotic inactivation
ARO:3005816,OXA beta-lactamase;OXA-61-like beta-lactamase,penicillin beta-lactam,antibiotic inactivation
ARO:3005817,OXA beta-lactamase;OXA-61-like beta-lactamase,penicillin beta-lactam,antibiotic inactivation
ARO:3005818,OXA beta-lactamase;OXA-61-like beta-lactamase,penicillin beta-lactam,antibiotic inactivation
ARO:3005819,OXA beta-lactamase;OXA-61-like beta-lactamase,penicillin beta-lactam,antibiotic inactivation
ARO:3005820,OXA beta-lactamase;OXA-61-like beta-lactamase,penicillin beta-lactam,antibiotic inactivation
ARO:3001808,OXA beta-lactamase;OXA-60-like beta-lactamase,carbapenem;penicillin beta-lactam,antibiotic inactivation
ARO:3005821,OXA beta-lactamase;OXA-61-like beta-lactamase,penicillin beta-lactam,antibiotic inactivation
ARO:3005822,OXA beta-lactamase;OXA-61-like beta-lactamase,penicillin beta-lactam,antibiotic inactivation
ARO:3005823,OXA beta-lactamase;OXA-61-like beta-lactamase,penicillin beta-lactam,antibiotic inactivation
ARO:3005824,OXA beta-lactamase;OXA-61-like beta-lactamase,penicillin beta-lactam,antibiotic inactivation
ARO:3005825,OXA beta-lactamase;OXA-61-like beta-lactamase,penicillin beta-lactam,antibiotic inactivation
ARO:3005826,OXA beta-lactamase;OXA-61-like beta-lactamase,penicillin beta-lactam,antibiotic inactivation
ARO:3005827,OXA beta-lactamase;OXA-61-like beta-lactamase,penicillin beta-lactam,antibiotic inactivation
ARO:3005828,OXA beta-lactamase;OXA-61-like beta-lactamase,penicillin beta-lactam,antibiotic inactivation
ARO:3005829,OXA beta-lactamase;OXA-61-like beta-lactamase,penicillin beta-lactam,antibiotic inactivation
ARO:3005830,OXA beta-lactamase;OXA-61-like beta-lactamase,penicillin beta-lactam,antibiotic inactivation
ARO:3001773,OXA beta-lactamase;OXA-61-like beta-lactamase,penicillin beta-lactam,antibiotic inactivation
ARO:3005831,OXA beta-lactamase;OXA-61-like beta-lactamase,penicillin beta-lactam,antibiotic inactivation
ARO:3005832,OXA beta-lactamase;OXA-61-like beta-lactamase,penicillin beta-lactam,antibiotic inactivation
ARO:3005833,OXA beta-lactamase;OXA-61-like beta-lactamase,penicillin beta-lactam,antibiotic inactivation
ARO:3005834,OXA beta-lactamase;OXA-184-like beta-lactamase,penicillin beta-lactam,antibiotic inactivation
ARO:3005835,OXA beta-lactamase;OXA-184-like beta-lactamase,penicillin beta-lactam,antibiotic inactivation
ARO:3005836,OXA beta-lactamase;OXA-184-like beta-lactamase,penicillin beta-lactam,antibiotic inactivation
ARO:3005837,OXA beta-lactamase;OXA-184-like beta-lactamase,penicillin beta-lactam,antibiotic inactivation
ARO:3005838,OXA beta-lactamase;OXA-184-like beta-lactamase,penicillin beta-lactam,antibiotic inactivation
ARO:3005839,OXA beta-lactamase;OXA-184-like beta-lactamase,penicillin beta-lactam,antibiotic inactivation
ARO:3005840,OXA beta-lactamase;OXA-184-like beta-lactamase,penicillin beta-lactam,antibiotic inactivation
ARO:3001792,OXA beta-lactamase;OXA-62-like beta-lactamase,carbapenem;penicillin beta-lactam,antibiotic inactivation
ARO:3005841,OXA beta-lactamase;OXA-184-like beta-lactamase,penicillin beta-lactam,antibiotic inactivation
ARO:3005842,OXA beta-lactamase;OXA-184-like beta-lactamase,penicillin beta-lactam,antibiotic inactivation
ARO:3005843,OXA beta-lactamase;OXA-184-like beta-lactamase,penicillin beta-lactam,antibiotic inactivation
ARO:3005844,OXA beta-lactamase;OXA-184-like beta-lactamase,penicillin beta-lactam,antibiotic inactivation
ARO:3005845,OXA beta-lactamase;OXA-184-like beta-lactamase,penicillin beta-lactam,antibiotic inactivation
ARO:3005846,OXA beta-lactamase;OXA-184-like beta-lactamase,penicillin beta-lactam,antibiotic inactivation
ARO:3005847,OXA beta-lactamase;OXA-184-like beta-lactamase,penicillin beta-lactam,antibiotic inactivation
ARO:3005848,OXA beta-lactamase;OXA-184-like beta-lactamase,penicillin beta-lactam,antibiotic inactivation
ARO:3005849,OXA beta-lactamase;OXA-184-like beta-lactamase,penicillin beta-lactam,antibiotic inactivation
ARO:3005850,OXA beta-lactamase;OXA-184-like beta-lactamase,penicillin beta-lactam,antibiotic inactivation
ARO:3001764,OXA beta-lactamase;OXA-63-like beta-lactamase,penicillin beta-lactam,antibiotic inactivation
ARO:3005851,OXA beta-lactamase;OXA-184-like beta-lactamase,penicillin beta-lactam,antibiotic inactivation
ARO:3005852,OXA beta-lactamase;OXA-184-like beta-lactamase,penicillin beta-lactam,antibiotic inactivation
ARO:3005853,OXA beta-lactamase;OXA-184-like beta-lactamase,penicillin beta-lactam,antibiotic inactivation
ARO:3005854,OXA beta-lactamase;OXA-184-like beta-lactamase,penicillin beta-lactam,antibiotic inactivation
ARO:3005855,OXA beta-lactamase;OXA-184-like beta-lactamase,penicillin beta-lactam,antibiotic inactivation
ARO:3005856,OXA beta-lactamase;OXA-184-like beta-lactamase,penicillin beta-lactam,antibiotic inactivation
ARO:3005857,OXA beta-lactamase;OXA-184-like beta-lactamase,penicillin beta-lactam,antibiotic inactivation
ARO:3005858,OXA beta-lactamase;OXA-184-like beta-lactamase,penicillin beta-lactam,antibiotic inactivation
ARO:3005859,OXA beta-lactamase;OXA-184-like beta-lactamase,penicillin beta-lactam,antibiotic inactivation
ARO:3005860,OXA beta-lactamase;OXA-184-like beta-lactamase,penicillin beta-lactam,antibiotic inactivation
ARO:3001613,OXA beta-lactamase;OXA-51-like beta-lactamase,carbapenem;penicillin beta-lactam,antibiotic inactivation
ARO:3005861,OXA beta-lactamase;OXA-184-like beta-lactamase,penicillin beta-lactam,antibiotic inactivation
ARO:3005333,OXA beta-lactamase;OXA-372-like beta-lactamase,carbapenem;penicillin beta-lactam,antibiotic inactivation
ARO:3005862,OXA beta-lactamase;OXA-213-like beta-lactamase,carbapenem;penicillin beta-lactam,antibiotic inactivation
ARO:3005863,OXA beta-lactamase;OXA-211-like beta-lactamase,carbapenem;penicillin beta-lactam,antibiotic inactivation
ARO:3005864,OXA beta-lactamase;OXA-211-like beta-lactamase,carbapenem;penicillin beta-lactam,antibiotic inactivation
ARO:3005865,OXA beta-lactamase;OXA-211-like beta-lactamase,carbapenem;penicillin beta-lactam,antibiotic inactivation
ARO:3005339,OXA beta-lactamase;OXA-134-like beta-lactamase,carbapenem;penicillin beta-lactam,antibiotic inactivation
ARO:3005337,OXA beta-lactamase;OXA-134-like beta-lactamase,carbapenem;penicillin beta-lactam,antibiotic inactivation
ARO:3005338,OXA beta-lactamase;OXA-134-like beta-lactamase,carbapenem;penicillin beta-lactam,antibiotic inactivation
ARO:3005340,OXA beta-lactamase;OXA-143-like beta-lactamase,carbapenem;penicillin beta-lactam,antibiotic inactivation
ARO:3001614,OXA beta-lactamase;OXA-51-like beta-lactamase,carbapenem;penicillin beta-lactam,antibiotic inactivation
ARO:3005866,OXA beta-lactamase;OXA-211-like beta-lactamase,carbapenem;penicillin beta-lactam,antibiotic inactivation
ARO:3005867,OXA beta-lactamase;OXA-211-like beta-lactamase,carbapenem;penicillin beta-lactam,antibiotic inactivation
ARO:3005868,OXA beta-lactamase;OXA-211-like beta-lactamase,carbapenem;penicillin beta-lactam,antibiotic inactivation
ARO:3005342,OXA beta-lactamase;OXA-24-like beta-lactamase,carbapenem;penicillin beta-lactam,antibiotic inactivation
ARO:3005869,OXA beta-lactamase;OXA-51-like beta-lactamase,carbapenem;penicillin beta-lactam,antibiotic inactivation
ARO:3005870,OXA beta-lactamase;OXA-10-like beta-lactamase,cephalosporin;penicillin beta-lactam,antibiotic inactivation
ARO:3005871,OXA beta-lactamase;OXA-10-like beta-lactamase,cephalosporin;penicillin beta-lactam,antibiotic inactivation
ARO:3005872,OXA beta-lactamase;OXA-23-like beta-lactamase,carbapenem;penicillin beta-lactam,antibiotic inactivation
ARO:3005873,OXA beta-lactamase;OXA-184-like beta-lactamase,penicillin beta-lactam,antibiotic inactivation
ARO:3005874,OXA beta-lactamase;OXA-61-like beta-lactamase,penicillin beta-lactam,antibiotic inactivation
ARO:3001615,OXA beta-lactamase;OXA-51-like beta-lactamase,carbapenem;penicillin beta-lactam,antibiotic inactivation
ARO:3005875,OXA beta-lactamase;OXA-61-like beta-lactamase,penicillin beta-lactam,antibiotic inactivation
ARO:3005876,OXA beta-lactamase;OXA-266-like beta-lactamase,penicillin beta-lactam,antibiotic inactivation
ARO:3005877,OXA beta-lactamase;OXA-211-like beta-lactamase,carbapenem;penicillin beta-lactam,antibiotic inactivation
ARO:3004489,OXA beta-lactamase;OXA-10-like beta-lactamase,cephalosporin;penicillin beta-lactam,antibiotic inactivation
ARO:3004479,OXA beta-lactamase,penicillin beta-lactam,antibiotic inactivation
ARO:3004478,OXA beta-lactamase,penicillin beta-lactam,antibiotic inactivation
ARO:3005878,OXA beta-lactamase,penicillin beta-lactam,antibiotic inactivation
ARO:3005879,OXA beta-lactamase;OXA-274-like beta-lactamase,carbapenem;penicillin beta-lactam,antibiotic inactivation
ARO:3005158,OXA beta-lactamase;OXA-274-like beta-lactamase,carbapenem;penicillin beta-lactam,antibiotic inactivation
ARO:3005880,OXA beta-lactamase;OXA-274-like beta-lactamase,carbapenem;penicillin beta-lactam,antibiotic inactivation
ARO:3001437,OXA beta-lactamase;OXA-51-like beta-lactamase,carbapenem;penicillin beta-lactam,antibiotic inactivation
ARO:3005881,OXA beta-lactamase;OXA-286-like beta-lactamase,carbapenem;penicillin beta-lactam,antibiotic inactivation
ARO:3005328,OXA beta-lactamase;OXA-286-like beta-lactamase,carbapenem;penicillin beta-lactam,antibiotic inactivation
ARO:3005327,OXA beta-lactamase;OXA-286-like beta-lactamase,carbapenem;penicillin beta-lactam,antibiotic inactivation
ARO:3005329,OXA beta-lactamase;OXA-286-like beta-lactamase,carbapenem;penicillin beta-lactam,antibiotic inactivation
ARO:3005882,OXA beta-lactamase;OXA-286-like beta-lactamase,carbapenem;penicillin beta-lactam,antibiotic inactivation
ARO:3005883,OXA beta-lactamase;OXA-1-like beta-lactamase,cephalosporin;penicillin beta-lactam,antibiotic inactivation
ARO:3005884,OXA beta-lactamase;OXA-10-like beta-lactamase,cephalosporin;penicillin beta-lactam,antibiotic inactivation
ARO:3005885,OXA beta-lactamase;OXA-10-like beta-lactamase,cephalosporin;penicillin beta-lactam,antibiotic inactivation
ARO:3005886,OXA beta-lactamase;OXA-213-like beta-lactamase,carbapenem;penicillin beta-lactam,antibiotic inactivation
ARO:3005887,OXA beta-lactamase;OXA-679-like beta-lactamase,carbapenem;penicillin beta-lactam,antibiotic inactivation
ARO:3001616,OXA beta-lactamase;OXA-51-like beta-lactamase,carbapenem;penicillin beta-lactam,antibiotic inactivation
ARO:3005888,OXA beta-lactamase;OXA-51-like beta-lactamase,carbapenem;penicillin beta-lactam,antibiotic inactivation
ARO:3005319,OXA beta-lactamase;OXA-2-like beta-lactamase,cephalosporin;penicillin beta-lactam,antibiotic inactivation
ARO:3005889,OXA beta-lactamase;OXA-51-like beta-lactamase,carbapenem;penicillin beta-lactam,antibiotic inactivation
ARO:3005890,OXA beta-lactamase;OXA-51-like beta-lactamase,carbapenem;penicillin beta-lactam,antibiotic inactivation
ARO:3005891,OXA beta-lactamase;OXA-51-like beta-lactamase,carbapenem;penicillin beta-lactam,antibiotic inactivation
ARO:3005892,OXA beta-lactamase;OXA-51-like beta-lactamase,carbapenem;penicillin beta-lactam,antibiotic inactivation
ARO:3005893,OXA beta-lactamase;OXA-51-like beta-lactamase,carbapenem;penicillin beta-lactam,antibiotic inactivation
ARO:3005894,OXA beta-lactamase;OXA-51-like beta-lactamase,carbapenem;penicillin beta-lactam,antibiotic inactivation
ARO:3005895,OXA beta-lactamase;OXA-51-like beta-lactamase,carbapenem;penicillin beta-lactam,antibiotic inactivation
ARO:3005896,OXA beta-lactamase;OXA-51-like beta-lactamase,carbapenem;penicillin beta-lactam,antibiotic inactivation
ARO:3001617,OXA beta-lactamase;OXA-51-like beta-lactamase,carbapenem;penicillin beta-lactam,antibiotic inactivation
ARO:3005897,OXA beta-lactamase;OXA-51-like beta-lactamase,carbapenem;penicillin beta-lactam,antibiotic inactivation
ARO:3005898,OXA beta-lactamase;OXA-51-like beta-lactamase,carbapenem;penicillin beta-lactam,antibiotic inactivation
ARO:3005899,OXA beta-lactamase;OXA-51-like beta-lactamase,carbapenem;penicillin beta-lactam,antibiotic inactivation
ARO:3005900,OXA beta-lactamase;OXA-51-like beta-lactamase,carbapenem;penicillin beta-lactam,antibiotic inactivation
ARO:3005901,OXA beta-lactamase;OXA-51-like beta-lactamase,carbapenem;penicillin beta-lactam,antibiotic inactivation
ARO:3005902,OXA beta-lactamase;OXA-51-like beta-lactamase,carbapenem;penicillin beta-lactam,antibiotic inactivation
ARO:3005903,OXA beta-lactamase;OXA-51-like beta-lactamase,carbapenem;penicillin beta-lactam,antibiotic inactivation
ARO:3005904,OXA beta-lactamase;OXA-51-like beta-lactamase,carbapenem;penicillin beta-lactam,antibiotic inactivation
ARO:3005905,OXA beta-lactamase;OXA-51-like beta-lactamase,carbapenem;penicillin beta-lactam,antibiotic inactivation
ARO:3005906,OXA beta-lactamase;OXA-51-like beta-lactamase,carbapenem;penicillin beta-lactam,antibiotic inactivation
ARO:3001402,OXA beta-lactamase;OXA-10-like beta-lactamase,cephalosporin;penicillin beta-lactam,antibiotic inactivation
ARO:3001618,OXA beta-lactamase;OXA-51-like beta-lactamase,carbapenem;penicillin beta-lactam,antibiotic inactivation
ARO:3005907,OXA beta-lactamase;OXA-51-like beta-lactamase,carbapenem;penicillin beta-lactam,antibiotic inactivation
ARO:3005908,OXA beta-lactamase;OXA-51-like beta-lactamase,carbapenem;penicillin beta-lactam,antibiotic inactivation
ARO:3005909,OXA beta-lactamase;OXA-51-like beta-lactamase,carbapenem;penicillin beta-lactam,antibiotic inactivation
ARO:3005910,OXA beta-lactamase;OXA-51-like beta-lactamase,carbapenem;penicillin beta-lactam,antibiotic inactivation
ARO:3005911,OXA beta-lactamase;OXA-51-like beta-lactamase,carbapenem;penicillin beta-lactam,antibiotic inactivation
ARO:3005912,OXA beta-lactamase;OXA-51-like beta-lactamase,carbapenem;penicillin beta-lactam,antibiotic inactivation
ARO:3005913,OXA beta-lactamase;OXA-51-like beta-lactamase,carbapenem;penicillin beta-lactam,antibiotic inactivation
ARO:3005914,OXA beta-lactamase;OXA-51-like beta-lactamase,carbapenem;penicillin beta-lactam,antibiotic inactivation
ARO:3005915,OXA beta-lactamase;OXA-51-like beta-lactamase,carbapenem;penicillin beta-lactam,antibiotic inactivation
ARO:3005916,OXA beta-lactamase;OXA-51-like beta-lactamase,carbapenem;penicillin beta-lactam,antibiotic inactivation
ARO:3001619,OXA beta-lactamase;OXA-51-like beta-lactamase,carbapenem;penicillin beta-lactam,antibiotic inactivation
ARO:3005917,OXA beta-lactamase;OXA-51-like beta-lactamase,carbapenem;penicillin beta-lactam,antibiotic inactivation
ARO:3005918,OXA beta-lactamase;OXA-51-like beta-lactamase,carbapenem;penicillin beta-lactam,antibiotic inactivation
ARO:3005919,OXA beta-lactamase;OXA-51-like beta-lactamase,carbapenem;penicillin beta-lactam,antibiotic inactivation
ARO:3005920,OXA beta-lactamase;OXA-51-like beta-lactamase,carbapenem;penicillin beta-lactam,antibiotic inactivation
ARO:3005921,OXA beta-lactamase;OXA-51-like beta-lactamase,carbapenem;penicillin beta-lactam,antibiotic inactivation
ARO:3005922,OXA beta-lactamase;OXA-51-like beta-lactamase,carbapenem;penicillin beta-lactam,antibiotic inactivation
ARO:3005923,OXA beta-lactamase;OXA-51-like beta-lactamase,carbapenem;penicillin beta-lactam,antibiotic inactivation
ARO:3005924,OXA beta-lactamase;OXA-51-like beta-lactamase,carbapenem;penicillin beta-lactam,antibiotic inactivation
ARO:3005925,OXA beta-lactamase;OXA-51-like beta-lactamase,carbapenem;penicillin beta-lactam,antibiotic inactivation
ARO:3005926,OXA beta-lactamase;OXA-51-like beta-lactamase,carbapenem;penicillin beta-lactam,antibiotic inactivation
ARO:3001705,OXA beta-lactamase;OXA-24-like beta-lactamase,carbapenem;penicillin beta-lactam,antibiotic inactivation
ARO:3005927,OXA beta-lactamase;OXA-51-like beta-lactamase,carbapenem;penicillin beta-lactam,antibiotic inactivation
ARO:3005928,OXA beta-lactamase;OXA-51-like beta-lactamase,carbapenem;penicillin beta-lactam,antibiotic inactivation
ARO:3005929,OXA beta-lactamase;OXA-51-like beta-lactamase,carbapenem;penicillin beta-lactam,antibiotic inactivation
ARO:3005930,OXA beta-lactamase;OXA-51-like beta-lactamase,carbapenem;penicillin beta-lactam,antibiotic inactivation
ARO:3004837,OXA beta-lactamase;OXA-12-like beta-lactamase,penicillin beta-lactam,antibiotic inactivation
ARO:3008720,OXA beta-lactamase;OXA-12-like beta-lactamase,penicillin beta-lactam,antibiotic inactivation
ARO:3005931,OXA beta-lactamase;OXA-12-like beta-lactamase,penicillin beta-lactam,antibiotic inactivation
ARO:3005932,OXA beta-lactamase;OXA-727-like beta-lactamase,penicillin beta-lactam,antibiotic inactivation
ARO:3005933,OXA beta-lactamase;OXA-727-like beta-lactamase,penicillin beta-lactam,antibiotic inactivation
ARO:3005934,OXA beta-lactamase;OXA-55-like beta-lactamase,carbapenem;penicillin beta-lactam,antibiotic inactivation
ARO:3001785,OXA beta-lactamase;OXA-23-like beta-lactamase,carbapenem;penicillin beta-lactam,antibiotic inactivation
ARO:3005935,OXA beta-lactamase;OXA-679-like beta-lactamase,carbapenem;penicillin beta-lactam,antibiotic inactivation
ARO:3005936,OXA beta-lactamase;OXA-48-like beta-lactamase,carbapenem;penicillin beta-lactam,antibiotic inactivation
ARO:3005937,OXA beta-lactamase,penicillin beta-lactam,antibiotic inactivation
ARO:3005938,OXA beta-lactamase;OXA-51-like beta-lactamase,carbapenem;penicillin beta-lactam,antibiotic inactivation
ARO:3005939,OXA beta-lactamase;OXA-51-like beta-lactamase,carbapenem;penicillin beta-lactam,antibiotic inactivation
ARO:3005940,OXA beta-lactamase;OXA-51-like beta-lactamase,carbapenem;penicillin beta-lactam,antibiotic inactivation
ARO:3005941,OXA beta-lactamase;OXA-10-like beta-lactamase,cephalosporin;penicillin beta-lactam,antibiotic inactivation
ARO:3005320,OXA beta-lactamase;OXA-2-like beta-lactamase,cephalosporin;penicillin beta-lactam,antibiotic inactivation
ARO:3005942,OXA beta-lactamase;OXA-51-like beta-lactamase,carbapenem;penicillin beta-lactam,antibiotic inactivation
ARO:3005943,OXA beta-lactamase;OXA-51-like beta-lactamase,carbapenem;penicillin beta-lactam,antibiotic inactivation
ARO:3001798,OXA beta-lactamase;OXA-10-like beta-lactamase,cephalosporin;penicillin beta-lactam,antibiotic inactivation
ARO:3005944,OXA beta-lactamase;OXA-51-like beta-lactamase,carbapenem;penicillin beta-lactam,antibiotic inactivation
ARO:3005945,OXA beta-lactamase;OXA-51-like beta-lactamase,carbapenem;penicillin beta-lactam,antibiotic inactivation
ARO:3005946,OXA beta-lactamase;OXA-51-like beta-lactamase,carbapenem;penicillin beta-lactam,antibiotic inactivation
ARO:3005947,OXA beta-lactamase;OXA-51-like beta-lactamase,carbapenem;penicillin beta-lactam,antibiotic inactivation
ARO:3005948,OXA beta-lactamase;OXA-51-like beta-lactamase,carbapenem;penicillin beta-lactam,antibiotic inactivation
ARO:3005949,OXA beta-lactamase;OXA-51-like beta-lactamase,carbapenem;penicillin beta-lactam,antibiotic inactivation
ARO:3005950,OXA beta-lactamase;OXA-51-like beta-lactamase,carbapenem;penicillin beta-lactam,antibiotic inactivation
ARO:3005951,OXA beta-lactamase;OXA-51-like beta-lactamase,carbapenem;penicillin beta-lactam,antibiotic inactivation
ARO:3005952,OXA beta-lactamase;OXA-51-like beta-lactamase,carbapenem;penicillin beta-lactam,antibiotic inactivation
ARO:3005953,OXA beta-lactamase;OXA-51-like beta-lactamase,carbapenem;penicillin beta-lactam,antibiotic inactivation
ARO:3001620,OXA beta-lactamase;OXA-51-like beta-lactamase,carbapenem;penicillin beta-lactam,antibiotic inactivation
ARO:3005954,OXA beta-lactamase;OXA-51-like beta-lactamase,carbapenem;penicillin beta-lactam,antibiotic inactivation
ARO:3005955,OXA beta-lactamase;OXA-51-like beta-lactamase,carbapenem;penicillin beta-lactam,antibiotic inactivation
ARO:3005956,OXA beta-lactamase;OXA-51-like beta-lactamase,carbapenem;penicillin beta-lactam,antibiotic inactivation
ARO:3005957,OXA beta-lactamase;OXA-51-like beta-lactamase,carbapenem;penicillin beta-lactam,antibiotic inactivation
ARO:3005958,OXA beta-lactamase;OXA-51-like beta-lactamase,carbapenem;penicillin beta-lactam,antibiotic inactivation
ARO:3005959,OXA beta-lactamase;OXA-51-like beta-lactamase,carbapenem;penicillin beta-lactam,antibiotic inactivation
ARO:3005960,OXA beta-lactamase;OXA-51-like beta-lactamase,carbapenem;penicillin beta-lactam,antibiotic inactivation
ARO:3005961,OXA beta-lactamase;OXA-51-like beta-lactamase,carbapenem;penicillin beta-lactam,antibiotic inactivation
ARO:3005962,OXA beta-lactamase;OXA-51-like beta-lactamase,carbapenem;penicillin beta-lactam,antibiotic inactivation
ARO:3005963,OXA beta-lactamase;OXA-51-like beta-lactamase,carbapenem;penicillin beta-lactam,antibiotic inactivation
ARO:3001621,OXA beta-lactamase;OXA-51-like beta-lactamase,carbapenem;penicillin beta-lactam,antibiotic inactivation
ARO:3005964,OXA beta-lactamase;OXA-51-like beta-lactamase,carbapenem;penicillin beta-lactam,antibiotic inactivation
ARO:3005965,OXA beta-lactamase;OXA-51-like beta-lactamase,carbapenem;penicillin beta-lactam,antibiotic inactivation
ARO:3005966,OXA beta-lactamase;OXA-51-like beta-lactamase,carbapenem;penicillin beta-lactam,antibiotic inactivation
ARO:3005967,OXA beta-lactamase;OXA-51-like beta-lactamase,carbapenem;penicillin beta-lactam,antibiotic inactivation
ARO:3005968,OXA beta-lactamase;OXA-51-like beta-lactamase,carbapenem;penicillin beta-lactam,antibiotic inactivation
ARO:3005969,OXA beta-lactamase;OXA-51-like beta-lactamase,carbapenem;penicillin beta-lactam,antibiotic inactivation
ARO:3005970,OXA beta-lactamase;OXA-51-like beta-lactamase,carbapenem;penicillin beta-lactam,antibiotic inactivation
ARO:3005971,OXA beta-lactamase;OXA-51-like beta-lactamase,carbapenem;penicillin beta-lactam,antibiotic inactivation
ARO:3005972,OXA beta-lactamase;OXA-51-like beta-lactamase,carbapenem;penicillin beta-lactam,antibiotic inactivation
ARO:3005973,OXA beta-lactamase;OXA-51-like beta-lactamase,carbapenem;penicillin beta-lactam,antibiotic inactivation
ARO:3001622,OXA beta-lactamase;OXA-51-like beta-lactamase,carbapenem;penicillin beta-lactam,antibiotic inactivation
ARO:3005974,OXA beta-lactamase;OXA-51-like beta-lactamase,carbapenem;penicillin beta-lactam,antibiotic inactivation
ARO:3005975,OXA beta-lactamase;OXA-51-like beta-lactamase,carbapenem;penicillin beta-lactam,antibiotic inactivation
ARO:3005976,OXA beta-lactamase;OXA-51-like beta-lactamase,carbapenem;penicillin beta-lactam,antibiotic inactivation
ARO:3005977,OXA beta-lactamase;OXA-51-like beta-lactamase,carbapenem;penicillin beta-lactam,antibiotic inactivation
ARO:3005978,OXA beta-lactamase;OXA-51-like beta-lactamase,carbapenem;penicillin beta-lactam,antibiotic inactivation
ARO:3005979,OXA beta-lactamase;OXA-51-like beta-lactamase,carbapenem;penicillin beta-lactam,antibiotic inactivation
ARO:3005980,OXA beta-lactamase;OXA-51-like beta-lactamase,carbapenem;penicillin beta-lactam,antibiotic inactivation
ARO:3005981,OXA beta-lactamase;OXA-213-like beta-lactamase,carbapenem;penicillin beta-lactam,antibiotic inactivation
ARO:3005982,OXA beta-lactamase;OXA-213-like beta-lactamase,carbapenem;penicillin beta-lactam,antibiotic inactivation
ARO:3005315,OXA beta-lactamase;OXA-46-like beta-lactamase,penicillin beta-lactam,antibiotic inactivation
ARO:3001645,OXA beta-lactamase;OXA-51-like beta-lactamase,carbapenem;penicillin beta-lactam,antibiotic inactivation
ARO:3005983,OXA beta-lactamase,penicillin beta-lactam,antibiotic inactivation
ARO:3005984,OXA beta-lactamase;OXA-51-like beta-lactamase,carbapenem;penicillin beta-lactam,antibiotic inactivation
ARO:3005985,OXA beta-lactamase;OXA-51-like beta-lactamase,carbapenem;penicillin beta-lactam,antibiotic inactivation
ARO:3005986,OXA beta-lactamase;OXA-184-like beta-lactamase,penicillin beta-lactam,antibiotic inactivation
ARO:3005987,OXA beta-lactamase;OXA-61-like beta-lactamase,penicillin beta-lactam,antibiotic inactivation
ARO:3005988,OXA beta-lactamase;OXA-184-like beta-lactamase,penicillin beta-lactam,antibiotic inactivation
ARO:3005989,OXA beta-lactamase;OXA-61-like beta-lactamase,penicillin beta-lactam,antibiotic inactivation
ARO:3005990,OXA beta-lactamase;OXA-364-like beta-lactamase,penicillin beta-lactam,antibiotic inactivation
ARO:3005991,OXA beta-lactamase;OXA-48-like beta-lactamase,carbapenem;penicillin beta-lactam,antibiotic inactivation
ARO:3005992,OXA beta-lactamase;OXA-364-like beta-lactamase,penicillin beta-lactam,antibiotic inactivation
ARO:3001633,OXA beta-lactamase;OXA-51-like beta-lactamase,carbapenem;penicillin beta-lactam,antibiotic inactivation
ARO:3008721,OXA beta-lactamase;OXA-114-like beta-lactamase,penicillin beta-lactam,antibiotic inactivation
ARO:3008722,OXA beta-lactamase;OXA-114-like beta-lactamase,penicillin beta-lactam,antibiotic inactivation
ARO:3005993,OXA beta-lactamase;OXA-48-like beta-lactamase,carbapenem;penicillin beta-lactam,antibiotic inactivation
ARO:3005994,OXA beta-lactamase;OXA-10-like beta-lactamase,cephalosporin;penicillin beta-lactam,antibiotic inactivation
ARO:3005995,OXA beta-lactamase;OXA-10-like beta-lactamase,cephalosporin;penicillin beta-lactam,antibiotic inactivation
ARO:3005996,OXA beta-lactamase;OXA-1-like beta-lactamase,cephalosporin;penicillin beta-lactam,antibiotic inactivation
ARO:3005997,OXA beta-lactamase;OXA-51-like beta-lactamase,carbapenem;penicillin beta-lactam,antibiotic inactivation
ARO:3005998,OXA beta-lactamase;OXA-51-like beta-lactamase,carbapenem;penicillin beta-lactam,antibiotic inactivation
ARO:3005999,OXA beta-lactamase;OXA-51-like beta-lactamase,carbapenem;penicillin beta-lactam,antibiotic inactivation
ARO:3001634,OXA beta-lactamase;OXA-51-like beta-lactamase,carbapenem;penicillin beta-lactam,antibiotic inactivation
ARO:3006000,OXA beta-lactamase;OXA-51-like beta-lactamase,carbapenem;penicillin beta-lactam,antibiotic inactivation
ARO:3006001,OXA beta-lactamase;OXA-213-like beta-lactamase,carbapenem;penicillin beta-lactam,antibiotic inactivation
ARO:3006002,OXA beta-lactamase;OXA-213-like beta-lactamase,carbapenem;penicillin beta-lactam,antibiotic inactivation
ARO:3006003,OXA beta-lactamase;OXA-213-like beta-lactamase,carbapenem;penicillin beta-lactam,antibiotic inactivation
ARO:3006004,OXA beta-lactamase;OXA-213-like beta-lactamase,carbapenem;penicillin beta-lactam,antibiotic inactivation
ARO:3006005,OXA beta-lactamase;OXA-213-like beta-lactamase,carbapenem;penicillin beta-lactam,antibiotic inactivation
ARO:3006006,OXA beta-lactamase;OXA-23-like beta-lactamase,carbapenem;penicillin beta-lactam,antibiotic inactivation
ARO:3006007,OXA beta-lactamase;OXA-23-like beta-lactamase,carbapenem;penicillin beta-lactam,antibiotic inactivation
ARO:3006008,OXA beta-lactamase;OXA-23-like beta-lactamase,carbapenem;penicillin beta-lactam,antibiotic inactivation
ARO:3006009,OXA beta-lactamase;OXA-23-like beta-lactamase,carbapenem;penicillin beta-lactam,antibiotic inactivation
ARO:3006010,OXA beta-lactamase;OXA-23-like beta-lactamase,carbapenem;penicillin beta-lactam,antibiotic inactivation
ARO:3006011,OXA beta-lactamase;OXA-23-like beta-lactamase,carbapenem;penicillin beta-lactam,antibiotic inactivation
ARO:3005160,OXA beta-lactamase;OXA-23-like beta-lactamase,carbapenem;penicillin beta-lactam,antibiotic inactivation
ARO:3006012,OXA beta-lactamase;OXA-23-like beta-lactamase,carbapenem;penicillin beta-lactam,antibiotic inactivation
ARO:3006013,OXA beta-lactamase;OXA-23-like beta-lactamase,carbapenem;penicillin beta-lactam,antibiotic inactivation
ARO:3006014,OXA beta-lactamase;OXA-23-like beta-lactamase,carbapenem;penicillin beta-lactam,antibiotic inactivation
ARO:3006015,OXA beta-lactamase;OXA-23-like beta-lactamase,carbapenem;penicillin beta-lactam,antibiotic inactivation
ARO:3006016,OXA beta-lactamase;OXA-23-like beta-lactamase,carbapenem;penicillin beta-lactam,antibiotic inactivation
ARO:3005159,OXA beta-lactamase;OXA-23-like beta-lactamase,carbapenem;penicillin beta-lactam,antibiotic inactivation
ARO:3006017,OXA beta-lactamase;OXA-213-like beta-lactamase,carbapenem;penicillin beta-lactam,antibiotic inactivation
ARO:3001635,OXA beta-lactamase;OXA-51-like beta-lactamase,carbapenem;penicillin beta-lactam,antibiotic inactivation
ARO:3006018,OXA beta-lactamase;OXA-213-like beta-lactamase,carbapenem;penicillin beta-lactam,antibiotic inactivation
ARO:3006019,OXA beta-lactamase;OXA-213-like beta-lactamase,carbapenem;penicillin beta-lactam,antibiotic inactivation
ARO:3006020,OXA beta-lactamase;OXA-213-like beta-lactamase,carbapenem;penicillin beta-lactam,antibiotic inactivation
ARO:3006021,OXA beta-lactamase;OXA-10-like beta-lactamase,cephalosporin;penicillin beta-lactam,antibiotic inactivation
ARO:3006022,OXA beta-lactamase;OXA-10-like beta-lactamase,cephalosporin;penicillin beta-lactam,antibiotic inactivation
ARO:3005344,OXA beta-lactamase;OXA-143-like beta-lactamase,carbapenem;penicillin beta-lactam,antibiotic inactivation
ARO:3006023,OXA beta-lactamase;OXA-213-like beta-lactamase,carbapenem;penicillin beta-lactam,antibiotic inactivation
ARO:3006024,OXA beta-lactamase;OXA-10-like beta-lactamase,cephalosporin;penicillin beta-lactam,antibiotic inactivation
ARO:3006025,OXA beta-lactamase;OXA-51-like beta-lactamase,carbapenem;penicillin beta-lactam,antibiotic inactivation
ARO:3006026,OXA beta-lactamase;OXA-51-like beta-lactamase,carbapenem;penicillin beta-lactam,antibiotic inactivation
ARO:3001623,OXA beta-lactamase;OXA-51-like beta-lactamase,carbapenem;penicillin beta-lactam,antibiotic inactivation
ARO:3006027,OXA beta-lactamase,penicillin beta-lactam,antibiotic inactivation
ARO:3006028,OXA beta-lactamase;OXA-51-like beta-lactamase,carbapenem;penicillin beta-lactam,antibiotic inactivation
ARO:3006029,OXA beta-lactamase;OXA-213-like beta-lactamase,carbapenem;penicillin beta-lactam,antibiotic inactivation
ARO:3006030,OXA beta-lactamase;OXA-48-like beta-lactamase,carbapenem;penicillin beta-lactam,antibiotic inactivation
ARO:3006031,OXA beta-lactamase;OXA-51-like beta-lactamase,carbapenem;penicillin beta-lactam,antibiotic inactivation
ARO:3005322,OXA beta-lactamase;OXA-46-like beta-lactamase,penicillin beta-lactam,antibiotic inactivation
ARO:3006032,OXA beta-lactamase;OXA-10-like beta-lactamase,cephalosporin;penicillin beta-lactam,antibiotic inactivation
ARO:3005060,OXA beta-lactamase,penicillin beta-lactam,antibiotic inactivation
ARO:3005316,OXA beta-lactamase;OXA-2-like beta-lactamase,cephalosporin;penicillin beta-lactam,antibiotic inactivation
ARO:3006033,OXA beta-lactamase;OXA-114-like beta-lactamase,penicillin beta-lactam,antibiotic inactivation
ARO:3001624,OXA beta-lactamase;OXA-51-like beta-lactamase,carbapenem;penicillin beta-lactam,antibiotic inactivation
ARO:3006034,OXA beta-lactamase;OXA-213-like beta-lactamase,carbapenem;penicillin beta-lactam,antibiotic inactivation
ARO:3006035,OXA beta-lactamase;OXA-213-like beta-lactamase,carbapenem;penicillin beta-lactam,antibiotic inactivation
ARO:3006036,OXA beta-lactamase;OXA-213-like beta-lactamase,carbapenem;penicillin beta-lactam,antibiotic inactivation
ARO:3006037,OXA beta-lactamase;OXA-213-like beta-lactamase,carbapenem;penicillin beta-lactam,antibiotic inactivation
ARO:3006038,OXA beta-lactamase;OXA-213-like beta-lactamase,carbapenem;penicillin beta-lactam,antibiotic inactivation
ARO:3006039,OXA beta-lactamase;OXA-214-like beta-lactamase,carbapenem;penicillin beta-lactam,antibiotic inactivation
ARO:3005130,OXA beta-lactamase;OXA-50-like beta-lactamase,penicillin beta-lactam,antibiotic inactivation
ARO:3006040,OXA beta-lactamase;OXA-50-like beta-lactamase,penicillin beta-lactam,antibiotic inactivation
ARO:3006041,OXA beta-lactamase;OXA-50-like beta-lactamase,penicillin beta-lactam,antibiotic inactivation
ARO:3006042,OXA beta-lactamase;OXA-50-like beta-lactamase,penicillin beta-lactam,antibiotic inactivation
ARO:3001780,OXA beta-lactamase,penicillin beta-lactam,antibiotic inactivation
ARO:3005138,OXA beta-lactamase;OXA-50-like beta-lactamase,penicillin beta-lactam,antibiotic inactivation
ARO:3006043,OXA beta-lactamase;OXA-50-like beta-lactamase,penicillin beta-lactam,antibiotic inactivation
ARO:3006044,OXA beta-lactamase;OXA-51-like beta-lactamase,carbapenem;penicillin beta-lactam,antibiotic inactivation
ARO:3006045,OXA beta-lactamase;OXA-51-like beta-lactamase,carbapenem;penicillin beta-lactam,antibiotic inactivation
ARO:3006046,OXA beta-lactamase;OXA-51-like beta-lactamase,carbapenem;penicillin beta-lactam,antibiotic inactivation
ARO:3006047,OXA beta-lactamase;OXA-51-like beta-lactamase,carbapenem;penicillin beta-lactam,antibiotic inactivation
ARO:3006048,OXA beta-lactamase;OXA-51-like beta-lactamase,carbapenem;penicillin beta-lactam,antibiotic inactivation
ARO:3006049,OXA beta-lactamase;OXA-51-like beta-lactamase,carbapenem;penicillin beta-lactam,antibiotic inactivation
ARO:3006050,OXA beta-lactamase;OXA-51-like beta-lactamase,carbapenem;penicillin beta-lactam,antibiotic inactivation
ARO:3006051,OXA beta-lactamase;OXA-51-like beta-lactamase,carbapenem;penicillin beta-lactam,antibiotic inactivation
ARO:3001703,OXA beta-lactamase;OXA-51-like beta-lactamase,carbapenem;penicillin beta-lactam,antibiotic inactivation
ARO:3006052,OXA beta-lactamase;OXA-51-like beta-lactamase,carbapenem;penicillin beta-lactam,antibiotic inactivation
ARO:3006053,OXA beta-lactamase;OXA-51-like beta-lactamase,carbapenem;penicillin beta-lactam,antibiotic inactivation
ARO:3006054,OXA beta-lactamase;OXA-51-like beta-lactamase,carbapenem;penicillin beta-lactam,antibiotic inactivation
ARO:3006055,OXA beta-lactamase;OXA-51-like beta-lactamase,carbapenem;penicillin beta-lactam,antibiotic inactivation
ARO:3006056,OXA beta-lactamase;OXA-51-like beta-lactamase,carbapenem;penicillin beta-lactam,antibiotic inactivation
ARO:3006057,OXA beta-lactamase;OXA-51-like beta-lactamase,carbapenem;penicillin beta-lactam,antibiotic inactivation
ARO:3006058,OXA beta-lactamase;OXA-51-like beta-lactamase,carbapenem;penicillin beta-lactam,antibiotic inactivation
ARO:3006059,OXA beta-lactamase;OXA-51-like beta-lactamase,carbapenem;penicillin beta-lactam,antibiotic inactivation
ARO:3006060,OXA beta-lactamase;OXA-51-like beta-lactamase,carbapenem;penicillin beta-lactam,antibiotic inactivation
ARO:3006061,OXA beta-lactamase;OXA-51-like beta-lactamase,carbapenem;penicillin beta-lactam,antibiotic inactivation
ARO:3001704,OXA beta-lactamase;OXA-51-like beta-lactamase,carbapenem;penicillin beta-lactam,antibiotic inactivation
ARO:3006062,OXA beta-lactamase;OXA-51-like beta-lactamase,carbapenem;penicillin beta-lactam,antibiotic inactivation
ARO:3006063,OXA beta-lactamase;OXA-51-like beta-lactamase,carbapenem;penicillin beta-lactam,antibiotic inactivation
ARO:3006064,OXA beta-lactamase;OXA-51-like beta-lactamase,carbapenem;penicillin beta-lactam,antibiotic inactivation
ARO:3006065,OXA beta-lactamase;OXA-51-like beta-lactamase,carbapenem;penicillin beta-lactam,antibiotic inactivation
ARO:3006066,OXA beta-lactamase;OXA-51-like beta-lactamase,carbapenem;penicillin beta-lactam,antibiotic inactivation
ARO:3006067,OXA beta-lactamase;OXA-51-like beta-lactamase,carbapenem;penicillin beta-lactam,antibiotic inactivation
ARO:3006068,OXA beta-lactamase;OXA-51-like beta-lactamase,carbapenem;penicillin beta-lactam,antibiotic inactivation
ARO:3006069,OXA beta-lactamase;OXA-51-like beta-lactamase,carbapenem;penicillin beta-lactam,antibiotic inactivation
ARO:3006070,OXA beta-lactamase;OXA-51-like beta-lactamase,carbapenem;penicillin beta-lactam,antibiotic inactivation
ARO:3006071,OXA beta-lactamase;OXA-51-like beta-lactamase,carbapenem;penicillin beta-lactam,antibiotic inactivation
ARO:3001626,OXA beta-lactamase;OXA-51-like beta-lactamase,carbapenem;penicillin beta-lactam,antibiotic inactivation
ARO:3006072,OXA beta-lactamase;OXA-51-like beta-lactamase,carbapenem;penicillin beta-lactam,antibiotic inactivation
ARO:3006073,OXA beta-lactamase;OXA-51-like beta-lactamase,carbapenem;penicillin beta-lactam,antibiotic inactivation
ARO:3006074,OXA beta-lactamase;OXA-51-like beta-lactamase,carbapenem;penicillin beta-lactam,antibiotic inactivation
ARO:3006075,OXA beta-lactamase;OXA-51-like beta-lactamase,carbapenem;penicillin beta-lactam,antibiotic inactivation
ARO:3006076,OXA beta-lactamase;OXA-51-like beta-lactamase,carbapenem;penicillin beta-lactam,antibiotic inactivation
ARO:3006077,OXA beta-lactamase;OXA-51-like beta-lactamase,carbapenem;penicillin beta-lactam,antibiotic inactivation
ARO:3006078,OXA beta-lactamase;OXA-51-like beta-lactamase,carbapenem;penicillin beta-lactam,antibiotic inactivation
ARO:3006079,OXA beta-lactamase;OXA-51-like beta-lactamase,carbapenem;penicillin beta-lactam,antibiotic inactivation
ARO:3006080,OXA beta-lactamase;OXA-51-like beta-lactamase,carbapenem;penicillin beta-lactam,antibiotic inactivation
ARO:3006081,OXA beta-lactamase;OXA-51-like beta-lactamase,carbapenem;penicillin beta-lactam,antibiotic inactivation
ARO:3001625,OXA beta-lactamase;OXA-51-like beta-lactamase,carbapenem;penicillin beta-lactam,antibiotic inactivation
ARO:3006082,OXA beta-lactamase;OXA-51-like beta-lactamase,carbapenem;penicillin beta-lactam,antibiotic inactivation
ARO:3006083,OXA beta-lactamase;OXA-51-like beta-lactamase,carbapenem;penicillin beta-lactam,antibiotic inactivation
ARO:3006084,OXA beta-lactamase;OXA-51-like beta-lactamase,carbapenem;penicillin beta-lactam,antibiotic inactivation
ARO:3006085,OXA beta-lactamase;OXA-23-like beta-lactamase,carbapenem;penicillin beta-lactam,antibiotic inactivation
ARO:3006086,OXA beta-lactamase;OXA-48-like beta-lactamase,carbapenem;penicillin beta-lactam,antibiotic inactivation
ARO:3005332,OXA beta-lactamase;OXA-229-like beta-lactamase,carbapenem;penicillin beta-lactam,antibiotic inactivation
ARO:3006087,OXA beta-lactamase;OXA-9-like beta-lactamase,penicillin beta-lactam,antibiotic inactivation
ARO:3005341,OXA beta-lactamase;OXA-24-like beta-lactamase,carbapenem;penicillin beta-lactam,antibiotic inactivation
ARO:3005094,OXA beta-lactamase;OXA-60-like beta-lactamase,carbapenem;penicillin beta-lactam,antibiotic inactivation
ARO:3005093,OXA beta-lactamase;OXA-22-like beta-lactamase,cephalosporin;penicillin beta-lactam,antibiotic inactivation
ARO:3001404,OXA beta-lactamase;OXA-9-like beta-lactamase,penicillin beta-lactam,antibiotic inactivation
ARO:3001650,OXA beta-lactamase;OXA-51-like beta-lactamase,carbapenem;penicillin beta-lactam,antibiotic inactivation
ARO:3006088,OXA beta-lactamase,penicillin beta-lactam,antibiotic inactivation
ARO:3006089,OXA beta-lactamase;OXA-50-like beta-lactamase,penicillin beta-lactam,antibiotic inactivation
ARO:3006090,OXA beta-lactamase;OXA-50-like beta-lactamase,penicillin beta-lactam,antibiotic inactivation
ARO:3006091,OXA beta-lactamase;OXA-50-like beta-lactamase,penicillin beta-lactam,antibiotic inactivation
ARO:3006092,OXA beta-lactamase;OXA-50-like beta-lactamase,penicillin beta-lactam,antibiotic inactivation
ARO:3006093,OXA beta-lactamase;OXA-50-like beta-lactamase,penicillin beta-lactam,antibiotic inactivation
ARO:3005136,OXA beta-lactamase;OXA-50-like beta-lactamase,penicillin beta-lactam,antibiotic inactivation
ARO:3006094,OXA beta-lactamase;OXA-50-like beta-lactamase,penicillin beta-lactam,antibiotic inactivation
ARO:3006095,OXA beta-lactamase;OXA-50-like beta-lactamase,penicillin beta-lactam,antibiotic inactivation
ARO:3006096,OXA beta-lactamase;OXA-51-like beta-lactamase,carbapenem;penicillin beta-lactam,antibiotic inactivation
ARO:3001627,OXA beta-lactamase;OXA-51-like beta-lactamase,carbapenem;penicillin beta-lactam,antibiotic inactivation
ARO:3006097,OXA beta-lactamase;OXA-51-like beta-lactamase,carbapenem;penicillin beta-lactam,antibiotic inactivation
ARO:3006098,OXA beta-lactamase;OXA-23-like beta-lactamase,carbapenem;penicillin beta-lactam,antibiotic inactivation
ARO:3006099,OXA beta-lactamase;OXA-12-like beta-lactamase,penicillin beta-lactam,antibiotic inactivation
ARO:3006100,OXA beta-lactamase;OXA-50-like beta-lactamase,penicillin beta-lactam,antibiotic inactivation
ARO:3006101,OXA beta-lactamase;OXA-50-like beta-lactamase,penicillin beta-lactam,antibiotic inactivation
ARO:3005336,OXA beta-lactamase;OXA-134-like beta-lactamase,carbapenem;penicillin beta-lactam,antibiotic inactivation
ARO:3006102,OXA beta-lactamase;OXA-51-like beta-lactamase,carbapenem;penicillin beta-lactam,antibiotic inactivation
ARO:3006103,OXA beta-lactamase;OXA-427-like beta-lactamase,carbapenem;penicillin beta-lactam,antibiotic inactivation
ARO:3006104,OXA beta-lactamase;OXA-48-like beta-lactamase,carbapenem;penicillin beta-lactam,antibiotic inactivation
ARO:3006105,OXA beta-lactamase,penicillin beta-lactam,antibiotic inactivation
ARO:3001632,OXA beta-lactamase;OXA-51-like beta-lactamase,carbapenem;penicillin beta-lactam,antibiotic inactivation
ARO:3006106,OXA beta-lactamase;OXA-48-like beta-lactamase,carbapenem;penicillin beta-lactam,antibiotic inactivation
ARO:3006107,OXA beta-lactamase;OXA-1-like beta-lactamase,cephalosporin;penicillin beta-lactam,antibiotic inactivation
ARO:3006108,OXA beta-lactamase;OXA-48-like beta-lactamase,carbapenem;penicillin beta-lactam,antibiotic inactivation
ARO:3006109,OXA beta-lactamase;OXA-48-like beta-lactamase,carbapenem;penicillin beta-lactam,antibiotic inactivation
ARO:3006110,OXA beta-lactamase;OXA-48-like beta-lactamase,carbapenem;penicillin beta-lactam,antibiotic inactivation
ARO:3006111,OXA beta-lactamase,penicillin beta-lactam,antibiotic inactivation
ARO:3005323,OXA beta-lactamase,penicillin beta-lactam,antibiotic inactivation
ARO:3006112,OXA beta-lactamase;OXA-51-like beta-lactamase,carbapenem;penicillin beta-lactam,antibiotic inactivation
ARO:3006113,OXA beta-lactamase;OXA-10-like beta-lactamase,cephalosporin;penicillin beta-lactam,antibiotic inactivation
ARO:3006114,OXA beta-lactamase;OXA-48-like beta-lactamase,carbapenem;penicillin beta-lactam,antibiotic inactivation
ARO:3001628,OXA beta-lactamase;OXA-51-like beta-lactamase,carbapenem;penicillin beta-lactam,antibiotic inactivation
ARO:3005331,OXA beta-lactamase;OXA-229-like beta-lactamase,carbapenem;penicillin beta-lactam,antibiotic inactivation
ARO:3005330,OXA beta-lactamase;OXA-229-like beta-lactamase,carbapenem;penicillin beta-lactam,antibiotic inactivation
ARO:3006115,OXA beta-lactamase;OXA-10-like beta-lactamase,cephalosporin;penicillin beta-lactam,antibiotic inactivation
ARO:3008723,OXA beta-lactamase;OXA-48-like beta-lactamase,carbapenem;penicillin beta-lactam,antibiotic inactivation
ARO:3008724,OXA beta-lactamase;OXA-48-like beta-lactamase,carbapenem;penicillin beta-lactam,antibiotic inactivation
ARO:3006116,OXA beta-lactamase;OXA-10-like beta-lactamase,cephalosporin;penicillin beta-lactam,antibiotic inactivation
ARO:3008725,OXA beta-lactamase;OXA-214-like beta-lactamase,carbapenem;penicillin beta-lactam,antibiotic inactivation
ARO:3006117,OXA beta-lactamase;OXA-50-like beta-lactamase,penicillin beta-lactam,antibiotic inactivation
ARO:3006118,OXA beta-lactamase;OXA-51-like beta-lactamase,carbapenem;penicillin beta-lactam,antibiotic inactivation
ARO:3006119,OXA beta-lactamase;OXA-51-like beta-lactamase,carbapenem;penicillin beta-lactam,antibiotic inactivation
ARO:3001629,OXA beta-lactamase;OXA-51-like beta-lactamase,carbapenem;penicillin beta-lactam,antibiotic inactivation
ARO:3006120,OXA beta-lactamase;OXA-51-like beta-lactamase,carbapenem;penicillin beta-lactam,antibiotic inactivation
ARO:3006121,OXA beta-lactamase;OXA-213-like beta-lactamase,carbapenem;penicillin beta-lactam,antibiotic inactivation
ARO:3006122,OXA beta-lactamase;OXA-213-like beta-lactamase,carbapenem;penicillin beta-lactam,antibiotic inactivation
ARO:3006123,OXA beta-lactamase;OXA-213-like beta-lactamase,carbapenem;penicillin beta-lactam,antibiotic inactivation
ARO:3008726,OXA beta-lactamase;OXA-274-like beta-lactamase,carbapenem;penicillin beta-lactam,antibiotic inactivation
ARO:3006124,OXA beta-lactamase;OXA-143-like beta-lactamase,carbapenem;penicillin beta-lactam,antibiotic inactivation
ARO:3006125,OXA beta-lactamase;OXA-679-like beta-lactamase,carbapenem;penicillin beta-lactam,antibiotic inactivation
ARO:3006126,OXA beta-lactamase;OXA-679-like beta-lactamase,carbapenem;penicillin beta-lactam,antibiotic inactivation
ARO:3006127,OXA beta-lactamase;OXA-679-like beta-lactamase,carbapenem;penicillin beta-lactam,antibiotic inactivation
ARO:3006128,OXA beta-lactamase;OXA-679-like beta-lactamase,carbapenem;penicillin beta-lactam,antibiotic inactivation
ARO:3001630,OXA beta-lactamase;OXA-51-like beta-lactamase,carbapenem;penicillin beta-lactam,antibiotic inactivation
ARO:3008727,OXA beta-lactamase;OXA-12-like beta-lactamase,penicillin beta-lactam,antibiotic inactivation
ARO:3008728,OXA beta-lactamase;OXA-12-like beta-lactamase,penicillin beta-lactam,antibiotic inactivation
ARO:3008729,OXA beta-lactamase;OXA-229-like beta-lactamase,carbapenem;penicillin beta-lactam,antibiotic inactivation
ARO:3008730,OXA beta-lactamase;OXA-229-like beta-lactamase,carbapenem;penicillin beta-lactam,antibiotic inactivation
ARO:3008731,OXA beta-lactamase;OXA-51-like beta-lactamase,carbapenem;penicillin beta-lactam,antibiotic inactivation
ARO:3008732,OXA beta-lactamase;OXA-51-like beta-lactamase,carbapenem;penicillin beta-lactam,antibiotic inactivation
ARO:3008733,OXA beta-lactamase,penicillin beta-lactam,antibiotic inactivation
ARO:3008734,OXA beta-lactamase,penicillin beta-lactam,antibiotic inactivation
ARO:3008735,OXA beta-lactamase;OXA-12-like beta-lactamase,penicillin beta-lactam,antibiotic inactivation
ARO:3008736,OXA beta-lactamase;OXA-12-like beta-lactamase,penicillin beta-lactam,antibiotic inactivation
ARO:3001631,OXA beta-lactamase;OXA-58-like beta-lactamase,carbapenem;penicillin beta-lactam,antibiotic inactivation
ARO:3008737,OXA beta-lactamase;OXA-55-like beta-lactamase,carbapenem;penicillin beta-lactam,antibiotic inactivation
ARO:3008738,OXA beta-lactamase;OXA-55-like beta-lactamase,carbapenem;penicillin beta-lactam,antibiotic inactivation
ARO:3008739,OXA beta-lactamase;OXA-55-like beta-lactamase,carbapenem;penicillin beta-lactam,antibiotic inactivation
ARO:3008740,OXA beta-lactamase;OXA-55-like beta-lactamase,carbapenem;penicillin beta-lactam,antibiotic inactivation
ARO:3008741,OXA beta-lactamase;OXA-55-like beta-lactamase,carbapenem;penicillin beta-lactam,antibiotic inactivation
ARO:3008742,OXA beta-lactamase;OXA-55-like beta-lactamase,carbapenem;penicillin beta-lactam,antibiotic inactivation
ARO:3008743,OXA beta-lactamase;OXA-23-like beta-lactamase,carbapenem;penicillin beta-lactam,antibiotic inactivation
ARO:3008744,OXA beta-lactamase;OXA-23-like beta-lactamase,carbapenem;penicillin beta-lactam,antibiotic inactivation
ARO:3008745,OXA beta-lactamase;OXA-23-like beta-lactamase,carbapenem;penicillin beta-lactam,antibiotic inactivation
ARO:3008746,OXA beta-lactamase;OXA-23-like beta-lactamase,carbapenem;penicillin beta-lactam,antibiotic inactivation
ARO:3001647,OXA beta-lactamase;OXA-58-like beta-lactamase,carbapenem;penicillin beta-lactam,antibiotic inactivation
ARO:3008747,OXA beta-lactamase;OXA-51-like beta-lactamase,carbapenem;penicillin beta-lactam,antibiotic inactivation
ARO:3008748,OXA beta-lactamase;OXA-51-like beta-lactamase,carbapenem;penicillin beta-lactam,antibiotic inactivation
ARO:3008749,OXA beta-lactamase;OXA-51-like beta-lactamase,carbapenem;penicillin beta-lactam,antibiotic inactivation
ARO:3008750,OXA beta-lactamase;OXA-51-like beta-lactamase,carbapenem;penicillin beta-lactam,antibiotic inactivation
ARO:3008751,OXA beta-lactamase;OXA-51-like beta-lactamase,carbapenem;penicillin beta-lactam,antibiotic inactivation
ARO:3008752,OXA beta-lactamase;OXA-51-like beta-lactamase,carbapenem;penicillin beta-lactam,antibiotic inactivation
ARO:3008753,OXA beta-lactamase;OXA-51-like beta-lactamase,carbapenem;penicillin beta-lactam,antibiotic inactivation
ARO:3008754,OXA beta-lactamase;OXA-51-like beta-lactamase,carbapenem;penicillin beta-lactam,antibiotic inactivation
ARO:3008755,OXA beta-lactamase;OXA-213-like beta-lactamase,carbapenem;penicillin beta-lactam,antibiotic inactivation
ARO:3008756,OXA beta-lactamase;OXA-213-like beta-lactamase,carbapenem;penicillin beta-lactam,antibiotic inactivation
ARO:3001646,OXA beta-lactamase;OXA-51-like beta-lactamase,carbapenem;penicillin beta-lactam,antibiotic inactivation
ARO:3008757,OXA beta-lactamase;OXA-213-like beta-lactamase,carbapenem;penicillin beta-lactam,antibiotic inactivation
ARO:3008758,OXA beta-lactamase,penicillin beta-lactam,antibiotic inactivation
ARO:3008759,OXA beta-lactamase;OXA-294-like beta-lactamase,penicillin beta-lactam,antibiotic inactivation
ARO:3008760,OXA beta-lactamase;OXA-229-like beta-lactamase,carbapenem;penicillin beta-lactam,antibiotic inactivation
ARO:3008761,OXA beta-lactamase;OXA-294-like beta-lactamase,penicillin beta-lactam,antibiotic inactivation
ARO:3008762,OXA beta-lactamase;OXA-213-like beta-lactamase,carbapenem;penicillin beta-lactam,antibiotic inactivation
ARO:3008763,OXA beta-lactamase;OXA-213-like beta-lactamase,carbapenem;penicillin beta-lactam,antibiotic inactivation
ARO:3008764,OXA beta-lactamase;OXA-213-like beta-lactamase,carbapenem;penicillin beta-lactam,antibiotic inactivation
ARO:3008765,OXA beta-lactamase;OXA-213-like beta-lactamase,carbapenem;penicillin beta-lactam,antibiotic inactivation
ARO:3008766,OXA beta-lactamase;OXA-213-like beta-lactamase,carbapenem;penicillin beta-lactam,antibiotic inactivation
ARO:3001649,OXA beta-lactamase;OXA-51-like beta-lactamase,carbapenem;penicillin beta-lactam,antibiotic inactivation
ARO:3008767,OXA beta-lactamase;OXA-213-like beta-lactamase,carbapenem;penicillin beta-lactam,antibiotic inactivation
ARO:3008768,OXA beta-lactamase;OXA-134-like beta-lactamase,carbapenem;penicillin beta-lactam,antibiotic inactivation
ARO:3008769,OXA beta-lactamase;OXA-213-like beta-lactamase,carbapenem;penicillin beta-lactam,antibiotic inactivation
ARO:3008770,OXA beta-lactamase;OXA-294-like beta-lactamase,penicillin beta-lactam,antibiotic inactivation
ARO:3008771,OXA beta-lactamase;OXA-294-like beta-lactamase,penicillin beta-lactam,antibiotic inactivation
ARO:3008772,OXA beta-lactamase;OXA-294-like beta-lactamase,penicillin beta-lactam,antibiotic inactivation
ARO:3008773,OXA beta-lactamase;OXA-294-like beta-lactamase,penicillin beta-lactam,antibiotic inactivation
ARO:3008774,OXA beta-lactamase;OXA-294-like beta-lactamase,penicillin beta-lactam,antibiotic inactivation
ARO:3008775,OXA beta-lactamase;OXA-294-like beta-lactamase,penicillin beta-lactam,antibiotic inactivation
ARO:3008776,OXA beta-lactamase,penicillin beta-lactam,antibiotic inactivation
ARO:3008784,OXY beta-lactamase,cephalosporin;monobactam;penicillin beta-lactam,antibiotic inactivation
ARO:3002389,OXY beta-lactamase,cephalosporin;monobactam;penicillin beta-lactam,antibiotic inactivation
ARO:3008777,OXY beta-lactamase,cephalosporin;monobactam;penicillin beta-lactam,antibiotic inactivation
ARO:3008785,OXY beta-lactamase,cephalosporin;monobactam;penicillin beta-lactam,antibiotic inactivation
ARO:3008778,OXY beta-lactamase,cephalosporin;monobactam;penicillin beta-lactam,antibiotic inactivation
ARO:3008779,OXY beta-lactamase,cephalosporin;monobactam;penicillin beta-lactam,antibiotic inactivation
ARO:3008780,OXY beta-lactamase,cephalosporin;monobactam;penicillin beta-lactam,antibiotic inactivation
ARO:3008781,OXY beta-lactamase,cephalosporin;monobactam;penicillin beta-lactam,antibiotic inactivation
ARO:3008782,OXY beta-lactamase,cephalosporin;monobactam;penicillin beta-lactam,antibiotic inactivation
ARO:3008783,OXY beta-lactamase,cephalosporin;monobactam;penicillin beta-lactam,antibiotic inactivation
ARO:3002390,OXY beta-lactamase,cephalosporin;monobactam;penicillin beta-lactam,antibiotic inactivation
ARO:3008786,OXY beta-lactamase,cephalosporin;monobactam;penicillin beta-lactam,antibiotic inactivation
ARO:3008787,OXY beta-lactamase,cephalosporin;monobactam;penicillin beta-lactam,antibiotic inactivation
ARO:3002391,OXY beta-lactamase,cephalosporin;monobactam;penicillin beta-lactam,antibiotic inactivation
ARO:3002392,OXY beta-lactamase,cephalosporin;monobactam;penicillin beta-lactam,antibiotic inactivation
ARO:3002394,OXY beta-lactamase,cephalosporin;monobactam;penicillin beta-lactam,antibiotic inactivation
ARO:3009192,OXY beta-lactamase,cephalosporin;monobactam;penicillin beta-lactam,antibiotic inactivation
ARO:3002396,OXY beta-lactamase,cephalosporin;monobactam;penicillin beta-lactam,antibiotic inactivation
ARO:3002405,OXY beta-lactamase,cephalosporin;monobactam;penicillin beta-lactam,antibiotic inactivation
ARO:3002406,OXY beta-lactamase,cephalosporin;monobactam;penicillin beta-lactam,antibiotic inactivation
ARO:3002407,OXY beta-lactamase,cephalosporin;monobactam;penicillin beta-lactam,antibiotic inactivation
ARO:3002408,OXY beta-lactamase,cephalosporin;monobactam;penicillin beta-lactam,antibiotic inactivation
ARO:3006129,OXY beta-lactamase,cephalosporin;monobactam;penicillin beta-lactam,antibiotic inactivation
ARO:3006130,OXY beta-lactamase,cephalosporin;monobactam;penicillin beta-lactam,antibiotic inactivation
ARO:3008788,OXY beta-lactamase,cephalosporin;monobactam;penicillin beta-lactam,antibiotic inactivation
ARO:3008789,OXY beta-lactamase,cephalosporin;monobactam;penicillin beta-lactam,antibiotic inactivation
ARO:3008790,OXY beta-lactamase,cephalosporin;monobactam;penicillin beta-lactam,antibiotic inactivation
ARO:3002397,OXY beta-lactamase,cephalosporin;monobactam;penicillin beta-lactam,antibiotic inactivation
ARO:3008791,OXY beta-lactamase,cephalosporin;monobactam;penicillin beta-lactam,antibiotic inactivation
ARO:3008792,OXY beta-lactamase,cephalosporin;monobactam;penicillin beta-lactam,antibiotic inactivation
ARO:3008793,OXY beta-lactamase,cephalosporin;monobactam;penicillin beta-lactam,antibiotic inactivation
ARO:3008794,OXY beta-lactamase,cephalosporin;monobactam;penicillin beta-lactam,antibiotic inactivation
ARO:3008795,OXY beta-lactamase,cephalosporin;monobactam;penicillin beta-lactam,antibiotic inactivation
ARO:3008796,OXY beta-lactamase,cephalosporin;monobactam;penicillin beta-lactam,antibiotic inactivation
ARO:3008797,OXY beta-lactamase,cephalosporin;monobactam;penicillin beta-lactam,antibiotic inactivation
ARO:3008798,OXY beta-lactamase,cephalosporin;monobactam;penicillin beta-lactam,antibiotic inactivation
ARO:3008799,OXY beta-lactamase,cephalosporin;monobactam;penicillin beta-lactam,antibiotic inactivation
ARO:3002398,OXY beta-lactamase,cephalosporin;monobactam;penicillin beta-lactam,antibiotic inactivation
ARO:3008800,OXY beta-lactamase,cephalosporin;monobactam;penicillin beta-lactam,antibiotic inactivation
ARO:3002399,OXY beta-lactamase,cephalosporin;monobactam;penicillin beta-lactam,antibiotic inactivation
ARO:3002400,OXY beta-lactamase,cephalosporin;monobactam;penicillin beta-lactam,antibiotic inactivation
ARO:3002401,OXY beta-lactamase,cephalosporin;monobactam;penicillin beta-lactam,antibiotic inactivation
ARO:3002402,OXY beta-lactamase,cephalosporin;monobactam;penicillin beta-lactam,antibiotic inactivation
ARO:3002403,OXY beta-lactamase,cephalosporin;monobactam;penicillin beta-lactam,antibiotic inactivation
ARO:3002404,OXY beta-lactamase,cephalosporin;monobactam;penicillin beta-lactam,antibiotic inactivation
ARO:3002409,OXY beta-lactamase,cephalosporin;monobactam;penicillin beta-lactam,antibiotic inactivation
ARO:3008801,OXY beta-lactamase,cephalosporin;monobactam;penicillin beta-lactam,antibiotic inactivation
ARO:3008802,OXY beta-lactamase,cephalosporin;monobactam;penicillin beta-lactam,antibiotic inactivation
ARO:3002410,OXY beta-lactamase,cephalosporin;monobactam;penicillin beta-lactam,antibiotic inactivation
ARO:3008803,OXY beta-lactamase,cephalosporin;monobactam;penicillin beta-lactam,antibiotic inactivation
ARO:3008804,OXY beta-lactamase,cephalosporin;monobactam;penicillin beta-lactam,antibiotic inactivation
ARO:3008805,OXY beta-lactamase,cephalosporin;monobactam;penicillin beta-lactam,antibiotic inactivation
ARO:3008806,OXY beta-lactamase,cephalosporin;monobactam;penicillin beta-lactam,antibiotic inactivation
ARO:3002411,OXY beta-lactamase,cephalosporin;monobactam;penicillin beta-lactam,antibiotic inactivation
ARO:3008807,OXY beta-lactamase,cephalosporin;monobactam;penicillin beta-lactam,antibiotic inactivation
ARO:3008808,OXY beta-lactamase,cephalosporin;monobactam;penicillin beta-lactam,antibiotic inactivation
ARO:3002412,OXY beta-lactamase,cephalosporin;monobactam;penicillin beta-lactam,antibiotic inactivation
ARO:3008809,OXY beta-lactamase,cephalosporin;monobactam;penicillin beta-lactam,antibiotic inactivation
ARO:3008810,OXY beta-lactamase,cephalosporin;monobactam;penicillin beta-lactam,antibiotic inactivation
ARO:3008811,OXY beta-lactamase,cephalosporin;monobactam;penicillin beta-lactam,antibiotic inactivation
ARO:3002413,OXY beta-lactamase,cephalosporin;monobactam;penicillin beta-lactam,antibiotic inactivation
ARO:3008812,OXY beta-lactamase,cephalosporin;monobactam;penicillin beta-lactam,antibiotic inactivation
ARO:3008813,OXY beta-lactamase,cephalosporin;monobactam;penicillin beta-lactam,antibiotic inactivation
ARO:3002414,OXY beta-lactamase,cephalosporin;monobactam;penicillin beta-lactam,antibiotic inactivation
ARO:3002415,OXY beta-lactamase,cephalosporin;monobactam;penicillin beta-lactam,antibiotic inactivation
ARO:3002416,OXY beta-lactamase,cephalosporin;monobactam;penicillin beta-lactam,antibiotic inactivation
ARO:3008814,OXY beta-lactamase,cephalosporin;monobactam;penicillin beta-lactam,antibiotic inactivation
ARO:3008815,OXY beta-lactamase,cephalosporin;monobactam;penicillin beta-lactam,antibiotic inactivation
ARO:3008816,OXY beta-lactamase,cephalosporin;monobactam;penicillin beta-lactam,antibiotic inactivation
ARO:3008817,OXY beta-lactamase,cephalosporin;monobactam;penicillin beta-lactam,antibiotic inactivation
ARO:3008818,OXY beta-lactamase,cephalosporin;monobactam;penicillin beta-lactam,antibiotic inactivation
ARO:3008819,OXY beta-lactamase,cephalosporin;monobactam;penicillin beta-lactam,antibiotic inactivation
ARO:3008820,OXY beta-lactamase,cephalosporin;monobactam;penicillin beta-lactam,antibiotic inactivation
ARO:3005150,PAC beta-lactamase,cephalosporin,antibiotic inactivation
ARO:3008821,PAD beta-lactamase,carbapenem,antibiotic inactivation
ARO:3007199,PAM beta-lactamase,carbapenem;cephalosporin,antibiotic inactivation
ARO:3007200,PAM beta-lactamase,carbapenem;cephalosporin,antibiotic inactivation
ARO:3007201,PAM beta-lactamase,carbapenem;cephalosporin,antibiotic inactivation
ARO:3008822,PAM beta-lactamase,carbapenem;cephalosporin,antibiotic inactivation
ARO:3005068,Outer Membrane Porin (Opr);resistance-nodulation-cell division (RND) antibiotic efflux pump,aminoglycoside antibiotic;carbapenem;cephalosporin;disinfecting agents and antiseptics;fluoroquinolone antibiotic;macrolide antibiotic;monobactam;penicillin beta-lactam;phenicol antibiotic;tetracycline antibiotic,antibiotic efflux;reduced permeability to antibiotic
ARO:3005067,Outer Membrane Porin (Opr);resistance-nodulation-cell division (RND) antibiotic efflux pump,aminoglycoside antibiotic;carbapenem;cephalosporin;disinfecting agents and antiseptics;fluoroquinolone antibiotic;macrolide antibiotic;monobactam;penicillin beta-lactam;phenicol antibiotic;tetracycline antibiotic,antibiotic efflux;reduced permeability to antibiotic
ARO:3003493,16s rRNA with mutation conferring resistance to aminoglycoside antibiotics,aminoglycoside antibiotic;glycopeptide antibiotic;glycylcycline;nucleoside antibiotic;peptide antibiotic;tetracycline antibiotic,antibiotic target alteration
ARO:3000024,ATP-binding cassette (ABC) antibiotic efflux pump,fluoroquinolone antibiotic,antibiotic efflux
ARO:3000025,ATP-binding cassette (ABC) antibiotic efflux pump,fluoroquinolone antibiotic,antibiotic efflux
ARO:3006964,PAU beta-lactamase,carbapenem;cephalosporin,antibiotic inactivation
ARO:3008823,BlaZ beta-lactamase,penicillin beta-lactam,antibiotic inactivation
ARO:3000621,BlaZ beta-lactamase,penicillin beta-lactam,antibiotic inactivation
ARO:3002497,PDC beta-lactamase,carbapenem;cephalosporin;monobactam,antibiotic inactivation
ARO:3002509,PDC beta-lactamase,carbapenem;cephalosporin;monobactam,antibiotic inactivation
ARO:3006480,PDC beta-lactamase,carbapenem;cephalosporin;monobactam,antibiotic inactivation
ARO:3006481,PDC beta-lactamase,carbapenem;cephalosporin;monobactam,antibiotic inactivation
ARO:3006482,PDC beta-lactamase,carbapenem;cephalosporin;monobactam,antibiotic inactivation
ARO:3006483,PDC beta-lactamase,carbapenem;cephalosporin;monobactam,antibiotic inactivation
ARO:3005305,PDC beta-lactamase,carbapenem;cephalosporin;monobactam,antibiotic inactivation
ARO:3005277,PDC beta-lactamase,carbapenem;cephalosporin;monobactam,antibiotic inactivation
ARO:3006484,PDC beta-lactamase,carbapenem;cephalosporin;monobactam,antibiotic inactivation
ARO:3006485,PDC beta-lactamase,carbapenem;cephalosporin;monobactam,antibiotic inactivation
ARO:3006486,PDC beta-lactamase,carbapenem;cephalosporin;monobactam,antibiotic inactivation
ARO:3006487,PDC beta-lactamase,carbapenem;cephalosporin;monobactam,antibiotic inactivation
ARO:3005132,PDC beta-lactamase,carbapenem;cephalosporin;monobactam,antibiotic inactivation
ARO:3006488,PDC beta-lactamase,carbapenem;cephalosporin;monobactam,antibiotic inactivation
ARO:3006489,PDC beta-lactamase,carbapenem;cephalosporin;monobactam,antibiotic inactivation
ARO:3006490,PDC beta-lactamase,carbapenem;cephalosporin;monobactam,antibiotic inactivation
ARO:3006491,PDC beta-lactamase,carbapenem;cephalosporin;monobactam,antibiotic inactivation
ARO:3006492,PDC beta-lactamase,carbapenem;cephalosporin;monobactam,antibiotic inactivation
ARO:3006493,PDC beta-lactamase,carbapenem;cephalosporin;monobactam,antibiotic inactivation
ARO:3006494,PDC beta-lactamase,carbapenem;cephalosporin;monobactam,antibiotic inactivation
ARO:3005303,PDC beta-lactamase,carbapenem;cephalosporin;monobactam,antibiotic inactivation
ARO:3005278,PDC beta-lactamase,carbapenem;cephalosporin;monobactam,antibiotic inactivation
ARO:3005309,PDC beta-lactamase,carbapenem;cephalosporin;monobactam,antibiotic inactivation
ARO:3006495,PDC beta-lactamase,carbapenem;cephalosporin;monobactam,antibiotic inactivation
ARO:3006496,PDC beta-lactamase,carbapenem;cephalosporin;monobactam,antibiotic inactivation
ARO:3006497,PDC beta-lactamase,carbapenem;cephalosporin;monobactam,antibiotic inactivation
ARO:3006498,PDC beta-lactamase,carbapenem;cephalosporin;monobactam,antibiotic inactivation
ARO:3006499,PDC beta-lactamase,carbapenem;cephalosporin;monobactam,antibiotic inactivation
ARO:3006500,PDC beta-lactamase,carbapenem;cephalosporin;monobactam,antibiotic inactivation
ARO:3006501,PDC beta-lactamase,carbapenem;cephalosporin;monobactam,antibiotic inactivation
ARO:3006502,PDC beta-lactamase,carbapenem;cephalosporin;monobactam,antibiotic inactivation
ARO:3006503,PDC beta-lactamase,carbapenem;cephalosporin;monobactam,antibiotic inactivation
ARO:3006504,PDC beta-lactamase,carbapenem;cephalosporin;monobactam,antibiotic inactivation
ARO:3006505,PDC beta-lactamase,carbapenem;cephalosporin;monobactam,antibiotic inactivation
ARO:3006506,PDC beta-lactamase,carbapenem;cephalosporin;monobactam,antibiotic inactivation
ARO:3006507,PDC beta-lactamase,carbapenem;cephalosporin;monobactam,antibiotic inactivation
ARO:3006508,PDC beta-lactamase,carbapenem;cephalosporin;monobactam,antibiotic inactivation
ARO:3006509,PDC beta-lactamase,carbapenem;cephalosporin;monobactam,antibiotic inactivation
ARO:3006510,PDC beta-lactamase,carbapenem;cephalosporin;monobactam,antibiotic inactivation
ARO:3006511,PDC beta-lactamase,carbapenem;cephalosporin;monobactam,antibiotic inactivation
ARO:3006512,PDC beta-lactamase,carbapenem;cephalosporin;monobactam,antibiotic inactivation
ARO:3006513,PDC beta-lactamase,carbapenem;cephalosporin;monobactam,antibiotic inactivation
ARO:3006514,PDC beta-lactamase,carbapenem;cephalosporin;monobactam,antibiotic inactivation
ARO:3006515,PDC beta-lactamase,carbapenem;cephalosporin;monobactam,antibiotic inactivation
ARO:3006516,PDC beta-lactamase,carbapenem;cephalosporin;monobactam,antibiotic inactivation
ARO:3005127,PDC beta-lactamase,carbapenem;cephalosporin;monobactam,antibiotic inactivation
ARO:3006517,PDC beta-lactamase,carbapenem;cephalosporin;monobactam,antibiotic inactivation
ARO:3006518,PDC beta-lactamase,carbapenem;cephalosporin;monobactam,antibiotic inactivation
ARO:3006519,PDC beta-lactamase,carbapenem;cephalosporin;monobactam,antibiotic inactivation
ARO:3006520,PDC beta-lactamase,carbapenem;cephalosporin;monobactam,antibiotic inactivation
ARO:3006521,PDC beta-lactamase,carbapenem;cephalosporin;monobactam,antibiotic inactivation
ARO:3006522,PDC beta-lactamase,carbapenem;cephalosporin;monobactam,antibiotic inactivation
ARO:3006523,PDC beta-lactamase,carbapenem;cephalosporin;monobactam,antibiotic inactivation
ARO:3006524,PDC beta-lactamase,carbapenem;cephalosporin;monobactam,antibiotic inactivation
ARO:3006525,PDC beta-lactamase,carbapenem;cephalosporin;monobactam,antibiotic inactivation
ARO:3006526,PDC beta-lactamase,carbapenem;cephalosporin;monobactam,antibiotic inactivation
ARO:3006527,PDC beta-lactamase,carbapenem;cephalosporin;monobactam,antibiotic inactivation
ARO:3006528,PDC beta-lactamase,carbapenem;cephalosporin;monobactam,antibiotic inactivation
ARO:3006529,PDC beta-lactamase,carbapenem;cephalosporin;monobactam,antibiotic inactivation
ARO:3006530,PDC beta-lactamase,carbapenem;cephalosporin;monobactam,antibiotic inactivation
ARO:3006531,PDC beta-lactamase,carbapenem;cephalosporin;monobactam,antibiotic inactivation
ARO:3006532,PDC beta-lactamase,carbapenem;cephalosporin;monobactam,antibiotic inactivation
ARO:3006533,PDC beta-lactamase,carbapenem;cephalosporin;monobactam,antibiotic inactivation
ARO:3006534,PDC beta-lactamase,carbapenem;cephalosporin;monobactam,antibiotic inactivation
ARO:3006535,PDC beta-lactamase,carbapenem;cephalosporin;monobactam,antibiotic inactivation
ARO:3006536,PDC beta-lactamase,carbapenem;cephalosporin;monobactam,antibiotic inactivation
ARO:3006537,PDC beta-lactamase,carbapenem;cephalosporin;monobactam,antibiotic inactivation
ARO:3006538,PDC beta-lactamase,carbapenem;cephalosporin;monobactam,antibiotic inactivation
ARO:3006539,PDC beta-lactamase,carbapenem;cephalosporin;monobactam,antibiotic inactivation
ARO:3006540,PDC beta-lactamase,carbapenem;cephalosporin;monobactam,antibiotic inactivation
ARO:3006541,PDC beta-lactamase,carbapenem;cephalosporin;monobactam,antibiotic inactivation
ARO:3006542,PDC beta-lactamase,carbapenem;cephalosporin;monobactam,antibiotic inactivation
ARO:3006543,PDC beta-lactamase,carbapenem;cephalosporin;monobactam,antibiotic inactivation
ARO:3006544,PDC beta-lactamase,carbapenem;cephalosporin;monobactam,antibiotic inactivation
ARO:3006545,PDC beta-lactamase,carbapenem;cephalosporin;monobactam,antibiotic inactivation
ARO:3006546,PDC beta-lactamase,carbapenem;cephalosporin;monobactam,antibiotic inactivation
ARO:3006547,PDC beta-lactamase,carbapenem;cephalosporin;monobactam,antibiotic inactivation
ARO:3006548,PDC beta-lactamase,carbapenem;cephalosporin;monobactam,antibiotic inactivation
ARO:3006549,PDC beta-lactamase,carbapenem;cephalosporin;monobactam,antibiotic inactivation
ARO:3006550,PDC beta-lactamase,carbapenem;cephalosporin;monobactam,antibiotic inactivation
ARO:3006551,PDC beta-lactamase,carbapenem;cephalosporin;monobactam,antibiotic inactivation
ARO:3006552,PDC beta-lactamase,carbapenem;cephalosporin;monobactam,antibiotic inactivation
ARO:3005306,PDC beta-lactamase,carbapenem;cephalosporin;monobactam,antibiotic inactivation
ARO:3006553,PDC beta-lactamase,carbapenem;cephalosporin;monobactam,antibiotic inactivation
ARO:3006554,PDC beta-lactamase,carbapenem;cephalosporin;monobactam,antibiotic inactivation
ARO:3006555,PDC beta-lactamase,carbapenem;cephalosporin;monobactam,antibiotic inactivation
ARO:3006556,PDC beta-lactamase,carbapenem;cephalosporin;monobactam,antibiotic inactivation
ARO:3006557,PDC beta-lactamase,carbapenem;cephalosporin;monobactam,antibiotic inactivation
ARO:3006558,PDC beta-lactamase,carbapenem;cephalosporin;monobactam,antibiotic inactivation
ARO:3006559,PDC beta-lactamase,carbapenem;cephalosporin;monobactam,antibiotic inactivation
ARO:3006560,PDC beta-lactamase,carbapenem;cephalosporin;monobactam,antibiotic inactivation
ARO:3006561,PDC beta-lactamase,carbapenem;cephalosporin;monobactam,antibiotic inactivation
ARO:3006562,PDC beta-lactamase,carbapenem;cephalosporin;monobactam,antibiotic inactivation
ARO:3005299,PDC beta-lactamase,carbapenem;cephalosporin;monobactam,antibiotic inactivation
ARO:3006563,PDC beta-lactamase,carbapenem;cephalosporin;monobactam,antibiotic inactivation
ARO:3006564,PDC beta-lactamase,carbapenem;cephalosporin;monobactam,antibiotic inactivation
ARO:3006565,PDC beta-lactamase,carbapenem;cephalosporin;monobactam,antibiotic inactivation
ARO:3006566,PDC beta-lactamase,carbapenem;cephalosporin;monobactam,antibiotic inactivation
ARO:3006567,PDC beta-lactamase,carbapenem;cephalosporin;monobactam,antibiotic inactivation
ARO:3006568,PDC beta-lactamase,carbapenem;cephalosporin;monobactam,antibiotic inactivation
ARO:3006569,PDC beta-lactamase,carbapenem;cephalosporin;monobactam,antibiotic inactivation
ARO:3006570,PDC beta-lactamase,carbapenem;cephalosporin;monobactam,antibiotic inactivation
ARO:3006571,PDC beta-lactamase,carbapenem;cephalosporin;monobactam,antibiotic inactivation
ARO:3006572,PDC beta-lactamase,carbapenem;cephalosporin;monobactam,antibiotic inactivation
ARO:3006573,PDC beta-lactamase,carbapenem;cephalosporin;monobactam,antibiotic inactivation
ARO:3006574,PDC beta-lactamase,carbapenem;cephalosporin;monobactam,antibiotic inactivation
ARO:3006575,PDC beta-lactamase,carbapenem;cephalosporin;monobactam,antibiotic inactivation
ARO:3006576,PDC beta-lactamase,carbapenem;cephalosporin;monobactam,antibiotic inactivation
ARO:3006577,PDC beta-lactamase,carbapenem;cephalosporin;monobactam,antibiotic inactivation
ARO:3006578,PDC beta-lactamase,carbapenem;cephalosporin;monobactam,antibiotic inactivation
ARO:3005295,PDC beta-lactamase,carbapenem;cephalosporin;monobactam,antibiotic inactivation
ARO:3005292,PDC beta-lactamase,carbapenem;cephalosporin;monobactam,antibiotic inactivation
ARO:3002498,PDC beta-lactamase,carbapenem;cephalosporin;monobactam,antibiotic inactivation
ARO:3006579,PDC beta-lactamase,carbapenem;cephalosporin;monobactam,antibiotic inactivation
ARO:3006580,PDC beta-lactamase,carbapenem;cephalosporin;monobactam,antibiotic inactivation
ARO:3005285,PDC beta-lactamase,carbapenem;cephalosporin;monobactam,antibiotic inactivation
ARO:3006581,PDC beta-lactamase,carbapenem;cephalosporin;monobactam,antibiotic inactivation
ARO:3006582,PDC beta-lactamase,carbapenem;cephalosporin;monobactam,antibiotic inactivation
ARO:3006583,PDC beta-lactamase,carbapenem;cephalosporin;monobactam,antibiotic inactivation
ARO:3006584,PDC beta-lactamase,carbapenem;cephalosporin;monobactam,antibiotic inactivation
ARO:3006585,PDC beta-lactamase,carbapenem;cephalosporin;monobactam,antibiotic inactivation
ARO:3005300,PDC beta-lactamase,carbapenem;cephalosporin;monobactam,antibiotic inactivation
ARO:3006586,PDC beta-lactamase,carbapenem;cephalosporin;monobactam,antibiotic inactivation
ARO:3006587,PDC beta-lactamase,carbapenem;cephalosporin;monobactam,antibiotic inactivation
ARO:3006588,PDC beta-lactamase,carbapenem;cephalosporin;monobactam,antibiotic inactivation
ARO:3006589,PDC beta-lactamase,carbapenem;cephalosporin;monobactam,antibiotic inactivation
ARO:3005289,PDC beta-lactamase,carbapenem;cephalosporin;monobactam,antibiotic inactivation
ARO:3006590,PDC beta-lactamase,carbapenem;cephalosporin;monobactam,antibiotic inactivation
ARO:3006591,PDC beta-lactamase,carbapenem;cephalosporin;monobactam,antibiotic inactivation
ARO:3006592,PDC beta-lactamase,carbapenem;cephalosporin;monobactam,antibiotic inactivation
ARO:3006593,PDC beta-lactamase,carbapenem;cephalosporin;monobactam,antibiotic inactivation
ARO:3006594,PDC beta-lactamase,carbapenem;cephalosporin;monobactam,antibiotic inactivation
ARO:3006595,PDC beta-lactamase,carbapenem;cephalosporin;monobactam,antibiotic inactivation
ARO:3006596,PDC beta-lactamase,carbapenem;cephalosporin;monobactam,antibiotic inactivation
ARO:3006597,PDC beta-lactamase,carbapenem;cephalosporin;monobactam,antibiotic inactivation
ARO:3006598,PDC beta-lactamase,carbapenem;cephalosporin;monobactam,antibiotic inactivation
ARO:3006599,PDC beta-lactamase,carbapenem;cephalosporin;monobactam,antibiotic inactivation
ARO:3006600,PDC beta-lactamase,carbapenem;cephalosporin;monobactam,antibiotic inactivation
ARO:3006601,PDC beta-lactamase,carbapenem;cephalosporin;monobactam,antibiotic inactivation
ARO:3006602,PDC beta-lactamase,carbapenem;cephalosporin;monobactam,antibiotic inactivation
ARO:3006603,PDC beta-lactamase,carbapenem;cephalosporin;monobactam,antibiotic inactivation
ARO:3006604,PDC beta-lactamase,carbapenem;cephalosporin;monobactam,antibiotic inactivation
ARO:3005274,PDC beta-lactamase,carbapenem;cephalosporin;monobactam,antibiotic inactivation
ARO:3006605,PDC beta-lactamase,carbapenem;cephalosporin;monobactam,antibiotic inactivation
ARO:3006606,PDC beta-lactamase,carbapenem;cephalosporin;monobactam,antibiotic inactivation
ARO:3006607,PDC beta-lactamase,carbapenem;cephalosporin;monobactam,antibiotic inactivation
ARO:3006608,PDC beta-lactamase,carbapenem;cephalosporin;monobactam,antibiotic inactivation
ARO:3005155,PDC beta-lactamase,carbapenem;cephalosporin;monobactam,antibiotic inactivation
ARO:3006609,PDC beta-lactamase,carbapenem;cephalosporin;monobactam,antibiotic inactivation
ARO:3005304,PDC beta-lactamase,carbapenem;cephalosporin;monobactam,antibiotic inactivation
ARO:3006610,PDC beta-lactamase,carbapenem;cephalosporin;monobactam,antibiotic inactivation
ARO:3006611,PDC beta-lactamase,carbapenem;cephalosporin;monobactam,antibiotic inactivation
ARO:3006612,PDC beta-lactamase,carbapenem;cephalosporin;monobactam,antibiotic inactivation
ARO:3006613,PDC beta-lactamase,carbapenem;cephalosporin;monobactam,antibiotic inactivation
ARO:3006614,PDC beta-lactamase,carbapenem;cephalosporin;monobactam,antibiotic inactivation
ARO:3006615,PDC beta-lactamase,carbapenem;cephalosporin;monobactam,antibiotic inactivation
ARO:3006616,PDC beta-lactamase,carbapenem;cephalosporin;monobactam,antibiotic inactivation
ARO:3006617,PDC beta-lactamase,carbapenem;cephalosporin;monobactam,antibiotic inactivation
ARO:3006618,PDC beta-lactamase,carbapenem;cephalosporin;monobactam,antibiotic inactivation
ARO:3005143,PDC beta-lactamase,carbapenem;cephalosporin;monobactam,antibiotic inactivation
ARO:3006619,PDC beta-lactamase,carbapenem;cephalosporin;monobactam,antibiotic inactivation
ARO:3006620,PDC beta-lactamase,carbapenem;cephalosporin;monobactam,antibiotic inactivation
ARO:3006621,PDC beta-lactamase,carbapenem;cephalosporin;monobactam,antibiotic inactivation
ARO:3006622,PDC beta-lactamase,carbapenem;cephalosporin;monobactam,antibiotic inactivation
ARO:3006623,PDC beta-lactamase,carbapenem;cephalosporin;monobactam,antibiotic inactivation
ARO:3006624,PDC beta-lactamase,carbapenem;cephalosporin;monobactam,antibiotic inactivation
ARO:3006625,PDC beta-lactamase,carbapenem;cephalosporin;monobactam,antibiotic inactivation
ARO:3006626,PDC beta-lactamase,carbapenem;cephalosporin;monobactam,antibiotic inactivation
ARO:3006627,PDC beta-lactamase,carbapenem;cephalosporin;monobactam,antibiotic inactivation
ARO:3006628,PDC beta-lactamase,carbapenem;cephalosporin;monobactam,antibiotic inactivation
ARO:3006629,PDC beta-lactamase,carbapenem;cephalosporin;monobactam,antibiotic inactivation
ARO:3006630,PDC beta-lactamase,carbapenem;cephalosporin;monobactam,antibiotic inactivation
ARO:3006631,PDC beta-lactamase,carbapenem;cephalosporin;monobactam,antibiotic inactivation
ARO:3006632,PDC beta-lactamase,carbapenem;cephalosporin;monobactam,antibiotic inactivation
ARO:3006633,PDC beta-lactamase,carbapenem;cephalosporin;monobactam,antibiotic inactivation
ARO:3005297,PDC beta-lactamase,carbapenem;cephalosporin;monobactam,antibiotic inactivation
ARO:3006634,PDC beta-lactamase,carbapenem;cephalosporin;monobactam,antibiotic inactivation
ARO:3005311,PDC beta-lactamase,carbapenem;cephalosporin;monobactam,antibiotic inactivation
ARO:3005281,PDC beta-lactamase,carbapenem;cephalosporin;monobactam,antibiotic inactivation
ARO:3006635,PDC beta-lactamase,carbapenem;cephalosporin;monobactam,antibiotic inactivation
ARO:3006636,PDC beta-lactamase,carbapenem;cephalosporin;monobactam,antibiotic inactivation
ARO:3006637,PDC beta-lactamase,carbapenem;cephalosporin;monobactam,antibiotic inactivation
ARO:3006638,PDC beta-lactamase,carbapenem;cephalosporin;monobactam,antibiotic inactivation
ARO:3006639,PDC beta-lactamase,carbapenem;cephalosporin;monobactam,antibiotic inactivation
ARO:3006640,PDC beta-lactamase,carbapenem;cephalosporin;monobactam,antibiotic inactivation
ARO:3005284,PDC beta-lactamase,carbapenem;cephalosporin;monobactam,antibiotic inactivation
ARO:3006641,PDC beta-lactamase,carbapenem;cephalosporin;monobactam,antibiotic inactivation
ARO:3006642,PDC beta-lactamase,carbapenem;cephalosporin;monobactam,antibiotic inactivation
ARO:3006643,PDC beta-lactamase,carbapenem;cephalosporin;monobactam,antibiotic inactivation
ARO:3006644,PDC beta-lactamase,carbapenem;cephalosporin;monobactam,antibiotic inactivation
ARO:3006645,PDC beta-lactamase,carbapenem;cephalosporin;monobactam,antibiotic inactivation
ARO:3006646,PDC beta-lactamase,carbapenem;cephalosporin;monobactam,antibiotic inactivation
ARO:3005296,PDC beta-lactamase,carbapenem;cephalosporin;monobactam,antibiotic inactivation
ARO:3006647,PDC beta-lactamase,carbapenem;cephalosporin;monobactam,antibiotic inactivation
ARO:3006648,PDC beta-lactamase,carbapenem;cephalosporin;monobactam,antibiotic inactivation
ARO:3006649,PDC beta-lactamase,carbapenem;cephalosporin;monobactam,antibiotic inactivation
ARO:3006650,PDC beta-lactamase,carbapenem;cephalosporin;monobactam,antibiotic inactivation
ARO:3006651,PDC beta-lactamase,carbapenem;cephalosporin;monobactam,antibiotic inactivation
ARO:3006652,PDC beta-lactamase,carbapenem;cephalosporin;monobactam,antibiotic inactivation
ARO:3006653,PDC beta-lactamase,carbapenem;cephalosporin;monobactam,antibiotic inactivation
ARO:3005156,PDC beta-lactamase,carbapenem;cephalosporin;monobactam,antibiotic inactivation
ARO:3006654,PDC beta-lactamase,carbapenem;cephalosporin;monobactam,antibiotic inactivation
ARO:3006655,PDC beta-lactamase,carbapenem;cephalosporin;monobactam,antibiotic inactivation
ARO:3006656,PDC beta-lactamase,carbapenem;cephalosporin;monobactam,antibiotic inactivation
ARO:3006657,PDC beta-lactamase,carbapenem;cephalosporin;monobactam,antibiotic inactivation
ARO:3005276,PDC beta-lactamase,carbapenem;cephalosporin;monobactam,antibiotic inactivation
ARO:3005287,PDC beta-lactamase,carbapenem;cephalosporin;monobactam,antibiotic inactivation
ARO:3006658,PDC beta-lactamase,carbapenem;cephalosporin;monobactam,antibiotic inactivation
ARO:3006659,PDC beta-lactamase,carbapenem;cephalosporin;monobactam,antibiotic inactivation
ARO:3006660,PDC beta-lactamase,carbapenem;cephalosporin;monobactam,antibiotic inactivation
ARO:3006661,PDC beta-lactamase,carbapenem;cephalosporin;monobactam,antibiotic inactivation
ARO:3006662,PDC beta-lactamase,carbapenem;cephalosporin;monobactam,antibiotic inactivation
ARO:3006663,PDC beta-lactamase,carbapenem;cephalosporin;monobactam,antibiotic inactivation
ARO:3005307,PDC beta-lactamase,carbapenem;cephalosporin;monobactam,antibiotic inactivation
ARO:3005298,PDC beta-lactamase,carbapenem;cephalosporin;monobactam,antibiotic inactivation
ARO:3006664,PDC beta-lactamase,carbapenem;cephalosporin;monobactam,antibiotic inactivation
ARO:3006665,PDC beta-lactamase,carbapenem;cephalosporin;monobactam,antibiotic inactivation
ARO:3006666,PDC beta-lactamase,carbapenem;cephalosporin;monobactam,antibiotic inactivation
ARO:3006667,PDC beta-lactamase,carbapenem;cephalosporin;monobactam,antibiotic inactivation
ARO:3006668,PDC beta-lactamase,carbapenem;cephalosporin;monobactam,antibiotic inactivation
ARO:3006669,PDC beta-lactamase,carbapenem;cephalosporin;monobactam,antibiotic inactivation
ARO:3002500,PDC beta-lactamase,carbapenem;cephalosporin;monobactam;penicillin beta-lactam,antibiotic inactivation
ARO:3006670,PDC beta-lactamase,carbapenem;cephalosporin;monobactam,antibiotic inactivation
ARO:3006671,PDC beta-lactamase,carbapenem;cephalosporin;monobactam,antibiotic inactivation
ARO:3006672,PDC beta-lactamase,carbapenem;cephalosporin;monobactam,antibiotic inactivation
ARO:3006673,PDC beta-lactamase,carbapenem;cephalosporin;monobactam,antibiotic inactivation
ARO:3006674,PDC beta-lactamase,carbapenem;cephalosporin;monobactam,antibiotic inactivation
ARO:3006675,PDC beta-lactamase,carbapenem;cephalosporin;monobactam,antibiotic inactivation
ARO:3006676,PDC beta-lactamase,carbapenem;cephalosporin;monobactam,antibiotic inactivation
ARO:3005301,PDC beta-lactamase,carbapenem;cephalosporin;monobactam,antibiotic inactivation
ARO:3006677,PDC beta-lactamase,carbapenem;cephalosporin;monobactam,antibiotic inactivation
ARO:3006678,PDC beta-lactamase,carbapenem;cephalosporin;monobactam,antibiotic inactivation
ARO:3006679,PDC beta-lactamase,carbapenem;cephalosporin;monobactam,antibiotic inactivation
ARO:3006680,PDC beta-lactamase,carbapenem;cephalosporin;monobactam,antibiotic inactivation
ARO:3006681,PDC beta-lactamase,carbapenem;cephalosporin;monobactam,antibiotic inactivation
ARO:3006682,PDC beta-lactamase,carbapenem;cephalosporin;monobactam,antibiotic inactivation
ARO:3006683,PDC beta-lactamase,carbapenem;cephalosporin;monobactam,antibiotic inactivation
ARO:3005310,PDC beta-lactamase,carbapenem;cephalosporin;monobactam,antibiotic inactivation
ARO:3006684,PDC beta-lactamase,carbapenem;cephalosporin;monobactam,antibiotic inactivation
ARO:3006685,PDC beta-lactamase,carbapenem;cephalosporin;monobactam,antibiotic inactivation
ARO:3006686,PDC beta-lactamase,carbapenem;cephalosporin;monobactam,antibiotic inactivation
ARO:3006687,PDC beta-lactamase,carbapenem;cephalosporin;monobactam,antibiotic inactivation
ARO:3006688,PDC beta-lactamase,carbapenem;cephalosporin;monobactam,antibiotic inactivation
ARO:3006689,PDC beta-lactamase,carbapenem;cephalosporin;monobactam,antibiotic inactivation
ARO:3006690,PDC beta-lactamase,carbapenem;cephalosporin;monobactam,antibiotic inactivation
ARO:3006691,PDC beta-lactamase,carbapenem;cephalosporin;monobactam,antibiotic inactivation
ARO:3006692,PDC beta-lactamase,carbapenem;cephalosporin;monobactam,antibiotic inactivation
ARO:3006693,PDC beta-lactamase,carbapenem;cephalosporin;monobactam,antibiotic inactivation
ARO:3005280,PDC beta-lactamase,carbapenem;cephalosporin;monobactam,antibiotic inactivation
ARO:3005279,PDC beta-lactamase,carbapenem;cephalosporin;monobactam,antibiotic inactivation
ARO:3006694,PDC beta-lactamase,carbapenem;cephalosporin;monobactam,antibiotic inactivation
ARO:3006695,PDC beta-lactamase,carbapenem;cephalosporin;monobactam,antibiotic inactivation
ARO:3006696,PDC beta-lactamase,carbapenem;cephalosporin;monobactam,antibiotic inactivation
ARO:3006697,PDC beta-lactamase,carbapenem;cephalosporin;monobactam,antibiotic inactivation
ARO:3006698,PDC beta-lactamase,carbapenem;cephalosporin;monobactam,antibiotic inactivation
ARO:3006699,PDC beta-lactamase,carbapenem;cephalosporin;monobactam,antibiotic inactivation
ARO:3006700,PDC beta-lactamase,carbapenem;cephalosporin;monobactam,antibiotic inactivation
ARO:3006701,PDC beta-lactamase,carbapenem;cephalosporin;monobactam,antibiotic inactivation
ARO:3006702,PDC beta-lactamase,carbapenem;cephalosporin;monobactam,antibiotic inactivation
ARO:3006703,PDC beta-lactamase,carbapenem;cephalosporin;monobactam,antibiotic inactivation
ARO:3006704,PDC beta-lactamase,carbapenem;cephalosporin;monobactam,antibiotic inactivation
ARO:3006705,PDC beta-lactamase,carbapenem;cephalosporin;monobactam,antibiotic inactivation
ARO:3006706,PDC beta-lactamase,carbapenem;cephalosporin;monobactam,antibiotic inactivation
ARO:3005288,PDC beta-lactamase,carbapenem;cephalosporin;monobactam,antibiotic inactivation
ARO:3006707,PDC beta-lactamase,carbapenem;cephalosporin;monobactam,antibiotic inactivation
ARO:3006708,PDC beta-lactamase,carbapenem;cephalosporin;monobactam,antibiotic inactivation
ARO:3006709,PDC beta-lactamase,carbapenem;cephalosporin;monobactam,antibiotic inactivation
ARO:3006710,PDC beta-lactamase,carbapenem;cephalosporin;monobactam,antibiotic inactivation
ARO:3006711,PDC beta-lactamase,carbapenem;cephalosporin;monobactam,antibiotic inactivation
ARO:3006712,PDC beta-lactamase,carbapenem;cephalosporin;monobactam,antibiotic inactivation
ARO:3006713,PDC beta-lactamase,carbapenem;cephalosporin;monobactam,antibiotic inactivation
ARO:3006714,PDC beta-lactamase,carbapenem;cephalosporin;monobactam,antibiotic inactivation
ARO:3006715,PDC beta-lactamase,carbapenem;cephalosporin;monobactam,antibiotic inactivation
ARO:3005286,PDC beta-lactamase,carbapenem;cephalosporin;monobactam,antibiotic inactivation
ARO:3006716,PDC beta-lactamase,carbapenem;cephalosporin;monobactam,antibiotic inactivation
ARO:3006717,PDC beta-lactamase,carbapenem;cephalosporin;monobactam,antibiotic inactivation
ARO:3006718,PDC beta-lactamase,carbapenem;cephalosporin;monobactam,antibiotic inactivation
ARO:3006719,PDC beta-lactamase,carbapenem;cephalosporin;monobactam,antibiotic inactivation
ARO:3006720,PDC beta-lactamase,carbapenem;cephalosporin;monobactam,antibiotic inactivation
ARO:3006721,PDC beta-lactamase,carbapenem;cephalosporin;monobactam,antibiotic inactivation
ARO:3005290,PDC beta-lactamase,carbapenem;cephalosporin;monobactam,antibiotic inactivation
ARO:3006722,PDC beta-lactamase,carbapenem;cephalosporin;monobactam,antibiotic inactivation
ARO:3006723,PDC beta-lactamase,carbapenem;cephalosporin;monobactam,antibiotic inactivation
ARO:3006724,PDC beta-lactamase,carbapenem;cephalosporin;monobactam,antibiotic inactivation
ARO:3006725,PDC beta-lactamase,carbapenem;cephalosporin;monobactam,antibiotic inactivation
ARO:3006726,PDC beta-lactamase,carbapenem;cephalosporin;monobactam,antibiotic inactivation
ARO:3006727,PDC beta-lactamase,carbapenem;cephalosporin;monobactam,antibiotic inactivation
ARO:3006728,PDC beta-lactamase,carbapenem;cephalosporin;monobactam,antibiotic inactivation
ARO:3006729,PDC beta-lactamase,carbapenem;cephalosporin;monobactam,antibiotic inactivation
ARO:3006730,PDC beta-lactamase,carbapenem;cephalosporin;monobactam,antibiotic inactivation
ARO:3006731,PDC beta-lactamase,carbapenem;cephalosporin;monobactam,antibiotic inactivation
ARO:3006732,PDC beta-lactamase,carbapenem;cephalosporin;monobactam,antibiotic inactivation
ARO:3006733,PDC beta-lactamase,carbapenem;cephalosporin;monobactam,antibiotic inactivation
ARO:3006734,PDC beta-lactamase,carbapenem;cephalosporin;monobactam,antibiotic inactivation
ARO:3006735,PDC beta-lactamase,carbapenem;cephalosporin;monobactam,antibiotic inactivation
ARO:3006736,PDC beta-lactamase,carbapenem;cephalosporin;monobactam,antibiotic inactivation
ARO:3006737,PDC beta-lactamase,carbapenem;cephalosporin;monobactam,antibiotic inactivation
ARO:3006738,PDC beta-lactamase,carbapenem;cephalosporin;monobactam,antibiotic inactivation
ARO:3006739,PDC beta-lactamase,carbapenem;cephalosporin;monobactam,antibiotic inactivation
ARO:3006740,PDC beta-lactamase,carbapenem;cephalosporin;monobactam,antibiotic inactivation
ARO:3006741,PDC beta-lactamase,carbapenem;cephalosporin;monobactam,antibiotic inactivation
ARO:3006742,PDC beta-lactamase,carbapenem;cephalosporin;monobactam,antibiotic inactivation
ARO:3006743,PDC beta-lactamase,carbapenem;cephalosporin;monobactam,antibiotic inactivation
ARO:3006744,PDC beta-lactamase,carbapenem;cephalosporin;monobactam,antibiotic inactivation
ARO:3006745,PDC beta-lactamase,carbapenem;cephalosporin;monobactam,antibiotic inactivation
ARO:3006746,PDC beta-lactamase,carbapenem;cephalosporin;monobactam,antibiotic inactivation
ARO:3005302,PDC beta-lactamase,carbapenem;cephalosporin;monobactam,antibiotic inactivation
ARO:3006747,PDC beta-lactamase,carbapenem;cephalosporin;monobactam,antibiotic inactivation
ARO:3006748,PDC beta-lactamase,carbapenem;cephalosporin;monobactam,antibiotic inactivation
ARO:3006749,PDC beta-lactamase,carbapenem;cephalosporin;monobactam,antibiotic inactivation
ARO:3006750,PDC beta-lactamase,carbapenem;cephalosporin;monobactam,antibiotic inactivation
ARO:3005293,PDC beta-lactamase,carbapenem;cephalosporin;monobactam,antibiotic inactivation
ARO:3006751,PDC beta-lactamase,carbapenem;cephalosporin;monobactam,antibiotic inactivation
ARO:3006752,PDC beta-lactamase,carbapenem;cephalosporin;monobactam,antibiotic inactivation
ARO:3006753,PDC beta-lactamase,carbapenem;cephalosporin;monobactam,antibiotic inactivation
ARO:3005283,PDC beta-lactamase,carbapenem;cephalosporin;monobactam,antibiotic inactivation
ARO:3006754,PDC beta-lactamase,carbapenem;cephalosporin;monobactam,antibiotic inactivation
ARO:3006755,PDC beta-lactamase,carbapenem;cephalosporin;monobactam,antibiotic inactivation
ARO:3006756,PDC beta-lactamase,carbapenem;cephalosporin;monobactam,antibiotic inactivation
ARO:3006757,PDC beta-lactamase,carbapenem;cephalosporin;monobactam,antibiotic inactivation
ARO:3006758,PDC beta-lactamase,carbapenem;cephalosporin;monobactam,antibiotic inactivation
ARO:3006759,PDC beta-lactamase,carbapenem;cephalosporin;monobactam,antibiotic inactivation
ARO:3006760,PDC beta-lactamase,carbapenem;cephalosporin;monobactam,antibiotic inactivation
ARO:3006761,PDC beta-lactamase,carbapenem;cephalosporin;monobactam,antibiotic inactivation
ARO:3006762,PDC beta-lactamase,carbapenem;cephalosporin;monobactam,antibiotic inactivation
ARO:3005308,PDC beta-lactamase,carbapenem;cephalosporin;monobactam,antibiotic inactivation
ARO:3006763,PDC beta-lactamase,carbapenem;cephalosporin;monobactam,antibiotic inactivation
ARO:3006764,PDC beta-lactamase,carbapenem;cephalosporin;monobactam,antibiotic inactivation
ARO:3006765,PDC beta-lactamase,carbapenem;cephalosporin;monobactam,antibiotic inactivation
ARO:3006766,PDC beta-lactamase,carbapenem;cephalosporin;monobactam,antibiotic inactivation
ARO:3006767,PDC beta-lactamase,carbapenem;cephalosporin;monobactam,antibiotic inactivation
ARO:3006768,PDC beta-lactamase,carbapenem;cephalosporin;monobactam,antibiotic inactivation
ARO:3002501,PDC beta-lactamase,carbapenem;cephalosporin;monobactam,antibiotic inactivation
ARO:3006769,PDC beta-lactamase,carbapenem;cephalosporin;monobactam,antibiotic inactivation
ARO:3006770,PDC beta-lactamase,carbapenem;cephalosporin;monobactam,antibiotic inactivation
ARO:3006771,PDC beta-lactamase,carbapenem;cephalosporin;monobactam,antibiotic inactivation
ARO:3006772,PDC beta-lactamase,carbapenem;cephalosporin;monobactam,antibiotic inactivation
ARO:3006773,PDC beta-lactamase,carbapenem;cephalosporin;monobactam,antibiotic inactivation
ARO:3006774,PDC beta-lactamase,carbapenem;cephalosporin;monobactam,antibiotic inactivation
ARO:3006775,PDC beta-lactamase,carbapenem;cephalosporin;monobactam,antibiotic inactivation
ARO:3006776,PDC beta-lactamase,carbapenem;cephalosporin;monobactam,antibiotic inactivation
ARO:3006777,PDC beta-lactamase,carbapenem;cephalosporin;monobactam,antibiotic inactivation
ARO:3006778,PDC beta-lactamase,carbapenem;cephalosporin;monobactam,antibiotic inactivation
ARO:3006779,PDC beta-lactamase,carbapenem;cephalosporin;monobactam,antibiotic inactivation
ARO:3005157,PDC beta-lactamase,carbapenem;cephalosporin;monobactam,antibiotic inactivation
ARO:3006780,PDC beta-lactamase,carbapenem;cephalosporin;monobactam,antibiotic inactivation
ARO:3006781,PDC beta-lactamase,carbapenem;cephalosporin;monobactam,antibiotic inactivation
ARO:3006782,PDC beta-lactamase,carbapenem;cephalosporin;monobactam,antibiotic inactivation
ARO:3005282,PDC beta-lactamase,carbapenem;cephalosporin;monobactam,antibiotic inactivation
ARO:3006783,PDC beta-lactamase,carbapenem;cephalosporin;monobactam,antibiotic inactivation
ARO:3006784,PDC beta-lactamase,carbapenem;cephalosporin;monobactam,antibiotic inactivation
ARO:3006785,PDC beta-lactamase,carbapenem;cephalosporin;monobactam,antibiotic inactivation
ARO:3006786,PDC beta-lactamase,carbapenem;cephalosporin;monobactam,antibiotic inactivation
ARO:3006787,PDC beta-lactamase,carbapenem;cephalosporin;monobactam,antibiotic inactivation
ARO:3006788,PDC beta-lactamase,carbapenem;cephalosporin;monobactam,antibiotic inactivation
ARO:3006789,PDC beta-lactamase,carbapenem;cephalosporin;monobactam,antibiotic inactivation
ARO:3006790,PDC beta-lactamase,carbapenem;cephalosporin;monobactam,antibiotic inactivation
ARO:3006791,PDC beta-lactamase,carbapenem;cephalosporin;monobactam,antibiotic inactivation
ARO:3006792,PDC beta-lactamase,carbapenem;cephalosporin;monobactam,antibiotic inactivation
ARO:3006793,PDC beta-lactamase,carbapenem;cephalosporin;monobactam,antibiotic inactivation
ARO:3006794,PDC beta-lactamase,carbapenem;cephalosporin;monobactam,antibiotic inactivation
ARO:3006795,PDC beta-lactamase,carbapenem;cephalosporin;monobactam,antibiotic inactivation
ARO:3006796,PDC beta-lactamase,carbapenem;cephalosporin;monobactam,antibiotic inactivation
ARO:3006797,PDC beta-lactamase,carbapenem;cephalosporin;monobactam,antibiotic inactivation
ARO:3006798,PDC beta-lactamase,carbapenem;cephalosporin;monobactam,antibiotic inactivation
ARO:3005312,PDC beta-lactamase,carbapenem;cephalosporin;monobactam,antibiotic inactivation
ARO:3005134,PDC beta-lactamase,carbapenem;cephalosporin;monobactam,antibiotic inactivation
ARO:3006799,PDC beta-lactamase,carbapenem;cephalosporin;monobactam,antibiotic inactivation
ARO:3006800,PDC beta-lactamase,carbapenem;cephalosporin;monobactam,antibiotic inactivation
ARO:3006801,PDC beta-lactamase,carbapenem;cephalosporin;monobactam,antibiotic inactivation
ARO:3006802,PDC beta-lactamase,carbapenem;cephalosporin;monobactam,antibiotic inactivation
ARO:3006803,PDC beta-lactamase,carbapenem;cephalosporin;monobactam,antibiotic inactivation
ARO:3006804,PDC beta-lactamase,carbapenem;cephalosporin;monobactam,antibiotic inactivation
ARO:3006805,PDC beta-lactamase,carbapenem;cephalosporin;monobactam,antibiotic inactivation
ARO:3006806,PDC beta-lactamase,carbapenem;cephalosporin;monobactam,antibiotic inactivation
ARO:3005275,PDC beta-lactamase,carbapenem;cephalosporin;monobactam,antibiotic inactivation
ARO:3006807,PDC beta-lactamase,carbapenem;cephalosporin;monobactam,antibiotic inactivation
ARO:3005142,PDC beta-lactamase,carbapenem;cephalosporin;monobactam,antibiotic inactivation
ARO:3006808,PDC beta-lactamase,carbapenem;cephalosporin;monobactam,antibiotic inactivation
ARO:3006809,PDC beta-lactamase,carbapenem;cephalosporin;monobactam,antibiotic inactivation
ARO:3006810,PDC beta-lactamase,carbapenem;cephalosporin;monobactam,antibiotic inactivation
ARO:3006811,PDC beta-lactamase,carbapenem;cephalosporin;monobactam,antibiotic inactivation
ARO:3006812,PDC beta-lactamase,carbapenem;cephalosporin;monobactam,antibiotic inactivation
ARO:3006813,PDC beta-lactamase,carbapenem;cephalosporin;monobactam,antibiotic inactivation
ARO:3006814,PDC beta-lactamase,carbapenem;cephalosporin;monobactam,antibiotic inactivation
ARO:3006815,PDC beta-lactamase,carbapenem;cephalosporin;monobactam,antibiotic inactivation
ARO:3006816,PDC beta-lactamase,carbapenem;cephalosporin;monobactam,antibiotic inactivation
ARO:3005313,PDC beta-lactamase,carbapenem;cephalosporin;monobactam,antibiotic inactivation
ARO:3005145,PDC beta-lactamase,carbapenem;cephalosporin;monobactam,antibiotic inactivation
ARO:3006817,PDC beta-lactamase,carbapenem;cephalosporin;monobactam,antibiotic inactivation
ARO:3006818,PDC beta-lactamase,carbapenem;cephalosporin;monobactam,antibiotic inactivation
ARO:3006819,PDC beta-lactamase,carbapenem;cephalosporin;monobactam,antibiotic inactivation
ARO:3006820,PDC beta-lactamase,carbapenem;cephalosporin;monobactam,antibiotic inactivation
ARO:3006821,PDC beta-lactamase,carbapenem;cephalosporin;monobactam,antibiotic inactivation
ARO:3006822,PDC beta-lactamase,carbapenem;cephalosporin;monobactam,antibiotic inactivation
ARO:3006823,PDC beta-lactamase,carbapenem;cephalosporin;monobactam,antibiotic inactivation
ARO:3006824,PDC beta-lactamase,carbapenem;cephalosporin;monobactam,antibiotic inactivation
ARO:3006825,PDC beta-lactamase,carbapenem;cephalosporin;monobactam,antibiotic inactivation
ARO:3006826,PDC beta-lactamase,carbapenem;cephalosporin;monobactam,antibiotic inactivation
ARO:3006827,PDC beta-lactamase,carbapenem;cephalosporin;monobactam,antibiotic inactivation
ARO:3006828,PDC beta-lactamase,carbapenem;cephalosporin;monobactam,antibiotic inactivation
ARO:3005294,PDC beta-lactamase,carbapenem;cephalosporin;monobactam,antibiotic inactivation
ARO:3006829,PDC beta-lactamase,carbapenem;cephalosporin;monobactam,antibiotic inactivation
ARO:3006830,PDC beta-lactamase,carbapenem;cephalosporin;monobactam,antibiotic inactivation
ARO:3005291,PDC beta-lactamase,carbapenem;cephalosporin;monobactam,antibiotic inactivation
ARO:3006831,PDC beta-lactamase,carbapenem;cephalosporin;monobactam,antibiotic inactivation
ARO:3006832,PDC beta-lactamase,carbapenem;cephalosporin;monobactam,antibiotic inactivation
ARO:3006833,PDC beta-lactamase,carbapenem;cephalosporin;monobactam,antibiotic inactivation
ARO:3006834,PDC beta-lactamase,carbapenem;cephalosporin;monobactam,antibiotic inactivation
ARO:3006835,PDC beta-lactamase,carbapenem;cephalosporin;monobactam,antibiotic inactivation
ARO:3005128,PDC beta-lactamase,carbapenem;cephalosporin;monobactam,antibiotic inactivation
ARO:3006836,PDC beta-lactamase,carbapenem;cephalosporin;monobactam,antibiotic inactivation
ARO:3006837,PDC beta-lactamase,carbapenem;cephalosporin;monobactam,antibiotic inactivation
ARO:3006838,PDC beta-lactamase,carbapenem;cephalosporin;monobactam,antibiotic inactivation
ARO:3006839,PDC beta-lactamase,carbapenem;cephalosporin;monobactam,antibiotic inactivation
ARO:3006840,PDC beta-lactamase,carbapenem;cephalosporin;monobactam,antibiotic inactivation
ARO:3006841,PDC beta-lactamase,carbapenem;cephalosporin;monobactam,antibiotic inactivation
ARO:3006842,PDC beta-lactamase,carbapenem;cephalosporin;monobactam,antibiotic inactivation
ARO:3008824,PDC beta-lactamase,carbapenem;cephalosporin;monobactam,antibiotic inactivation
ARO:3008825,PDC beta-lactamase,carbapenem;cephalosporin;monobactam,antibiotic inactivation
ARO:3008826,PDC beta-lactamase,carbapenem;cephalosporin;monobactam,antibiotic inactivation
ARO:3005148,PDC beta-lactamase,carbapenem;cephalosporin;monobactam,antibiotic inactivation
ARO:3008827,PDC beta-lactamase,carbapenem;cephalosporin;monobactam,antibiotic inactivation
ARO:3008828,PDC beta-lactamase,carbapenem;cephalosporin;monobactam,antibiotic inactivation
ARO:3008829,PDC beta-lactamase,carbapenem;cephalosporin;monobactam,antibiotic inactivation
ARO:3008830,PDC beta-lactamase,carbapenem;cephalosporin;monobactam,antibiotic inactivation
ARO:3008831,PDC beta-lactamase,carbapenem;cephalosporin;monobactam,antibiotic inactivation
ARO:3008832,PDC beta-lactamase,carbapenem;cephalosporin;monobactam,antibiotic inactivation
ARO:3008833,PDC beta-lactamase,carbapenem;cephalosporin;monobactam,antibiotic inactivation
ARO:3008834,PDC beta-lactamase,carbapenem;cephalosporin;monobactam,antibiotic inactivation
ARO:3008835,PDC beta-lactamase,carbapenem;cephalosporin;monobactam,antibiotic inactivation
ARO:3008836,PDC beta-lactamase,carbapenem;cephalosporin;monobactam,antibiotic inactivation
ARO:3005146,PDC beta-lactamase,carbapenem;cephalosporin;monobactam,antibiotic inactivation
ARO:3008837,PDC beta-lactamase,carbapenem;cephalosporin;monobactam,antibiotic inactivation
ARO:3008838,PDC beta-lactamase,carbapenem;cephalosporin;monobactam,antibiotic inactivation
ARO:3008839,PDC beta-lactamase,carbapenem;cephalosporin;monobactam,antibiotic inactivation
ARO:3008840,PDC beta-lactamase,carbapenem;cephalosporin;monobactam,antibiotic inactivation
ARO:3008841,PDC beta-lactamase,carbapenem;cephalosporin;monobactam,antibiotic inactivation
ARO:3008842,PDC beta-lactamase,carbapenem;cephalosporin;monobactam,antibiotic inactivation
ARO:3008843,PDC beta-lactamase,carbapenem;cephalosporin;monobactam,antibiotic inactivation
ARO:3008844,PDC beta-lactamase,carbapenem;cephalosporin;monobactam,antibiotic inactivation
ARO:3008845,PDC beta-lactamase,carbapenem;cephalosporin;monobactam,antibiotic inactivation
ARO:3008846,PDC beta-lactamase,carbapenem;cephalosporin;monobactam,antibiotic inactivation
ARO:3002502,PDC beta-lactamase,carbapenem;cephalosporin;monobactam;penicillin beta-lactam,antibiotic inactivation
ARO:3005147,PDC beta-lactamase,carbapenem;cephalosporin;monobactam,antibiotic inactivation
ARO:3008847,PDC beta-lactamase,carbapenem;cephalosporin;monobactam,antibiotic inactivation
ARO:3008848,PDC beta-lactamase,carbapenem;cephalosporin;monobactam,antibiotic inactivation
ARO:3008849,PDC beta-lactamase,carbapenem;cephalosporin;monobactam,antibiotic inactivation
ARO:3008850,PDC beta-lactamase,carbapenem;cephalosporin;monobactam,antibiotic inactivation
ARO:3008851,PDC beta-lactamase,carbapenem;cephalosporin;monobactam,antibiotic inactivation
ARO:3008852,PDC beta-lactamase,carbapenem;cephalosporin;monobactam,antibiotic inactivation
ARO:3008853,PDC beta-lactamase,carbapenem;cephalosporin;monobactam,antibiotic inactivation
ARO:3008854,PDC beta-lactamase,carbapenem;cephalosporin;monobactam,antibiotic inactivation
ARO:3008855,PDC beta-lactamase,carbapenem;cephalosporin;monobactam,antibiotic inactivation
ARO:3008856,PDC beta-lactamase,carbapenem;cephalosporin;monobactam,antibiotic inactivation
ARO:3005129,PDC beta-lactamase,carbapenem;cephalosporin;monobactam,antibiotic inactivation
ARO:3008857,PDC beta-lactamase,carbapenem;cephalosporin;monobactam,antibiotic inactivation
ARO:3008858,PDC beta-lactamase,carbapenem;cephalosporin;monobactam,antibiotic inactivation
ARO:3008859,PDC beta-lactamase,carbapenem;cephalosporin;monobactam,antibiotic inactivation
ARO:3008860,PDC beta-lactamase,carbapenem;cephalosporin;monobactam,antibiotic inactivation
ARO:3008861,PDC beta-lactamase,carbapenem;cephalosporin;monobactam,antibiotic inactivation
ARO:3008862,PDC beta-lactamase,carbapenem;cephalosporin;monobactam,antibiotic inactivation
ARO:3008863,PDC beta-lactamase,carbapenem;cephalosporin;monobactam,antibiotic inactivation
ARO:3008864,PDC beta-lactamase,carbapenem;cephalosporin;monobactam,antibiotic inactivation
ARO:3008865,PDC beta-lactamase,carbapenem;cephalosporin;monobactam,antibiotic inactivation
ARO:3008866,PDC beta-lactamase,carbapenem;cephalosporin;monobactam,antibiotic inactivation
ARO:3005141,PDC beta-lactamase,carbapenem;cephalosporin;monobactam,antibiotic inactivation
ARO:3008867,PDC beta-lactamase,carbapenem;cephalosporin;monobactam,antibiotic inactivation
ARO:3008868,PDC beta-lactamase,carbapenem;cephalosporin;monobactam,antibiotic inactivation
ARO:3008869,PDC beta-lactamase,carbapenem;cephalosporin;monobactam,antibiotic inactivation
ARO:3008870,PDC beta-lactamase,carbapenem;cephalosporin;monobactam,antibiotic inactivation
ARO:3008871,PDC beta-lactamase,carbapenem;cephalosporin;monobactam,antibiotic inactivation
ARO:3008872,PDC beta-lactamase,carbapenem;cephalosporin;monobactam,antibiotic inactivation
ARO:3008873,PDC beta-lactamase,carbapenem;cephalosporin;monobactam,antibiotic inactivation
ARO:3008874,PDC beta-lactamase,carbapenem;cephalosporin;monobactam,antibiotic inactivation
ARO:3008875,PDC beta-lactamase,carbapenem;cephalosporin;monobactam,antibiotic inactivation
ARO:3008876,PDC beta-lactamase,carbapenem;cephalosporin;monobactam,antibiotic inactivation
ARO:3005151,PDC beta-lactamase,carbapenem;cephalosporin;monobactam,antibiotic inactivation
ARO:3008877,PDC beta-lactamase,carbapenem;cephalosporin;monobactam,antibiotic inactivation
ARO:3008878,PDC beta-lactamase,carbapenem;cephalosporin;monobactam,antibiotic inactivation
ARO:3008879,PDC beta-lactamase,carbapenem;cephalosporin;monobactam,antibiotic inactivation
ARO:3008880,PDC beta-lactamase,carbapenem;cephalosporin;monobactam,antibiotic inactivation
ARO:3008881,PDC beta-lactamase,carbapenem;cephalosporin;monobactam,antibiotic inactivation
ARO:3008882,PDC beta-lactamase,carbapenem;cephalosporin;monobactam,antibiotic inactivation
ARO:3008883,PDC beta-lactamase,carbapenem;cephalosporin;monobactam,antibiotic inactivation
ARO:3008884,PDC beta-lactamase,carbapenem;cephalosporin;monobactam,antibiotic inactivation
ARO:3008885,PDC beta-lactamase,carbapenem;cephalosporin;monobactam,antibiotic inactivation
ARO:3008886,PDC beta-lactamase,carbapenem;cephalosporin;monobactam,antibiotic inactivation
ARO:3005135,PDC beta-lactamase,carbapenem;cephalosporin;monobactam,antibiotic inactivation
ARO:3008887,PDC beta-lactamase,carbapenem;cephalosporin;monobactam,antibiotic inactivation
ARO:3008888,PDC beta-lactamase,carbapenem;cephalosporin;monobactam,antibiotic inactivation
ARO:3008889,PDC beta-lactamase,carbapenem;cephalosporin;monobactam,antibiotic inactivation
ARO:3008890,PDC beta-lactamase,carbapenem;cephalosporin;monobactam,antibiotic inactivation
ARO:3008891,PDC beta-lactamase,carbapenem;cephalosporin;monobactam,antibiotic inactivation
ARO:3008892,PDC beta-lactamase,carbapenem;cephalosporin;monobactam,antibiotic inactivation
ARO:3008893,PDC beta-lactamase,carbapenem;cephalosporin;monobactam,antibiotic inactivation
ARO:3008894,PDC beta-lactamase,carbapenem;cephalosporin;monobactam,antibiotic inactivation
ARO:3008895,PDC beta-lactamase,carbapenem;cephalosporin;monobactam,antibiotic inactivation
ARO:3008896,PDC beta-lactamase,carbapenem;cephalosporin;monobactam,antibiotic inactivation
ARO:3005039,PDC beta-lactamase,carbapenem;cephalosporin;monobactam,antibiotic inactivation
ARO:3008897,PDC beta-lactamase,carbapenem;cephalosporin;monobactam,antibiotic inactivation
ARO:3008898,PDC beta-lactamase,carbapenem;cephalosporin;monobactam,antibiotic inactivation
ARO:3008899,PDC beta-lactamase,carbapenem;cephalosporin;monobactam,antibiotic inactivation
ARO:3008900,PDC beta-lactamase,carbapenem;cephalosporin;monobactam,antibiotic inactivation
ARO:3008901,PDC beta-lactamase,carbapenem;cephalosporin;monobactam,antibiotic inactivation
ARO:3008902,PDC beta-lactamase,carbapenem;cephalosporin;monobactam,antibiotic inactivation
ARO:3008903,PDC beta-lactamase,carbapenem;cephalosporin;monobactam,antibiotic inactivation
ARO:3008904,PDC beta-lactamase,carbapenem;cephalosporin;monobactam,antibiotic inactivation
ARO:3008905,PDC beta-lactamase,carbapenem;cephalosporin;monobactam,antibiotic inactivation
ARO:3008906,PDC beta-lactamase,carbapenem;cephalosporin;monobactam,antibiotic inactivation
ARO:3005140,PDC beta-lactamase,carbapenem;cephalosporin;monobactam,antibiotic inactivation
ARO:3008907,PDC beta-lactamase,carbapenem;cephalosporin;monobactam,antibiotic inactivation
ARO:3008908,PDC beta-lactamase,carbapenem;cephalosporin;monobactam,antibiotic inactivation
ARO:3008909,PDC beta-lactamase,carbapenem;cephalosporin;monobactam,antibiotic inactivation
ARO:3008910,PDC beta-lactamase,carbapenem;cephalosporin;monobactam,antibiotic inactivation
ARO:3008911,PDC beta-lactamase,carbapenem;cephalosporin;monobactam,antibiotic inactivation
ARO:3008912,PDC beta-lactamase,carbapenem;cephalosporin;monobactam,antibiotic inactivation
ARO:3008913,PDC beta-lactamase,carbapenem;cephalosporin;monobactam,antibiotic inactivation
ARO:3008914,PDC beta-lactamase,carbapenem;cephalosporin;monobactam,antibiotic inactivation
ARO:3008915,PDC beta-lactamase,carbapenem;cephalosporin;monobactam,antibiotic inactivation
ARO:3008916,PDC beta-lactamase,carbapenem;cephalosporin;monobactam,antibiotic inactivation
ARO:3005125,PDC beta-lactamase,carbapenem;cephalosporin;monobactam,antibiotic inactivation
ARO:3008917,PDC beta-lactamase,carbapenem;cephalosporin;monobactam,antibiotic inactivation
ARO:3008918,PDC beta-lactamase,carbapenem;cephalosporin;monobactam,antibiotic inactivation
ARO:3008919,PDC beta-lactamase,carbapenem;cephalosporin;monobactam,antibiotic inactivation
ARO:3008920,PDC beta-lactamase,carbapenem;cephalosporin;monobactam,antibiotic inactivation
ARO:3008921,PDC beta-lactamase,carbapenem;cephalosporin;monobactam,antibiotic inactivation
ARO:3008922,PDC beta-lactamase,carbapenem;cephalosporin;monobactam,antibiotic inactivation
ARO:3008923,PDC beta-lactamase,carbapenem;cephalosporin;monobactam,antibiotic inactivation
ARO:3008924,PDC beta-lactamase,carbapenem;cephalosporin;monobactam,antibiotic inactivation
ARO:3008925,PDC beta-lactamase,carbapenem;cephalosporin;monobactam,antibiotic inactivation
ARO:3008926,PDC beta-lactamase,carbapenem;cephalosporin;monobactam,antibiotic inactivation
ARO:3006843,PDC beta-lactamase,carbapenem;cephalosporin;monobactam,antibiotic inactivation
ARO:3008927,PDC beta-lactamase,carbapenem;cephalosporin;monobactam,antibiotic inactivation
ARO:3008928,PDC beta-lactamase,carbapenem;cephalosporin;monobactam,antibiotic inactivation
ARO:3008929,PDC beta-lactamase,carbapenem;cephalosporin;monobactam,antibiotic inactivation
ARO:3008930,PDC beta-lactamase,carbapenem;cephalosporin;monobactam,antibiotic inactivation
ARO:3008931,PDC beta-lactamase,carbapenem;cephalosporin;monobactam,antibiotic inactivation
ARO:3008932,PDC beta-lactamase,carbapenem;cephalosporin;monobactam,antibiotic inactivation
ARO:3008933,PDC beta-lactamase,carbapenem;cephalosporin;monobactam,antibiotic inactivation
ARO:3008934,PDC beta-lactamase,carbapenem;cephalosporin;monobactam,antibiotic inactivation
ARO:3008935,PDC beta-lactamase,carbapenem;cephalosporin;monobactam,antibiotic inactivation
ARO:3008936,PDC beta-lactamase,carbapenem;cephalosporin;monobactam,antibiotic inactivation
ARO:3005137,PDC beta-lactamase,carbapenem;cephalosporin;monobactam,antibiotic inactivation
ARO:3008937,PDC beta-lactamase,carbapenem;cephalosporin;monobactam,antibiotic inactivation
ARO:3008938,PDC beta-lactamase,carbapenem;cephalosporin;monobactam,antibiotic inactivation
ARO:3008939,PDC beta-lactamase,carbapenem;cephalosporin;monobactam,antibiotic inactivation
ARO:3008940,PDC beta-lactamase,carbapenem;cephalosporin;monobactam,antibiotic inactivation
ARO:3008941,PDC beta-lactamase,carbapenem;cephalosporin;monobactam,antibiotic inactivation
ARO:3008942,PDC beta-lactamase,carbapenem;cephalosporin;monobactam,antibiotic inactivation
ARO:3008943,PDC beta-lactamase,carbapenem;cephalosporin;monobactam,antibiotic inactivation
ARO:3008944,PDC beta-lactamase,carbapenem;cephalosporin;monobactam,antibiotic inactivation
ARO:3008945,PDC beta-lactamase,carbapenem;cephalosporin;monobactam,antibiotic inactivation
ARO:3008946,PDC beta-lactamase,carbapenem;cephalosporin;monobactam,antibiotic inactivation
ARO:3002505,PDC beta-lactamase,carbapenem;cephalosporin;monobactam,antibiotic inactivation
ARO:3006844,PDC beta-lactamase,carbapenem;cephalosporin;monobactam,antibiotic inactivation
ARO:3008947,PDC beta-lactamase,carbapenem;cephalosporin;monobactam,antibiotic inactivation
ARO:3008948,PDC beta-lactamase,carbapenem;cephalosporin;monobactam,antibiotic inactivation
ARO:3008949,PDC beta-lactamase,carbapenem;cephalosporin;monobactam,antibiotic inactivation
ARO:3008950,PDC beta-lactamase,carbapenem;cephalosporin;monobactam,antibiotic inactivation
ARO:3008951,PDC beta-lactamase,carbapenem;cephalosporin;monobactam,antibiotic inactivation
ARO:3008952,PDC beta-lactamase,carbapenem;cephalosporin;monobactam,antibiotic inactivation
ARO:3008953,PDC beta-lactamase,carbapenem;cephalosporin;monobactam,antibiotic inactivation
ARO:3008954,PDC beta-lactamase,carbapenem;cephalosporin;monobactam,antibiotic inactivation
ARO:3008955,PDC beta-lactamase,carbapenem;cephalosporin;monobactam,antibiotic inactivation
ARO:3008956,PDC beta-lactamase,carbapenem;cephalosporin;monobactam,antibiotic inactivation
ARO:3005144,PDC beta-lactamase,carbapenem;cephalosporin;monobactam,antibiotic inactivation
ARO:3008957,PDC beta-lactamase,carbapenem;cephalosporin;monobactam,antibiotic inactivation
ARO:3008958,PDC beta-lactamase,carbapenem;cephalosporin;monobactam,antibiotic inactivation
ARO:3008959,PDC beta-lactamase,carbapenem;cephalosporin;monobactam,antibiotic inactivation
ARO:3008960,PDC beta-lactamase,carbapenem;cephalosporin;monobactam,antibiotic inactivation
ARO:3008961,PDC beta-lactamase,carbapenem;cephalosporin;monobactam,antibiotic inactivation
ARO:3008962,PDC beta-lactamase,carbapenem;cephalosporin;monobactam,antibiotic inactivation
ARO:3008963,PDC beta-lactamase,carbapenem;cephalosporin;monobactam,antibiotic inactivation
ARO:3008964,PDC beta-lactamase,carbapenem;cephalosporin;monobactam,antibiotic inactivation
ARO:3008965,PDC beta-lactamase,carbapenem;cephalosporin;monobactam,antibiotic inactivation
ARO:3008966,PDC beta-lactamase,carbapenem;cephalosporin;monobactam,antibiotic inactivation
ARO:3005133,PDC beta-lactamase,carbapenem;cephalosporin;monobactam,antibiotic inactivation
ARO:3008967,PDC beta-lactamase,carbapenem;cephalosporin;monobactam,antibiotic inactivation
ARO:3008968,PDC beta-lactamase,carbapenem;cephalosporin;monobactam,antibiotic inactivation
ARO:3008969,PDC beta-lactamase,carbapenem;cephalosporin;monobactam,antibiotic inactivation
ARO:3008970,PDC beta-lactamase,carbapenem;cephalosporin;monobactam,antibiotic inactivation
ARO:3008971,PDC beta-lactamase,carbapenem;cephalosporin;monobactam,antibiotic inactivation
ARO:3008972,PDC beta-lactamase,carbapenem;cephalosporin;monobactam,antibiotic inactivation
ARO:3008973,PDC beta-lactamase,carbapenem;cephalosporin;monobactam,antibiotic inactivation
ARO:3008974,PDC beta-lactamase,carbapenem;cephalosporin;monobactam,antibiotic inactivation
ARO:3008975,PDC beta-lactamase,carbapenem;cephalosporin;monobactam,antibiotic inactivation
ARO:3008976,PDC beta-lactamase,carbapenem;cephalosporin;monobactam,antibiotic inactivation
ARO:3005124,PDC beta-lactamase,carbapenem;cephalosporin;monobactam,antibiotic inactivation
ARO:3008977,PDC beta-lactamase,carbapenem;cephalosporin;monobactam,antibiotic inactivation
ARO:3008978,PDC beta-lactamase,carbapenem;cephalosporin;monobactam,antibiotic inactivation
ARO:3008979,PDC beta-lactamase,carbapenem;cephalosporin;monobactam,antibiotic inactivation
ARO:3008980,PDC beta-lactamase,carbapenem;cephalosporin;monobactam,antibiotic inactivation
ARO:3008981,PDC beta-lactamase,carbapenem;cephalosporin;monobactam,antibiotic inactivation
ARO:3008982,PDC beta-lactamase,carbapenem;cephalosporin;monobactam,antibiotic inactivation
ARO:3008983,PDC beta-lactamase,carbapenem;cephalosporin;monobactam,antibiotic inactivation
ARO:3008984,PDC beta-lactamase,carbapenem;cephalosporin;monobactam,antibiotic inactivation
ARO:3008985,PDC beta-lactamase,carbapenem;cephalosporin;monobactam,antibiotic inactivation
ARO:3008986,PDC beta-lactamase,carbapenem;cephalosporin;monobactam,antibiotic inactivation
ARO:3006845,PDC beta-lactamase,carbapenem;cephalosporin;monobactam,antibiotic inactivation
ARO:3008987,PDC beta-lactamase,carbapenem;cephalosporin;monobactam,antibiotic inactivation
ARO:3005038,PDC beta-lactamase,carbapenem;cephalosporin;monobactam,antibiotic inactivation
ARO:3005126,PDC beta-lactamase,carbapenem;cephalosporin;monobactam,antibiotic inactivation
ARO:3005139,PDC beta-lactamase,carbapenem;cephalosporin;monobactam,antibiotic inactivation
ARO:3005122,PDC beta-lactamase,carbapenem;cephalosporin;monobactam,antibiotic inactivation
ARO:3005153,PDC beta-lactamase,carbapenem;cephalosporin;monobactam,antibiotic inactivation
ARO:3002506,PDC beta-lactamase,carbapenem;cephalosporin;monobactam,antibiotic inactivation
ARO:3005123,PDC beta-lactamase,carbapenem;cephalosporin;monobactam,antibiotic inactivation
ARO:3006846,PDC beta-lactamase,carbapenem;cephalosporin;monobactam,antibiotic inactivation
ARO:3005152,PDC beta-lactamase,carbapenem;cephalosporin;monobactam,antibiotic inactivation
ARO:3004336,PDC beta-lactamase,carbapenem;cephalosporin;monobactam,antibiotic inactivation
ARO:3004337,PDC beta-lactamase,carbapenem;cephalosporin;monobactam,antibiotic inactivation
ARO:3004338,PDC beta-lactamase,carbapenem;cephalosporin;monobactam,antibiotic inactivation
ARO:3004339,PDC beta-lactamase,carbapenem;cephalosporin;monobactam,antibiotic inactivation
ARO:3004340,PDC beta-lactamase,carbapenem;cephalosporin;monobactam,antibiotic inactivation
ARO:3004341,PDC beta-lactamase,carbapenem;cephalosporin;monobactam,antibiotic inactivation
ARO:3004342,PDC beta-lactamase,carbapenem;cephalosporin;monobactam,antibiotic inactivation
ARO:3002507,PDC beta-lactamase,carbapenem;cephalosporin;monobactam,antibiotic inactivation
ARO:3004343,PDC beta-lactamase,carbapenem;cephalosporin;monobactam,antibiotic inactivation
ARO:3004344,PDC beta-lactamase,carbapenem;cephalosporin;monobactam,antibiotic inactivation
ARO:3004345,PDC beta-lactamase,carbapenem;cephalosporin;monobactam,antibiotic inactivation
ARO:3004346,PDC beta-lactamase,carbapenem;cephalosporin;monobactam,antibiotic inactivation
ARO:3004347,PDC beta-lactamase,carbapenem;cephalosporin;monobactam,antibiotic inactivation
ARO:3004348,PDC beta-lactamase,carbapenem;cephalosporin;monobactam,antibiotic inactivation
ARO:3004349,PDC beta-lactamase,carbapenem;cephalosporin;monobactam,antibiotic inactivation
ARO:3004350,PDC beta-lactamase,carbapenem;cephalosporin;monobactam,antibiotic inactivation
ARO:3004351,PDC beta-lactamase,carbapenem;cephalosporin;monobactam,antibiotic inactivation
ARO:3004352,PDC beta-lactamase,carbapenem;cephalosporin;monobactam,antibiotic inactivation
ARO:3002508,PDC beta-lactamase,carbapenem;cephalosporin;monobactam,antibiotic inactivation
ARO:3004353,PDC beta-lactamase,carbapenem;cephalosporin;monobactam,antibiotic inactivation
ARO:3004354,PDC beta-lactamase,carbapenem;cephalosporin;monobactam,antibiotic inactivation
ARO:3004355,PDC beta-lactamase,carbapenem;cephalosporin;monobactam,antibiotic inactivation
ARO:3004356,PDC beta-lactamase,carbapenem;cephalosporin;monobactam,antibiotic inactivation
ARO:3006847,PDC beta-lactamase,carbapenem;cephalosporin;monobactam,antibiotic inactivation
ARO:3006848,PDC beta-lactamase,carbapenem;cephalosporin;monobactam,antibiotic inactivation
ARO:3006849,PDC beta-lactamase,carbapenem;cephalosporin;monobactam,antibiotic inactivation
ARO:3006850,PDC beta-lactamase,carbapenem;cephalosporin;monobactam,antibiotic inactivation
ARO:3006851,PDC beta-lactamase,carbapenem;cephalosporin;monobactam,antibiotic inactivation
ARO:3006852,PDC beta-lactamase,carbapenem;cephalosporin;monobactam,antibiotic inactivation
ARO:3003670,subclass B3 PEDO beta-lactamase,carbapenem,antibiotic inactivation
ARO:3003714,subclass B3 PEDO beta-lactamase,carbapenem,antibiotic inactivation
ARO:3003715,subclass B1 PEDO beta-lactamase,carbapenem,antibiotic inactivation
ARO:3008997,PEN-A beta-lactamase,penicillin beta-lactam,antibiotic inactivation
ARO:3008988,PEN-A beta-lactamase,penicillin beta-lactam,antibiotic inactivation
ARO:3008989,PEN-A beta-lactamase,penicillin beta-lactam,antibiotic inactivation
ARO:3008990,PEN-A beta-lactamase,penicillin beta-lactam,antibiotic inactivation
ARO:3008991,PEN-A beta-lactamase,penicillin beta-lactam,antibiotic inactivation
ARO:3008992,PEN-A beta-lactamase,penicillin beta-lactam,antibiotic inactivation
ARO:3008993,PEN-A beta-lactamase,penicillin beta-lactam,antibiotic inactivation
ARO:3008994,PEN-A beta-lactamase,penicillin beta-lactam,antibiotic inactivation
ARO:3008995,PEN-A beta-lactamase,penicillin beta-lactam,antibiotic inactivation
ARO:3008996,PEN-A beta-lactamase,penicillin beta-lactam,antibiotic inactivation
ARO:3009008,PEN-A beta-lactamase,penicillin beta-lactam,antibiotic inactivation
ARO:3008998,PEN-A beta-lactamase,penicillin beta-lactam,antibiotic inactivation
ARO:3008999,PEN-A beta-lactamase,penicillin beta-lactam,antibiotic inactivation
ARO:3009000,PEN-A beta-lactamase,penicillin beta-lactam,antibiotic inactivation
ARO:3009001,PEN-A beta-lactamase,penicillin beta-lactam,antibiotic inactivation
ARO:3009002,PEN-A beta-lactamase,penicillin beta-lactam,antibiotic inactivation
ARO:3009003,PEN-A beta-lactamase,penicillin beta-lactam,antibiotic inactivation
ARO:3009004,PEN-A beta-lactamase,penicillin beta-lactam,antibiotic inactivation
ARO:3009005,PEN-A beta-lactamase,penicillin beta-lactam,antibiotic inactivation
ARO:3009006,PEN-A beta-lactamase,penicillin beta-lactam,antibiotic inactivation
ARO:3009007,PEN-A beta-lactamase,penicillin beta-lactam,antibiotic inactivation
ARO:3009017,PEN-A beta-lactamase,penicillin beta-lactam,antibiotic inactivation
ARO:3009009,PEN-A beta-lactamase,penicillin beta-lactam,antibiotic inactivation
ARO:3009010,PEN-A beta-lactamase,penicillin beta-lactam,antibiotic inactivation
ARO:3009011,PEN-A beta-lactamase,penicillin beta-lactam,antibiotic inactivation
ARO:3009012,PEN-A beta-lactamase,penicillin beta-lactam,antibiotic inactivation
ARO:3009013,PEN-A beta-lactamase,penicillin beta-lactam,antibiotic inactivation
ARO:3009014,PEN-A beta-lactamase,penicillin beta-lactam,antibiotic inactivation
ARO:3009015,PEN-A beta-lactamase,penicillin beta-lactam,antibiotic inactivation
ARO:3009016,PEN-A beta-lactamase,penicillin beta-lactam,antibiotic inactivation
ARO:3009018,PEN-A beta-lactamase,penicillin beta-lactam,antibiotic inactivation
ARO:3009019,PEN-A beta-lactamase,penicillin beta-lactam,antibiotic inactivation
ARO:3009020,PEN-A beta-lactamase,penicillin beta-lactam,antibiotic inactivation
ARO:3009021,PEN-A beta-lactamase,penicillin beta-lactam,antibiotic inactivation
ARO:3009022,PEN-A beta-lactamase,penicillin beta-lactam,antibiotic inactivation
ARO:3009023,PEN-B beta-lactamase,penicillin beta-lactam,antibiotic inactivation
ARO:3009024,PEN-B beta-lactamase,penicillin beta-lactam,antibiotic inactivation
ARO:3009025,PEN-B beta-lactamase,penicillin beta-lactam,antibiotic inactivation
ARO:3009026,PEN-B beta-lactamase,penicillin beta-lactam,antibiotic inactivation
ARO:3002363,PER beta-lactamase,carbapenem;cephalosporin;monobactam;penicillin beta-lactam,antibiotic inactivation
ARO:3006131,PER beta-lactamase,carbapenem;cephalosporin;monobactam;penicillin beta-lactam,antibiotic inactivation
ARO:3006132,PER beta-lactamase,carbapenem;cephalosporin;monobactam;penicillin beta-lactam,antibiotic inactivation
ARO:3006133,PER beta-lactamase,carbapenem;cephalosporin;monobactam;penicillin beta-lactam,antibiotic inactivation
ARO:3006134,PER beta-lactamase,carbapenem;cephalosporin;monobactam;penicillin beta-lactam,antibiotic inactivation
ARO:3006135,PER beta-lactamase,carbapenem;cephalosporin;monobactam;penicillin beta-lactam,antibiotic inactivation
ARO:3006136,PER beta-lactamase,carbapenem;cephalosporin;monobactam;penicillin beta-lactam,antibiotic inactivation
ARO:3006137,PER beta-lactamase,carbapenem;cephalosporin;monobactam;penicillin beta-lactam,antibiotic inactivation
ARO:3009027,PER beta-lactamase,carbapenem;cephalosporin;monobactam;penicillin beta-lactam,antibiotic inactivation
ARO:3009028,PER beta-lactamase,carbapenem;cephalosporin;monobactam;penicillin beta-lactam,antibiotic inactivation
ARO:3002364,PER beta-lactamase,carbapenem;cephalosporin;monobactam;penicillin beta-lactam,antibiotic inactivation
ARO:3002365,PER beta-lactamase,carbapenem;cephalosporin;monobactam;penicillin beta-lactam,antibiotic inactivation
ARO:3002366,PER beta-lactamase,carbapenem;cephalosporin;monobactam;penicillin beta-lactam,antibiotic inactivation
ARO:3002367,PER beta-lactamase,carbapenem;cephalosporin;monobactam;penicillin beta-lactam,antibiotic inactivation
ARO:3002368,PER beta-lactamase,carbapenem;cephalosporin;monobactam;penicillin beta-lactam,antibiotic inactivation
ARO:3002369,PER beta-lactamase,carbapenem;cephalosporin;monobactam;penicillin beta-lactam,antibiotic inactivation
ARO:3003184,PER beta-lactamase,carbapenem;cephalosporin;monobactam;penicillin beta-lactam,antibiotic inactivation
ARO:3006138,PER beta-lactamase,carbapenem;cephalosporin;monobactam;penicillin beta-lactam,antibiotic inactivation
ARO:3004666,major facilitator superfamily (MFS) antibiotic efflux pump,phenicol antibiotic,antibiotic efflux
ARO:3006965,PFM beta-lactamase,carbapenem,antibiotic inactivation
ARO:3006966,PFM beta-lactamase,carbapenem,antibiotic inactivation
ARO:3006967,PFM beta-lactamase,carbapenem,antibiotic inactivation
ARO:3007021,PFM beta-lactamase,carbapenem,antibiotic inactivation
ARO:3003920,lipid A phosphatase,peptide antibiotic,antibiotic target alteration
ARO:3007374,PJM beta-lactamase,carbapenem;cephalosporin;penicillin beta-lactam,antibiotic inactivation
ARO:3009029,PJM beta-lactamase,carbapenem;cephalosporin;penicillin beta-lactam,antibiotic inactivation
ARO:3006968,PLA beta-lactamase,carbapenem;cephalosporin,antibiotic inactivation
ARO:3006969,PLA beta-lactamase,carbapenem;cephalosporin,antibiotic inactivation
ARO:3006970,PLA beta-lactamase,carbapenem;cephalosporin,antibiotic inactivation
ARO:3009030,PLA beta-lactamase,carbapenem;cephalosporin,antibiotic inactivation
ARO:3009031,PLA beta-lactamase,carbapenem;cephalosporin,antibiotic inactivation
ARO:3006971,PLA beta-lactamase,carbapenem;cephalosporin,antibiotic inactivation
ARO:3003361,elfamycin resistant EF-Tu,elfamycin antibiotic,antibiotic target alteration
ARO:3002689,chloramphenicol acetyltransferase (CAT),phenicol antibiotic,antibiotic inactivation
ARO:3006972,PLN beta-lactamase,carbapenem,antibiotic inactivation
ARO:3006973,PME beta-lactamase,carbapenem,antibiotic inactivation
ARO:3004077,multidrug and toxic compound extrusion (MATE) transporter,aminoglycoside antibiotic;disinfecting agents and antiseptics;fluoroquinolone antibiotic,antibiotic efflux
ARO:3000822,major facilitator superfamily (MFS) antibiotic efflux pump,fluoroquinolone antibiotic,antibiotic efflux
ARO:3003578,pmr phosphoethanolamine transferase,peptide antibiotic,antibiotic target alteration
ARO:3009032,PNC beta-lactamase,cephalosporin,antibiotic inactivation
ARO:3009033,PNC beta-lactamase,cephalosporin,antibiotic inactivation
ARO:3009034,PNC beta-lactamase,cephalosporin,antibiotic inactivation
ARO:3004571,PNGM beta-lactamase,carbapenem;cephalosporin;penicillin beta-lactam,antibiotic inactivation
ARO:3006974,POM beta-lactamase,carbapenem,antibiotic inactivation
ARO:3006975,POM beta-lactamase,carbapenem,antibiotic inactivation
ARO:3004114,General Bacterial Porin with reduced permeability to beta-lactams,carbapenem;cephalosporin;monobactam;penicillin beta-lactam,reduced permeability to antibiotic
ARO:3004470,Miscellaneous ABC-F subfamily ATP-binding cassette ribosomal protection proteins,oxazolidinone antibiotic;phenicol antibiotic;tetracycline antibiotic,antibiotic target protection
ARO:3002812,major facilitator superfamily (MFS) antibiotic efflux pump,phenicol antibiotic,antibiotic efflux
ARO:3007085,PRC beta-lactamase,cephalosporin;penicillin beta-lactam,antibiotic inactivation
ARO:3004161,23S rRNA with mutation conferring resistance to macrolide antibiotics,glycopeptide antibiotic;lincosamide antibiotic;macrolide antibiotic;phenicol antibiotic;pleuromutilin antibiotic;streptogramin A antibiotic;streptogramin B antibiotic;streptogramin antibiotic,antibiotic target alteration
ARO:3007491,PDC beta-lactamase;ampR transcriptional regulator with mutation conferring resistance to monobactam antibiotics,carbapenem;cephalosporin;monobactam,antibiotic inactivation;antibiotic target alteration
ARO:3002678,chloramphenicol acetyltransferase (CAT),phenicol antibiotic,antibiotic inactivation
ARO:3002679,chloramphenicol acetyltransferase (CAT),phenicol antibiotic,antibiotic inactivation
ARO:3004054,resistance-nodulation-cell division (RND) antibiotic efflux pump,aminocoumarin antibiotic;aminoglycoside antibiotic;carbapenem;cephalosporin;diaminopyrimidine antibiotic;fluoroquinolone antibiotic;macrolide antibiotic;monobactam;penicillin beta-lactam;peptide antibiotic;phenicol antibiotic;sulfonamide antibiotic;tetracycline antibiotic,antibiotic efflux
ARO:3004038,small multidrug resistance (SMR) antibiotic efflux pump,aminoglycoside antibiotic,antibiotic efflux
ARO:3003702,fluoroquinolone resistant parC,fluoroquinolone antibiotic,antibiotic target alteration
ARO:3003684,fluoroquinolone resistant gyrA,fluoroquinolone antibiotic;nybomycin-like antibiotic,antibiotic target alteration
ARO:3003686,Outer Membrane Porin (Opr),carbapenem;cephalosporin;monobactam;penicillin beta-lactam,reduced permeability to antibiotic
ARO:3003685,fluoroquinolone resistant parE,fluoroquinolone antibiotic,antibiotic target alteration
ARO:3004107,ATP-binding cassette (ABC) antibiotic efflux pump;major facilitator superfamily (MFS) antibiotic efflux pump;resistance-nodulation-cell division (RND) antibiotic efflux pump,cephalosporin;disinfecting agents and antiseptics;fluoroquinolone antibiotic;glycylcycline;penicillin beta-lactam;phenicol antibiotic;rifamycin antibiotic;tetracycline antibiotic,antibiotic efflux;antibiotic target alteration
ARO:3003895,ATP-binding cassette (ABC) antibiotic efflux pump;pmr phosphoethanolamine transferase;transmembrane protein conferring colistin resistance,macrolide antibiotic;peptide antibiotic,antibiotic efflux;antibiotic target alteration;resistance by absence
ARO:3003896,ATP-binding cassette (ABC) antibiotic efflux pump;pmr phosphoethanolamine transferase;transmembrane protein conferring colistin resistance,macrolide antibiotic;peptide antibiotic,antibiotic efflux;antibiotic target alteration;resistance by absence
ARO:3006976,PST beta-lactamase,carbapenem,antibiotic inactivation
ARO:3006977,PST beta-lactamase,carbapenem,antibiotic inactivation
ARO:3006978,PSV beta-lactamase,carbapenem;cephalosporin,antibiotic inactivation
ARO:3007648,PSZ beta-lactamase,cephalosporin;penicillin beta-lactam,antibiotic inactivation
ARO:3007659,metal transporters with antibiotic efflux,aminoglycoside antibiotic;fluoroquinolone antibiotic;isoniazid-like antibiotic,antibiotic efflux
ARO:3003688,phenotypic variant regulator,aminoglycoside antibiotic;penicillin beta-lactam;tetracycline antibiotic,resistance by absence
ARO:3003046,major facilitator superfamily (MFS) antibiotic efflux pump,fluoroquinolone antibiotic,antibiotic efflux
ARO:3003047,major facilitator superfamily (MFS) antibiotic efflux pump,fluoroquinolone antibiotic,antibiotic efflux
ARO:3005009,major facilitator superfamily (MFS) antibiotic efflux pump,disinfecting agents and antiseptics,antibiotic efflux
ARO:3005010,major facilitator superfamily (MFS) antibiotic efflux pump,disinfecting agents and antiseptics,antibiotic efflux
ARO:3007015,small multidrug resistance (SMR) antibiotic efflux pump,disinfecting agents and antiseptics,antibiotic efflux
ARO:3003836,small multidrug resistance (SMR) antibiotic efflux pump,disinfecting agents and antiseptics,antibiotic efflux
ARO:3007014,small multidrug resistance (SMR) antibiotic efflux pump,disinfecting agents and antiseptics,antibiotic efflux
ARO:3005098,small multidrug resistance (SMR) antibiotic efflux pump,disinfecting agents and antiseptics,antibiotic efflux
ARO:3000448,major facilitator superfamily (MFS) antibiotic efflux pump,fluoroquinolone antibiotic,antibiotic efflux
ARO:3004103,major facilitator superfamily (MFS) antibiotic efflux pump,fluoroquinolone antibiotic,antibiotic efflux
ARO:3004378,major facilitator superfamily (MFS) antibiotic efflux pump,fluoroquinolone antibiotic,antibiotic efflux
ARO:3004379,major facilitator superfamily (MFS) antibiotic efflux pump,fluoroquinolone antibiotic,antibiotic efflux
ARO:3002707,quinolone resistance protein (qnr),fluoroquinolone antibiotic,antibiotic target protection
ARO:3002708,quinolone resistance protein (qnr),fluoroquinolone antibiotic,antibiotic target protection
ARO:3002709,quinolone resistance protein (qnr),fluoroquinolone antibiotic,antibiotic target protection
ARO:3002710,quinolone resistance protein (qnr),fluoroquinolone antibiotic,antibiotic target protection
ARO:3002711,quinolone resistance protein (qnr),fluoroquinolone antibiotic,antibiotic target protection
ARO:3002712,quinolone resistance protein (qnr),fluoroquinolone antibiotic,antibiotic target protection
ARO:3002713,quinolone resistance protein (qnr),fluoroquinolone antibiotic,antibiotic target protection
ARO:3004668,quinolone resistance protein (qnr),fluoroquinolone antibiotic,antibiotic target protection
ARO:3002714,quinolone resistance protein (qnr),fluoroquinolone antibiotic,antibiotic target protection
ARO:3002724,quinolone resistance protein (qnr),fluoroquinolone antibiotic,antibiotic target protection
ARO:3002725,quinolone resistance protein (qnr),fluoroquinolone antibiotic,antibiotic target protection
ARO:3002726,quinolone resistance protein (qnr),fluoroquinolone antibiotic,antibiotic target protection
ARO:3002727,quinolone resistance protein (qnr),fluoroquinolone antibiotic,antibiotic target protection
ARO:3002728,quinolone resistance protein (qnr),fluoroquinolone antibiotic,antibiotic target protection
ARO:3002730,quinolone resistance protein (qnr),fluoroquinolone antibiotic,antibiotic target protection
ARO:3002731,quinolone resistance protein (qnr),fluoroquinolone antibiotic,antibiotic target protection
ARO:3002732,quinolone resistance protein (qnr),fluoroquinolone antibiotic,antibiotic target protection
ARO:3002733,quinolone resistance protein (qnr),fluoroquinolone antibiotic,antibiotic target protection
ARO:3002734,quinolone resistance protein (qnr),fluoroquinolone antibiotic,antibiotic target protection
ARO:3002715,quinolone resistance protein (qnr),fluoroquinolone antibiotic,antibiotic target protection
ARO:3002735,quinolone resistance protein (qnr),fluoroquinolone antibiotic,antibiotic target protection
ARO:3002736,quinolone resistance protein (qnr),fluoroquinolone antibiotic,antibiotic target protection
ARO:3002737,quinolone resistance protein (qnr),fluoroquinolone antibiotic,antibiotic target protection
ARO:3002738,quinolone resistance protein (qnr),fluoroquinolone antibiotic,antibiotic target protection
ARO:3002739,quinolone resistance protein (qnr),fluoroquinolone antibiotic,antibiotic target protection
ARO:3002740,quinolone resistance protein (qnr),fluoroquinolone antibiotic,antibiotic target protection
ARO:3002741,quinolone resistance protein (qnr),fluoroquinolone antibiotic,antibiotic target protection
ARO:3002742,quinolone resistance protein (qnr),fluoroquinolone antibiotic,antibiotic target protection
ARO:3002743,quinolone resistance protein (qnr),fluoroquinolone antibiotic,antibiotic target protection
ARO:3002744,quinolone resistance protein (qnr),fluoroquinolone antibiotic,antibiotic target protection
ARO:3002716,quinolone resistance protein (qnr),fluoroquinolone antibiotic,antibiotic target protection
ARO:3002745,quinolone resistance protein (qnr),fluoroquinolone antibiotic,antibiotic target protection
ARO:3002746,quinolone resistance protein (qnr),fluoroquinolone antibiotic,antibiotic target protection
ARO:3002747,quinolone resistance protein (qnr),fluoroquinolone antibiotic,antibiotic target protection
ARO:3002748,quinolone resistance protein (qnr),fluoroquinolone antibiotic,antibiotic target protection
ARO:3002749,quinolone resistance protein (qnr),fluoroquinolone antibiotic,antibiotic target protection
ARO:3002750,quinolone resistance protein (qnr),fluoroquinolone antibiotic,antibiotic target protection
ARO:3002751,quinolone resistance protein (qnr),fluoroquinolone antibiotic,antibiotic target protection
ARO:3002752,quinolone resistance protein (qnr),fluoroquinolone antibiotic,antibiotic target protection
ARO:3002753,quinolone resistance protein (qnr),fluoroquinolone antibiotic,antibiotic target protection
ARO:3002754,quinolone resistance protein (qnr),fluoroquinolone antibiotic,antibiotic target protection
ARO:3002718,quinolone resistance protein (qnr),fluoroquinolone antibiotic,antibiotic target protection
ARO:3002755,quinolone resistance protein (qnr),fluoroquinolone antibiotic,antibiotic target protection
ARO:3002756,quinolone resistance protein (qnr),fluoroquinolone antibiotic,antibiotic target protection
ARO:3002757,quinolone resistance protein (qnr),fluoroquinolone antibiotic,antibiotic target protection
ARO:3002758,quinolone resistance protein (qnr),fluoroquinolone antibiotic,antibiotic target protection
ARO:3002759,quinolone resistance protein (qnr),fluoroquinolone antibiotic,antibiotic target protection
ARO:3002760,quinolone resistance protein (qnr),fluoroquinolone antibiotic,antibiotic target protection
ARO:3002761,quinolone resistance protein (qnr),fluoroquinolone antibiotic,antibiotic target protection
ARO:3002762,quinolone resistance protein (qnr),fluoroquinolone antibiotic,antibiotic target protection
ARO:3002763,quinolone resistance protein (qnr),fluoroquinolone antibiotic,antibiotic target protection
ARO:3002764,quinolone resistance protein (qnr),fluoroquinolone antibiotic,antibiotic target protection
ARO:3002719,quinolone resistance protein (qnr),fluoroquinolone antibiotic,antibiotic target protection
ARO:3002765,quinolone resistance protein (qnr),fluoroquinolone antibiotic,antibiotic target protection
ARO:3002767,quinolone resistance protein (qnr),fluoroquinolone antibiotic,antibiotic target protection
ARO:3002768,quinolone resistance protein (qnr),fluoroquinolone antibiotic,antibiotic target protection
ARO:3002769,quinolone resistance protein (qnr),fluoroquinolone antibiotic,antibiotic target protection
ARO:3002770,quinolone resistance protein (qnr),fluoroquinolone antibiotic,antibiotic target protection
ARO:3002771,quinolone resistance protein (qnr),fluoroquinolone antibiotic,antibiotic target protection
ARO:3002772,quinolone resistance protein (qnr),fluoroquinolone antibiotic,antibiotic target protection
ARO:3002720,quinolone resistance protein (qnr),fluoroquinolone antibiotic,antibiotic target protection
ARO:3002773,quinolone resistance protein (qnr),fluoroquinolone antibiotic,antibiotic target protection
ARO:3002774,quinolone resistance protein (qnr),fluoroquinolone antibiotic,antibiotic target protection
ARO:3002775,quinolone resistance protein (qnr),fluoroquinolone antibiotic,antibiotic target protection
ARO:3002776,quinolone resistance protein (qnr),fluoroquinolone antibiotic,antibiotic target protection
ARO:3002777,quinolone resistance protein (qnr),fluoroquinolone antibiotic,antibiotic target protection
ARO:3002778,quinolone resistance protein (qnr),fluoroquinolone antibiotic,antibiotic target protection
ARO:3002779,quinolone resistance protein (qnr),fluoroquinolone antibiotic,antibiotic target protection
ARO:3002780,quinolone resistance protein (qnr),fluoroquinolone antibiotic,antibiotic target protection
ARO:3002781,quinolone resistance protein (qnr),fluoroquinolone antibiotic,antibiotic target protection
ARO:3002721,quinolone resistance protein (qnr),fluoroquinolone antibiotic,antibiotic target protection
ARO:3002782,quinolone resistance protein (qnr),fluoroquinolone antibiotic,antibiotic target protection
ARO:3002783,quinolone resistance protein (qnr),fluoroquinolone antibiotic,antibiotic target protection
ARO:3002784,quinolone resistance protein (qnr),fluoroquinolone antibiotic,antibiotic target protection
ARO:3002785,quinolone resistance protein (qnr),fluoroquinolone antibiotic,antibiotic target protection
ARO:3002786,quinolone resistance protein (qnr),fluoroquinolone antibiotic,antibiotic target protection
ARO:3003187,quinolone resistance protein (qnr),fluoroquinolone antibiotic,antibiotic target protection
ARO:3003188,quinolone resistance protein (qnr),fluoroquinolone antibiotic,antibiotic target protection
ARO:3003189,quinolone resistance protein (qnr),fluoroquinolone antibiotic,antibiotic target protection
ARO:3003190,quinolone resistance protein (qnr),fluoroquinolone antibiotic,antibiotic target protection
ARO:3002722,quinolone resistance protein (qnr),fluoroquinolone antibiotic,antibiotic target protection
ARO:3003192,quinolone resistance protein (qnr),fluoroquinolone antibiotic,antibiotic target protection
ARO:3002723,quinolone resistance protein (qnr),fluoroquinolone antibiotic,antibiotic target protection
ARO:3002787,quinolone resistance protein (qnr),fluoroquinolone antibiotic,antibiotic target protection
ARO:3002788,quinolone resistance protein (qnr),fluoroquinolone antibiotic,antibiotic target protection
ARO:3002789,quinolone resistance protein (qnr),fluoroquinolone antibiotic,antibiotic target protection
ARO:3004636,quinolone resistance protein (qnr),fluoroquinolone antibiotic,antibiotic target protection
ARO:3004637,quinolone resistance protein (qnr),fluoroquinolone antibiotic,antibiotic target protection
ARO:3002790,quinolone resistance protein (qnr),fluoroquinolone antibiotic,antibiotic target protection
ARO:3004622,quinolone resistance protein (qnr),fluoroquinolone antibiotic,antibiotic target protection
ARO:3004624,quinolone resistance protein (qnr),fluoroquinolone antibiotic,antibiotic target protection
ARO:3004625,quinolone resistance protein (qnr),fluoroquinolone antibiotic,antibiotic target protection
ARO:3004627,quinolone resistance protein (qnr),fluoroquinolone antibiotic,antibiotic target protection
ARO:3002791,quinolone resistance protein (qnr),fluoroquinolone antibiotic,antibiotic target protection
ARO:3002792,quinolone resistance protein (qnr),fluoroquinolone antibiotic,antibiotic target protection
ARO:3002793,quinolone resistance protein (qnr),fluoroquinolone antibiotic,antibiotic target protection
ARO:3002794,quinolone resistance protein (qnr),fluoroquinolone antibiotic,antibiotic target protection
ARO:3002795,quinolone resistance protein (qnr),fluoroquinolone antibiotic,antibiotic target protection
ARO:3002796,quinolone resistance protein (qnr),fluoroquinolone antibiotic,antibiotic target protection
ARO:3002797,quinolone resistance protein (qnr),fluoroquinolone antibiotic,antibiotic target protection
ARO:3002798,quinolone resistance protein (qnr),fluoroquinolone antibiotic,antibiotic target protection
ARO:3002799,quinolone resistance protein (qnr),fluoroquinolone antibiotic,antibiotic target protection
ARO:3002800,quinolone resistance protein (qnr),fluoroquinolone antibiotic,antibiotic target protection
ARO:3002801,quinolone resistance protein (qnr),fluoroquinolone antibiotic,antibiotic target protection
ARO:3002802,quinolone resistance protein (qnr),fluoroquinolone antibiotic,antibiotic target protection
ARO:3002803,quinolone resistance protein (qnr),fluoroquinolone antibiotic,antibiotic target protection
ARO:3003193,quinolone resistance protein (qnr),fluoroquinolone antibiotic,antibiotic target protection
ARO:3003565,R39 beta-lactamase,penicillin beta-lactam,antibiotic inactivation
ARO:3009035,RAA beta-lactamase,cephalosporin,antibiotic inactivation
ARO:3007483,RAD beta-lactamase,carbapenem;cephalosporin,antibiotic inactivation
ARO:3006979,RAHN beta-lactamase,cephalosporin,antibiotic inactivation
ARO:3006980,RAHN beta-lactamase,cephalosporin,antibiotic inactivation
ARO:3009036,RAHN beta-lactamase,cephalosporin,antibiotic inactivation
ARO:3009037,RAHN beta-lactamase,cephalosporin,antibiotic inactivation
ARO:3009038,RAHN beta-lactamase,cephalosporin,antibiotic inactivation
ARO:3009039,RAHN beta-lactamase,cephalosporin,antibiotic inactivation
ARO:3000823,General Bacterial Porin with reduced permeability to beta-lactams;resistance-nodulation-cell division (RND) antibiotic efflux pump,carbapenem;cephalosporin;disinfecting agents and antiseptics;fluoroquinolone antibiotic;glycylcycline;monobactam;penicillin beta-lactam;phenicol antibiotic;rifamycin antibiotic;tetracycline antibiotic,antibiotic efflux;reduced permeability to antibiotic
ARO:3005091,ATP-binding cassette (ABC) antibiotic efflux pump,aminoglycoside antibiotic,antibiotic efflux
ARO:3005090,ATP-binding cassette (ABC) antibiotic efflux pump,aminoglycoside antibiotic,antibiotic efflux
ARO:3009040,RASA beta-lactamase,cephalosporin,antibiotic inactivation
ARO:3007801,RATA beta-lactamase,carbapenem,antibiotic inactivation
ARO:3007802,RATA beta-lactamase,carbapenem,antibiotic inactivation
ARO:3000245,RbpA bacterial RNA polymerase-binding protein,rifamycin antibiotic,antibiotic target protection
ARO:3003563,RCP beta-lactamase,penicillin beta-lactam,antibiotic inactivation
ARO:3002883,rifampin glycosyltransferase,rifamycin antibiotic,antibiotic inactivation
ARO:3004291,ampC-type beta-lactamase,cephalosporin;penicillin beta-lactam,antibiotic inactivation
ARO:3002701,major facilitator superfamily (MFS) antibiotic efflux pump,phenicol antibiotic,antibiotic efflux
ARO:3001301,non-erm 23S ribosomal RNA methyltransferase (G748),lincosamide antibiotic;macrolide antibiotic,antibiotic target alteration
ARO:3003894,Rm3 family beta-lactamase,carbapenem;cephalosporin;penicillin beta-lactam,antibiotic inactivation
ARO:3000859,16S rRNA methyltransferase (G1405),aminoglycoside antibiotic,antibiotic target alteration
ARO:3000860,16S rRNA methyltransferase (G1405),aminoglycoside antibiotic,antibiotic target alteration
ARO:3000861,16S rRNA methyltransferase (G1405),aminoglycoside antibiotic,antibiotic target alteration
ARO:3002667,16S rRNA methyltransferase (G1405),aminoglycoside antibiotic,antibiotic target alteration
ARO:3004677,16S rRNA methyltransferase (G1405),aminoglycoside antibiotic,antibiotic target alteration
ARO:3004678,16S rRNA methyltransferase (G1405),aminoglycoside antibiotic,antibiotic target alteration
ARO:3004679,16S rRNA methyltransferase (G1405),aminoglycoside antibiotic,antibiotic target alteration
ARO:3002666,16S rRNA methyltransferase (G1405),aminoglycoside antibiotic,antibiotic target alteration
ARO:3002668,16S rRNA methyltransferase (G1405),aminoglycoside antibiotic,antibiotic target alteration
ARO:3003198,16S rRNA methyltransferase (G1405),aminoglycoside antibiotic,antibiotic target alteration
ARO:3002995,ROB beta-lactamase,cephalosporin;penicillin beta-lactam,antibiotic inactivation
ARO:3005080,ROB beta-lactamase,cephalosporin;penicillin beta-lactam,antibiotic inactivation
ARO:3007125,ROB beta-lactamase,cephalosporin;penicillin beta-lactam,antibiotic inactivation
ARO:3007126,ROB beta-lactamase,cephalosporin;penicillin beta-lactam,antibiotic inactivation
ARO:3005072,ROB beta-lactamase,cephalosporin;penicillin beta-lactam,antibiotic inactivation
ARO:3005079,ROB beta-lactamase,cephalosporin;penicillin beta-lactam,antibiotic inactivation
ARO:3005073,ROB beta-lactamase,cephalosporin;penicillin beta-lactam,antibiotic inactivation
ARO:3005074,ROB beta-lactamase,cephalosporin;penicillin beta-lactam,antibiotic inactivation
ARO:3005075,ROB beta-lactamase,cephalosporin;penicillin beta-lactam,antibiotic inactivation
ARO:3005076,ROB beta-lactamase,cephalosporin;penicillin beta-lactam,antibiotic inactivation
ARO:3005077,ROB beta-lactamase,cephalosporin;penicillin beta-lactam,antibiotic inactivation
ARO:3005078,ROB beta-lactamase,cephalosporin;penicillin beta-lactam,antibiotic inactivation
ARO:3003048,major facilitator superfamily (MFS) antibiotic efflux pump,peptide antibiotic,antibiotic efflux
ARO:3003049,major facilitator superfamily (MFS) antibiotic efflux pump,peptide antibiotic,antibiotic efflux
ARO:3000444,rifampin phosphotransferase,rifamycin antibiotic,antibiotic inactivation
ARO:3003992,rifampin phosphotransferase,rifamycin antibiotic,antibiotic inactivation
ARO:3000501,rifamycin-resistant beta-subunit of RNA polymerase (rpoB),peptide antibiotic;rifamycin antibiotic,antibiotic target alteration;antibiotic target replacement
ARO:3003930,tetracycline-resistant ribosomal protection protein,tetracycline antibiotic,antibiotic target protection
ARO:3004444,RSA beta-lactamase,carbapenem;cephalosporin,antibiotic inactivation
ARO:3006981,RSA2 beta-lactamase,carbapenem,antibiotic inactivation
ARO:3009041,RSC1 beta-lactamase,cephalosporin,antibiotic inactivation
ARO:3009042,RSD1,penicillin beta-lactam,antibiotic inactivation
ARO:3006982,RSD2 beta-lactamase,carbapenem;cephalosporin,antibiotic inactivation
ARO:3006983,RSD2 beta-lactamase,carbapenem;cephalosporin,antibiotic inactivation
ARO:3005069,resistance-nodulation-cell division (RND) antibiotic efflux pump,diaminopyrimidine antibiotic;fluoroquinolone antibiotic;phenicol antibiotic,antibiotic efflux
ARO:3006984,RUB beta-lactamase,cephalosporin,antibiotic inactivation
ARO:3007662,major facilitator superfamily (MFS) antibiotic efflux pump,fluoroquinolone antibiotic,antibiotic efflux
ARO:3003749,sal-type ABC-F protein,lincosamide antibiotic;pleuromutilin antibiotic;streptogramin A antibiotic;streptogramin antibiotic,antibiotic target protection
ARO:3007026,sal-type ABC-F protein,lincosamide antibiotic;pleuromutilin antibiotic;streptogramin A antibiotic;streptogramin antibiotic,antibiotic target protection
ARO:3007027,sal-type ABC-F protein,lincosamide antibiotic;pleuromutilin antibiotic;streptogramin A antibiotic;streptogramin antibiotic,antibiotic target protection
ARO:3007028,sal-type ABC-F protein,lincosamide antibiotic;pleuromutilin antibiotic;streptogramin A antibiotic;streptogramin antibiotic,antibiotic target protection
ARO:3007029,sal-type ABC-F protein,lincosamide antibiotic;pleuromutilin antibiotic;streptogramin A antibiotic;streptogramin antibiotic,antibiotic target protection
ARO:3003512,16s rRNA with mutation conferring resistance to aminoglycoside antibiotics,aminoglycoside antibiotic;glycopeptide antibiotic;glycylcycline;nucleoside antibiotic;peptide antibiotic;tetracycline antibiotic,antibiotic target alteration
ARO:3002691,major facilitator superfamily (MFS) antibiotic efflux pump,phenicol antibiotic,antibiotic efflux
ARO:3003926,fluoroquinolone resistant gyrA,fluoroquinolone antibiotic;nybomycin-like antibiotic,antibiotic target alteration
ARO:3004334,triclosan resistant gyrA,disinfecting agents and antiseptics,antibiotic target alteration
ARO:3003939,fluoroquinolone resistant parC,fluoroquinolone antibiotic,antibiotic target alteration
ARO:3003379,resistance-nodulation-cell division (RND) antibiotic efflux pump,cephalosporin;disinfecting agents and antiseptics;fluoroquinolone antibiotic;glycylcycline;penicillin beta-lactam;phenicol antibiotic;rifamycin antibiotic;tetracycline antibiotic,antibiotic efflux;antibiotic target alteration
ARO:3003382,ATP-binding cassette (ABC) antibiotic efflux pump;major facilitator superfamily (MFS) antibiotic efflux pump;resistance-nodulation-cell division (RND) antibiotic efflux pump,cephalosporin;disinfecting agents and antiseptics;fluoroquinolone antibiotic;glycylcycline;penicillin beta-lactam;phenicol antibiotic;rifamycin antibiotic;tetracycline antibiotic,antibiotic efflux;antibiotic target alteration
ARO:3007749,sulfonamide resistant dihydropteroate synthase folP,sulfonamide antibiotic;sulfone antibiotic,antibiotic target alteration
ARO:3007751,fluoroquinolone resistant gyrA,fluoroquinolone antibiotic;nybomycin-like antibiotic,antibiotic target alteration
ARO:3007752,fluoroquinolone resistant gyrB,aminocoumarin antibiotic;fluoroquinolone antibiotic,antibiotic target alteration
ARO:3003307,fluoroquinolone resistant gyrB,aminocoumarin antibiotic;fluoroquinolone antibiotic,antibiotic target alteration
ARO:3003317,fluoroquinolone resistant parE,fluoroquinolone antibiotic,antibiotic target alteration
ARO:3003383,ATP-binding cassette (ABC) antibiotic efflux pump;General Bacterial Porin with reduced permeability to beta-lactams;major facilitator superfamily (MFS) antibiotic efflux pump;resistance-nodulation-cell division (RND) antibiotic efflux pump,carbapenem;cephalosporin;disinfecting agents and antiseptics;fluoroquinolone antibiotic;glycylcycline;monobactam;penicillin beta-lactam;phenicol antibiotic;rifamycin antibiotic;tetracycline antibiotic,antibiotic efflux;antibiotic target alteration;reduced permeability to antibiotic
ARO:3002895,streptothricin acetyltransferase (SAT),nucleoside antibiotic,antibiotic inactivation
ARO:3002898,streptothricin acetyltransferase (SAT),nucleoside antibiotic,antibiotic inactivation
ARO:3002897,streptothricin acetyltransferase (SAT),nucleoside antibiotic,antibiotic inactivation
ARO:3005045,streptothricin acetyltransferase (SAT),nucleoside antibiotic,antibiotic inactivation
ARO:3000489,ATP-binding cassette (ABC) antibiotic efflux pump,disinfecting agents and antiseptics,antibiotic efflux
ARO:3004856,SCO beta-lactamase,cephalosporin;penicillin beta-lactam,antibiotic inactivation
ARO:3000826,resistance-nodulation-cell division (RND) antibiotic efflux pump,cephalosporin;disinfecting agents and antiseptics;fluoroquinolone antibiotic;glycylcycline;penicillin beta-lactam;phenicol antibiotic;rifamycin antibiotic;tetracycline antibiotic,antibiotic efflux
ARO:3007013,major facilitator superfamily (MFS) antibiotic efflux pump,disinfecting agents and antiseptics;fluoroquinolone antibiotic,antibiotic efflux
ARO:3003561,SED beta-lactamase,cephalosporin;penicillin beta-lactam,antibiotic inactivation
ARO:3009044,SED beta-lactamase,penicillin beta-lactam,antibiotic inactivation
ARO:3007012,small multidrug resistance (SMR) antibiotic efflux pump,disinfecting agents and antiseptics,antibiotic efflux
ARO:3004128,General Bacterial Porin with reduced permeability to beta-lactams,carbapenem;cephalosporin;fluoroquinolone antibiotic;monobactam;penicillin beta-lactam;phenicol antibiotic;tetracycline antibiotic,reduced permeability to antibiotic;resistance by absence
ARO:3003557,SHW beta-lactamase,cephalosporin;penicillin beta-lactam,antibiotic inactivation
ARO:3006985,SFC beta-lactamase,carbapenem,antibiotic inactivation
ARO:3009045,SFC beta-lactamase,carbapenem,antibiotic inactivation
ARO:3009046,SFDC beta-lactamase,cephalosporin,antibiotic inactivation
ARO:3000849,SFH beta-lactamase,carbapenem,antibiotic inactivation
ARO:3006986,SFO beta-lactamase,carbapenem,antibiotic inactivation
ARO:3000862,16S rRNA methyltransferase (G1405),aminoglycoside antibiotic,antibiotic target alteration
ARO:3006987,SGM beta-lactamase,carbapenem,antibiotic inactivation
ARO:3006988,SGM beta-lactamase,carbapenem,antibiotic inactivation
ARO:3006989,SGM beta-lactamase,carbapenem,antibiotic inactivation
ARO:3006990,SGM beta-lactamase,carbapenem,antibiotic inactivation
ARO:3006991,SGM beta-lactamase,carbapenem,antibiotic inactivation
ARO:3006992,SGM beta-lactamase,carbapenem,antibiotic inactivation
ARO:3006993,SGM beta-lactamase,carbapenem,antibiotic inactivation
ARO:3007017,SHD beta-lactamase,carbapenem;cephalosporin,antibiotic inactivation
ARO:3007509,resistance-nodulation-cell division (RND) antibiotic efflux pump,cephalosporin;disinfecting agents and antiseptics;fluoroquinolone antibiotic;glycylcycline;penicillin beta-lactam;phenicol antibiotic;rifamycin antibiotic;tetracycline antibiotic,antibiotic efflux
ARO:3003940,fluoroquinolone resistant gyrA,fluoroquinolone antibiotic;nybomycin-like antibiotic,antibiotic target alteration
ARO:3003941,fluoroquinolone resistant parC,fluoroquinolone antibiotic,antibiotic target alteration
ARO:3006994,SHN beta-lactamase,carbapenem,antibiotic inactivation
ARO:3001059,SHV beta-lactamase,cephalosporin;penicillin beta-lactam,antibiotic inactivation
ARO:3001338,SHV beta-lactamase,cephalosporin;penicillin beta-lactam,antibiotic inactivation
ARO:3001150,SHV beta-lactamase,cephalosporin;penicillin beta-lactam,antibiotic inactivation
ARO:3001151,SHV beta-lactamase,cephalosporin;penicillin beta-lactam,antibiotic inactivation
ARO:3001152,SHV beta-lactamase,cephalosporin;penicillin beta-lactam,antibiotic inactivation
ARO:3001153,SHV beta-lactamase,cephalosporin;penicillin beta-lactam,antibiotic inactivation
ARO:3001154,SHV beta-lactamase,cephalosporin;penicillin beta-lactam,antibiotic inactivation
ARO:3001155,SHV beta-lactamase,cephalosporin;penicillin beta-lactam,antibiotic inactivation
ARO:3001156,SHV beta-lactamase,cephalosporin;penicillin beta-lactam,antibiotic inactivation
ARO:3001157,SHV beta-lactamase,cephalosporin;penicillin beta-lactam,antibiotic inactivation
ARO:3001158,SHV beta-lactamase,cephalosporin;penicillin beta-lactam,antibiotic inactivation
ARO:3001070,SHV beta-lactamase,cephalosporin;penicillin beta-lactam,antibiotic inactivation
ARO:3001159,SHV beta-lactamase,cephalosporin;penicillin beta-lactam,antibiotic inactivation
ARO:3001160,SHV beta-lactamase,cephalosporin;penicillin beta-lactam,antibiotic inactivation
ARO:3001161,SHV beta-lactamase,cephalosporin;penicillin beta-lactam,antibiotic inactivation
ARO:3001164,SHV beta-lactamase,cephalosporin;penicillin beta-lactam,antibiotic inactivation
ARO:3001165,SHV beta-lactamase,cephalosporin;penicillin beta-lactam,antibiotic inactivation
ARO:3001340,SHV beta-lactamase,cephalosporin;penicillin beta-lactam,antibiotic inactivation
ARO:3001071,SHV beta-lactamase,cephalosporin;penicillin beta-lactam,antibiotic inactivation
ARO:3001167,SHV beta-lactamase,cephalosporin;penicillin beta-lactam,antibiotic inactivation
ARO:3001168,SHV beta-lactamase,cephalosporin;penicillin beta-lactam,antibiotic inactivation
ARO:3001169,SHV beta-lactamase,cephalosporin;penicillin beta-lactam,antibiotic inactivation
ARO:3001170,SHV beta-lactamase,cephalosporin;penicillin beta-lactam,antibiotic inactivation
ARO:3001171,SHV beta-lactamase,cephalosporin;penicillin beta-lactam,antibiotic inactivation
ARO:3001172,SHV beta-lactamase,cephalosporin;penicillin beta-lactam,antibiotic inactivation
ARO:3001173,SHV beta-lactamase,cephalosporin;penicillin beta-lactam,antibiotic inactivation
ARO:3001174,SHV beta-lactamase,cephalosporin;penicillin beta-lactam,antibiotic inactivation
ARO:3001175,SHV beta-lactamase,cephalosporin;penicillin beta-lactam,antibiotic inactivation
ARO:3001176,SHV beta-lactamase,cephalosporin;penicillin beta-lactam,antibiotic inactivation
ARO:3001072,SHV beta-lactamase,cephalosporin;penicillin beta-lactam,antibiotic inactivation
ARO:3001341,SHV beta-lactamase,cephalosporin;penicillin beta-lactam,antibiotic inactivation
ARO:3001177,SHV beta-lactamase,cephalosporin;penicillin beta-lactam,antibiotic inactivation
ARO:3001178,SHV beta-lactamase,cephalosporin;penicillin beta-lactam,antibiotic inactivation
ARO:3001179,SHV beta-lactamase,cephalosporin;penicillin beta-lactam,antibiotic inactivation
ARO:3001181,SHV beta-lactamase,cephalosporin;penicillin beta-lactam,antibiotic inactivation
ARO:3001073,SHV beta-lactamase,cephalosporin;penicillin beta-lactam,antibiotic inactivation
ARO:3001182,SHV beta-lactamase,cephalosporin;penicillin beta-lactam,antibiotic inactivation
ARO:3001183,SHV beta-lactamase,cephalosporin;penicillin beta-lactam,antibiotic inactivation
ARO:3001184,SHV beta-lactamase,cephalosporin;penicillin beta-lactam,antibiotic inactivation
ARO:3001344,SHV beta-lactamase,cephalosporin;penicillin beta-lactam,antibiotic inactivation
ARO:3001345,SHV beta-lactamase,cephalosporin;penicillin beta-lactam,antibiotic inactivation
ARO:3001185,SHV beta-lactamase,cephalosporin;penicillin beta-lactam,antibiotic inactivation
ARO:3001346,SHV beta-lactamase,cephalosporin;penicillin beta-lactam,antibiotic inactivation
ARO:3001186,SHV beta-lactamase,cephalosporin;penicillin beta-lactam,antibiotic inactivation
ARO:3001187,SHV beta-lactamase,cephalosporin;penicillin beta-lactam,antibiotic inactivation
ARO:3001188,SHV beta-lactamase,cephalosporin;penicillin beta-lactam,antibiotic inactivation
ARO:3001074,SHV beta-lactamase,cephalosporin;penicillin beta-lactam,antibiotic inactivation
ARO:3001189,SHV beta-lactamase,cephalosporin;penicillin beta-lactam,antibiotic inactivation
ARO:3001190,SHV beta-lactamase,cephalosporin;penicillin beta-lactam,antibiotic inactivation
ARO:3001191,SHV beta-lactamase,cephalosporin;penicillin beta-lactam,antibiotic inactivation
ARO:3001192,SHV beta-lactamase,cephalosporin;penicillin beta-lactam,antibiotic inactivation
ARO:3001193,SHV beta-lactamase,cephalosporin;penicillin beta-lactam,antibiotic inactivation
ARO:3001194,SHV beta-lactamase,cephalosporin;penicillin beta-lactam,antibiotic inactivation
ARO:3001195,SHV beta-lactamase,cephalosporin;penicillin beta-lactam,antibiotic inactivation
ARO:3001196,SHV beta-lactamase,cephalosporin;penicillin beta-lactam,antibiotic inactivation
ARO:3001197,SHV beta-lactamase,cephalosporin;penicillin beta-lactam,antibiotic inactivation
ARO:3001198,SHV beta-lactamase,cephalosporin;penicillin beta-lactam,antibiotic inactivation
ARO:3001075,SHV beta-lactamase,cephalosporin;penicillin beta-lactam,antibiotic inactivation
ARO:3001199,SHV beta-lactamase,cephalosporin;penicillin beta-lactam,antibiotic inactivation
ARO:3001200,SHV beta-lactamase,cephalosporin;penicillin beta-lactam,antibiotic inactivation
ARO:3001201,SHV beta-lactamase,cephalosporin;penicillin beta-lactam,antibiotic inactivation
ARO:3001202,SHV beta-lactamase,cephalosporin;penicillin beta-lactam,antibiotic inactivation
ARO:3001347,SHV beta-lactamase,cephalosporin;penicillin beta-lactam,antibiotic inactivation
ARO:3001203,SHV beta-lactamase,cephalosporin;penicillin beta-lactam,antibiotic inactivation
ARO:3001204,SHV beta-lactamase,cephalosporin;penicillin beta-lactam,antibiotic inactivation
ARO:3001352,SHV beta-lactamase,cephalosporin;penicillin beta-lactam,antibiotic inactivation
ARO:3001355,SHV beta-lactamase,cephalosporin;penicillin beta-lactam,antibiotic inactivation
ARO:3001356,SHV beta-lactamase,cephalosporin;penicillin beta-lactam,antibiotic inactivation
ARO:3001357,SHV beta-lactamase,cephalosporin;penicillin beta-lactam,antibiotic inactivation
ARO:3001361,SHV beta-lactamase,cephalosporin;penicillin beta-lactam,antibiotic inactivation
ARO:3001362,SHV beta-lactamase,cephalosporin;penicillin beta-lactam,antibiotic inactivation
ARO:3001076,SHV beta-lactamase,cephalosporin;penicillin beta-lactam,antibiotic inactivation
ARO:3001350,SHV beta-lactamase,cephalosporin;penicillin beta-lactam,antibiotic inactivation
ARO:3001364,SHV beta-lactamase,cephalosporin;penicillin beta-lactam,antibiotic inactivation
ARO:3001351,SHV beta-lactamase,cephalosporin;penicillin beta-lactam,antibiotic inactivation
ARO:3003152,SHV beta-lactamase,cephalosporin;penicillin beta-lactam,antibiotic inactivation
ARO:3003153,SHV beta-lactamase,cephalosporin;penicillin beta-lactam,antibiotic inactivation
ARO:3003154,SHV beta-lactamase,cephalosporin;penicillin beta-lactam,antibiotic inactivation
ARO:3003155,SHV beta-lactamase,cephalosporin;penicillin beta-lactam,antibiotic inactivation
ARO:3003156,SHV beta-lactamase,cephalosporin;penicillin beta-lactam,antibiotic inactivation
ARO:3001077,SHV beta-lactamase,cephalosporin;penicillin beta-lactam,antibiotic inactivation
ARO:3003590,SHV beta-lactamase,cephalosporin;penicillin beta-lactam,antibiotic inactivation
ARO:3003591,SHV beta-lactamase,cephalosporin;penicillin beta-lactam,antibiotic inactivation
ARO:3005239,SHV beta-lactamase,cephalosporin;penicillin beta-lactam,antibiotic inactivation
ARO:3005223,SHV beta-lactamase,cephalosporin;penicillin beta-lactam,antibiotic inactivation
ARO:3005210,SHV beta-lactamase,cephalosporin;penicillin beta-lactam,antibiotic inactivation
ARO:3005229,SHV beta-lactamase,cephalosporin;penicillin beta-lactam,antibiotic inactivation
ARO:3005214,SHV beta-lactamase,cephalosporin;penicillin beta-lactam,antibiotic inactivation
ARO:3005209,SHV beta-lactamase,cephalosporin;penicillin beta-lactam,antibiotic inactivation
ARO:3005232,SHV beta-lactamase,cephalosporin;penicillin beta-lactam,antibiotic inactivation
ARO:3005237,SHV beta-lactamase,cephalosporin;penicillin beta-lactam,antibiotic inactivation
ARO:3001060,SHV beta-lactamase,cephalosporin;penicillin beta-lactam,antibiotic inactivation
ARO:3001078,SHV beta-lactamase,cephalosporin;penicillin beta-lactam,antibiotic inactivation
ARO:3005248,SHV beta-lactamase,cephalosporin;penicillin beta-lactam,antibiotic inactivation
ARO:3005211,SHV beta-lactamase,cephalosporin;penicillin beta-lactam,antibiotic inactivation
ARO:3005253,SHV beta-lactamase,cephalosporin;penicillin beta-lactam,antibiotic inactivation
ARO:3005249,SHV beta-lactamase,cephalosporin;penicillin beta-lactam,antibiotic inactivation
ARO:3005213,SHV beta-lactamase,cephalosporin;penicillin beta-lactam,antibiotic inactivation
ARO:3005207,SHV beta-lactamase,cephalosporin;penicillin beta-lactam,antibiotic inactivation
ARO:3005227,SHV beta-lactamase,cephalosporin;penicillin beta-lactam,antibiotic inactivation
ARO:3005236,SHV beta-lactamase,cephalosporin;penicillin beta-lactam,antibiotic inactivation
ARO:3005226,SHV beta-lactamase,cephalosporin;penicillin beta-lactam,antibiotic inactivation
ARO:3005242,SHV beta-lactamase,cephalosporin;penicillin beta-lactam,antibiotic inactivation
ARO:3001079,SHV beta-lactamase,cephalosporin;penicillin beta-lactam,antibiotic inactivation
ARO:3005225,SHV beta-lactamase,cephalosporin;penicillin beta-lactam,antibiotic inactivation
ARO:3005230,SHV beta-lactamase,cephalosporin;penicillin beta-lactam,antibiotic inactivation
ARO:3005212,SHV beta-lactamase,cephalosporin;penicillin beta-lactam,antibiotic inactivation
ARO:3005251,SHV beta-lactamase,cephalosporin;penicillin beta-lactam,antibiotic inactivation
ARO:3005235,SHV beta-lactamase,cephalosporin;penicillin beta-lactam,antibiotic inactivation
ARO:3005243,SHV beta-lactamase,cephalosporin;penicillin beta-lactam,antibiotic inactivation
ARO:3005215,SHV beta-lactamase,cephalosporin;penicillin beta-lactam,antibiotic inactivation
ARO:3005250,SHV beta-lactamase,cephalosporin;penicillin beta-lactam,antibiotic inactivation
ARO:3005238,SHV beta-lactamase,cephalosporin;penicillin beta-lactam,antibiotic inactivation
ARO:3005231,SHV beta-lactamase,cephalosporin;penicillin beta-lactam,antibiotic inactivation
ARO:3001080,SHV beta-lactamase,cephalosporin;penicillin beta-lactam,antibiotic inactivation
ARO:3005224,SHV beta-lactamase,cephalosporin;penicillin beta-lactam,antibiotic inactivation
ARO:3005252,SHV beta-lactamase,cephalosporin;penicillin beta-lactam,antibiotic inactivation
ARO:3005208,SHV beta-lactamase,cephalosporin;penicillin beta-lactam,antibiotic inactivation
ARO:3005234,SHV beta-lactamase,cephalosporin;penicillin beta-lactam,antibiotic inactivation
ARO:3005240,SHV beta-lactamase,cephalosporin;penicillin beta-lactam,antibiotic inactivation
ARO:3005241,SHV beta-lactamase,cephalosporin;penicillin beta-lactam,antibiotic inactivation
ARO:3005228,SHV beta-lactamase,cephalosporin;penicillin beta-lactam,antibiotic inactivation
ARO:3005233,SHV beta-lactamase,cephalosporin;penicillin beta-lactam,antibiotic inactivation
ARO:3005247,SHV beta-lactamase,cephalosporin;penicillin beta-lactam,antibiotic inactivation
ARO:3009048,SHV beta-lactamase,cephalosporin;penicillin beta-lactam,antibiotic inactivation
ARO:3001081,SHV beta-lactamase,cephalosporin;penicillin beta-lactam,antibiotic inactivation
ARO:3009049,SHV beta-lactamase,cephalosporin;penicillin beta-lactam,antibiotic inactivation
ARO:3009050,SHV beta-lactamase,cephalosporin;penicillin beta-lactam,antibiotic inactivation
ARO:3009051,SHV beta-lactamase,cephalosporin;penicillin beta-lactam,antibiotic inactivation
ARO:3009052,SHV beta-lactamase,cephalosporin;penicillin beta-lactam,antibiotic inactivation
ARO:3009053,SHV beta-lactamase,cephalosporin;penicillin beta-lactam,antibiotic inactivation
ARO:3009054,SHV beta-lactamase,cephalosporin;penicillin beta-lactam,antibiotic inactivation
ARO:3009055,SHV beta-lactamase,cephalosporin;penicillin beta-lactam,antibiotic inactivation
ARO:3009056,SHV beta-lactamase,cephalosporin;penicillin beta-lactam,antibiotic inactivation
ARO:3009057,SHV beta-lactamase,cephalosporin;penicillin beta-lactam,antibiotic inactivation
ARO:3009058,SHV beta-lactamase,cephalosporin;penicillin beta-lactam,antibiotic inactivation
ARO:3001082,SHV beta-lactamase,cephalosporin;penicillin beta-lactam,antibiotic inactivation
ARO:3009059,SHV beta-lactamase,cephalosporin;penicillin beta-lactam,antibiotic inactivation
ARO:3009060,SHV beta-lactamase,cephalosporin;penicillin beta-lactam,antibiotic inactivation
ARO:3009061,SHV beta-lactamase,cephalosporin;penicillin beta-lactam,antibiotic inactivation
ARO:3009062,SHV beta-lactamase,cephalosporin;penicillin beta-lactam,antibiotic inactivation
ARO:3009063,SHV beta-lactamase,cephalosporin;penicillin beta-lactam,antibiotic inactivation
ARO:3009064,SHV beta-lactamase,cephalosporin;penicillin beta-lactam,antibiotic inactivation
ARO:3001083,SHV beta-lactamase,cephalosporin;penicillin beta-lactam,antibiotic inactivation
ARO:3001084,SHV beta-lactamase,cephalosporin;penicillin beta-lactam,antibiotic inactivation
ARO:3001085,SHV beta-lactamase,cephalosporin;penicillin beta-lactam,antibiotic inactivation
ARO:3001086,SHV beta-lactamase,cephalosporin;penicillin beta-lactam,antibiotic inactivation
ARO:3001087,SHV beta-lactamase,cephalosporin;penicillin beta-lactam,antibiotic inactivation
ARO:3001061,SHV beta-lactamase,cephalosporin;penicillin beta-lactam,antibiotic inactivation
ARO:3001062,SHV beta-lactamase,cephalosporin;penicillin beta-lactam,antibiotic inactivation
ARO:3001088,SHV beta-lactamase,cephalosporin;penicillin beta-lactam,antibiotic inactivation
ARO:3001089,SHV beta-lactamase,cephalosporin;penicillin beta-lactam,antibiotic inactivation
ARO:3001090,SHV beta-lactamase,cephalosporin;penicillin beta-lactam,antibiotic inactivation
ARO:3001091,SHV beta-lactamase,cephalosporin;penicillin beta-lactam,antibiotic inactivation
ARO:3001092,SHV beta-lactamase,cephalosporin;penicillin beta-lactam,antibiotic inactivation
ARO:3001093,SHV beta-lactamase,cephalosporin;penicillin beta-lactam,antibiotic inactivation
ARO:3001094,SHV beta-lactamase,cephalosporin;penicillin beta-lactam,antibiotic inactivation
ARO:3001095,SHV beta-lactamase,cephalosporin;penicillin beta-lactam,antibiotic inactivation
ARO:3001096,SHV beta-lactamase,cephalosporin;penicillin beta-lactam,antibiotic inactivation
ARO:3001097,SHV beta-lactamase,cephalosporin;penicillin beta-lactam,antibiotic inactivation
ARO:3001063,SHV beta-lactamase,cephalosporin;penicillin beta-lactam,antibiotic inactivation
ARO:3001098,SHV beta-lactamase,cephalosporin;penicillin beta-lactam,antibiotic inactivation
ARO:3001099,SHV beta-lactamase,cephalosporin;penicillin beta-lactam,antibiotic inactivation
ARO:3001100,SHV beta-lactamase,cephalosporin;penicillin beta-lactam,antibiotic inactivation
ARO:3001101,SHV beta-lactamase,cephalosporin;penicillin beta-lactam,antibiotic inactivation
ARO:3001102,SHV beta-lactamase,cephalosporin;penicillin beta-lactam,antibiotic inactivation
ARO:3001103,SHV beta-lactamase,cephalosporin;penicillin beta-lactam,antibiotic inactivation
ARO:3001104,SHV beta-lactamase,cephalosporin;penicillin beta-lactam,antibiotic inactivation
ARO:3001105,SHV beta-lactamase,cephalosporin;penicillin beta-lactam,antibiotic inactivation
ARO:3001106,SHV beta-lactamase,cephalosporin;penicillin beta-lactam,antibiotic inactivation
ARO:3001064,SHV beta-lactamase,cephalosporin;penicillin beta-lactam,antibiotic inactivation
ARO:3001107,SHV beta-lactamase,cephalosporin;penicillin beta-lactam,antibiotic inactivation
ARO:3001108,SHV beta-lactamase,cephalosporin;penicillin beta-lactam,antibiotic inactivation
ARO:3001109,SHV beta-lactamase,cephalosporin;penicillin beta-lactam,antibiotic inactivation
ARO:3001110,SHV beta-lactamase,cephalosporin;penicillin beta-lactam,antibiotic inactivation
ARO:3001111,SHV beta-lactamase,cephalosporin;penicillin beta-lactam,antibiotic inactivation
ARO:3001112,SHV beta-lactamase,cephalosporin;penicillin beta-lactam,antibiotic inactivation
ARO:3001113,SHV beta-lactamase,cephalosporin;penicillin beta-lactam,antibiotic inactivation
ARO:3001114,SHV beta-lactamase,cephalosporin;penicillin beta-lactam,antibiotic inactivation
ARO:3001065,SHV beta-lactamase,cephalosporin;penicillin beta-lactam,antibiotic inactivation
ARO:3001115,SHV beta-lactamase,cephalosporin;penicillin beta-lactam,antibiotic inactivation
ARO:3001116,SHV beta-lactamase,cephalosporin;penicillin beta-lactam,antibiotic inactivation
ARO:3001117,SHV beta-lactamase,cephalosporin;penicillin beta-lactam,antibiotic inactivation
ARO:3001118,SHV beta-lactamase,cephalosporin;penicillin beta-lactam,antibiotic inactivation
ARO:3001119,SHV beta-lactamase,cephalosporin;penicillin beta-lactam,antibiotic inactivation
ARO:3001120,SHV beta-lactamase,cephalosporin;penicillin beta-lactam,antibiotic inactivation
ARO:3001121,SHV beta-lactamase,cephalosporin;penicillin beta-lactam,antibiotic inactivation
ARO:3001122,SHV beta-lactamase,cephalosporin;penicillin beta-lactam,antibiotic inactivation
ARO:3001123,SHV beta-lactamase,cephalosporin;penicillin beta-lactam,antibiotic inactivation
ARO:3001066,SHV beta-lactamase,cephalosporin;penicillin beta-lactam,antibiotic inactivation
ARO:3001124,SHV beta-lactamase,cephalosporin;penicillin beta-lactam,antibiotic inactivation
ARO:3001125,SHV beta-lactamase,cephalosporin;penicillin beta-lactam,antibiotic inactivation
ARO:3001126,SHV beta-lactamase,cephalosporin;penicillin beta-lactam,antibiotic inactivation
ARO:3001127,SHV beta-lactamase,cephalosporin;penicillin beta-lactam,antibiotic inactivation
ARO:3001128,SHV beta-lactamase,cephalosporin;penicillin beta-lactam,antibiotic inactivation
ARO:3001129,SHV beta-lactamase,cephalosporin;penicillin beta-lactam,antibiotic inactivation
ARO:3001130,SHV beta-lactamase,cephalosporin;penicillin beta-lactam,antibiotic inactivation
ARO:3001131,SHV beta-lactamase,cephalosporin;penicillin beta-lactam,antibiotic inactivation
ARO:3001132,SHV beta-lactamase,cephalosporin;penicillin beta-lactam,antibiotic inactivation
ARO:3001133,SHV beta-lactamase,cephalosporin;penicillin beta-lactam,antibiotic inactivation
ARO:3001067,SHV beta-lactamase,cephalosporin;penicillin beta-lactam,antibiotic inactivation
ARO:3001134,SHV beta-lactamase,cephalosporin;penicillin beta-lactam,antibiotic inactivation
ARO:3001135,SHV beta-lactamase,cephalosporin;penicillin beta-lactam,antibiotic inactivation
ARO:3001136,SHV beta-lactamase,cephalosporin;penicillin beta-lactam,antibiotic inactivation
ARO:3001137,SHV beta-lactamase,cephalosporin;penicillin beta-lactam,antibiotic inactivation
ARO:3001138,SHV beta-lactamase,cephalosporin;penicillin beta-lactam,antibiotic inactivation
ARO:3001139,SHV beta-lactamase,cephalosporin;penicillin beta-lactam,antibiotic inactivation
ARO:3001140,SHV beta-lactamase,cephalosporin;penicillin beta-lactam,antibiotic inactivation
ARO:3001141,SHV beta-lactamase,cephalosporin;penicillin beta-lactam,antibiotic inactivation
ARO:3001068,SHV beta-lactamase,cephalosporin;penicillin beta-lactam,antibiotic inactivation
ARO:3001144,SHV beta-lactamase,cephalosporin;penicillin beta-lactam,antibiotic inactivation
ARO:3001145,SHV beta-lactamase,cephalosporin;penicillin beta-lactam,antibiotic inactivation
ARO:3001146,SHV beta-lactamase,cephalosporin;penicillin beta-lactam,antibiotic inactivation
ARO:3001147,SHV beta-lactamase,cephalosporin;penicillin beta-lactam,antibiotic inactivation
ARO:3001148,SHV beta-lactamase,cephalosporin;penicillin beta-lactam,antibiotic inactivation
ARO:3001149,SHV beta-lactamase,cephalosporin;penicillin beta-lactam,antibiotic inactivation
ARO:3001336,SHV beta-lactamase,cephalosporin;penicillin beta-lactam,antibiotic inactivation
ARO:3001337,SHV beta-lactamase,cephalosporin;penicillin beta-lactam,antibiotic inactivation
ARO:3007846,SIE beta-lactamase,carbapenem;cephalosporin,antibiotic inactivation
ARO:3000846,SIM beta-lactamase,carbapenem;cephalosporin;penicillin beta-lactam,antibiotic inactivation
ARO:3005494,SIM beta-lactamase,carbapenem;cephalosporin;penicillin beta-lactam,antibiotic inactivation
ARO:3003556,SHW beta-lactamase,cephalosporin;penicillin beta-lactam,antibiotic inactivation
ARO:3000854,SMB beta-lactamase,carbapenem;cephalosporin;penicillin beta-lactam,antibiotic inactivation
ARO:3002379,SME beta-lactamase,carbapenem,antibiotic inactivation
ARO:3002380,SME beta-lactamase,carbapenem,antibiotic inactivation
ARO:3002381,SME beta-lactamase,carbapenem,antibiotic inactivation
ARO:3002382,SME beta-lactamase,carbapenem,antibiotic inactivation
ARO:3002383,SME beta-lactamase,carbapenem,antibiotic inactivation
ARO:3003051,resistance-nodulation-cell division (RND) antibiotic efflux pump,aminoglycoside antibiotic;cephalosporin;penicillin beta-lactam,antibiotic efflux
ARO:3003052,resistance-nodulation-cell division (RND) antibiotic efflux pump,aminoglycoside antibiotic;cephalosporin;penicillin beta-lactam,antibiotic efflux
ARO:3003053,resistance-nodulation-cell division (RND) antibiotic efflux pump,aminoglycoside antibiotic;cephalosporin;penicillin beta-lactam,antibiotic efflux
ARO:3003055,resistance-nodulation-cell division (RND) antibiotic efflux pump,fluoroquinolone antibiotic;macrolide antibiotic;phenicol antibiotic;tetracycline antibiotic,antibiotic efflux
ARO:3003056,resistance-nodulation-cell division (RND) antibiotic efflux pump,fluoroquinolone antibiotic;macrolide antibiotic;phenicol antibiotic;tetracycline antibiotic,antibiotic efflux
ARO:3003057,resistance-nodulation-cell division (RND) antibiotic efflux pump,fluoroquinolone antibiotic;macrolide antibiotic;phenicol antibiotic;tetracycline antibiotic,antibiotic efflux
ARO:3003066,resistance-nodulation-cell division (RND) antibiotic efflux pump,aminoglycoside antibiotic;cephalosporin;penicillin beta-lactam,antibiotic efflux
ARO:3003067,resistance-nodulation-cell division (RND) antibiotic efflux pump,aminoglycoside antibiotic;cephalosporin;penicillin beta-lactam,antibiotic efflux
ARO:3002631,ANT(9),aminoglycoside antibiotic,antibiotic inactivation
ARO:3003720,SPG beta-lactamase,carbapenem,antibiotic inactivation
ARO:3003793,SPM beta-lactamase,carbapenem,antibiotic inactivation
ARO:3006995,SPN79 beta-lactamase,carbapenem,antibiotic inactivation
ARO:3006996,SPR beta-lactamase,carbapenem,antibiotic inactivation
ARO:3006997,SPS beta-lactamase,carbapenem,antibiotic inactivation
ARO:3006998,SPU beta-lactamase,carbapenem,antibiotic inactivation
ARO:3002828,Miscellaneous ABC-F subfamily ATP-binding cassette ribosomal protection proteins,macrolide antibiotic,antibiotic target protection
ARO:3002493,SRT beta-lactamase,cephalosporin,antibiotic inactivation
ARO:3002494,SRT beta-lactamase,cephalosporin,antibiotic inactivation
ARO:3006853,SRT beta-lactamase,cephalosporin,antibiotic inactivation
ARO:3009065,SRT beta-lactamase,cephalosporin,antibiotic inactivation
ARO:3007442,SSA beta-lactamase,cephalosporin;penicillin beta-lactam,antibiotic inactivation
ARO:3006999,SST beta-lactamase,cephalosporin,antibiotic inactivation
ARO:3004699,streptothricin acetyltransferase (SAT),nucleoside antibiotic,antibiotic inactivation
ARO:3007000,STA beta-lactamase,carbapenem,antibiotic inactivation
ARO:3004058,23S rRNA with mutation conferring resistance to linezolid antibiotics,glycopeptide antibiotic;lincosamide antibiotic;macrolide antibiotic;oxazolidinone antibiotic;phenicol antibiotic;pleuromutilin antibiotic;streptogramin A antibiotic;streptogramin B antibiotic;streptogramin antibiotic,antibiotic target alteration
ARO:3003803,daptomycin resistant agrA,peptide antibiotic,antibiotic target alteration
ARO:3003074,daptomycin resistant cls,peptide antibiotic,antibiotic target alteration
ARO:3004661,fosfomycin thiol transferase,phosphonic acid antibiotic,antibiotic inactivation
ARO:3003735,antibiotic resistant fusA,fusidane antibiotic,antibiotic target alteration
ARO:3003737,antibiotic resistant fusE,fusidane antibiotic,antibiotic target alteration
ARO:3003901,antibiotic-resistant GlpT,phosphonic acid antibiotic,antibiotic target alteration
ARO:3003296,fluoroquinolone resistant gyrA,fluoroquinolone antibiotic;nybomycin-like antibiotic,antibiotic target alteration
ARO:3003301,aminocoumarin resistant gyrB,aminocoumarin antibiotic,antibiotic target alteration
ARO:3003729,antibiotic-resistant isoleucyl-tRNA synthetase (ileS),mupirocin-like antibiotic,antibiotic target alteration
ARO:3004572,major facilitator superfamily (MFS) antibiotic efflux pump,aminoglycoside antibiotic;diaminopyrimidine antibiotic;macrolide antibiotic;oxazolidinone antibiotic;phenicol antibiotic,antibiotic efflux
ARO:3003917,lysocin resistant menA,peptide antibiotic,antibiotic target alteration
ARO:3003769,defensin resistant mprF,peptide antibiotic,antibiotic target alteration
ARO:3003319,daptomycin resistant mprF,peptide antibiotic,antibiotic target alteration
ARO:3000521,antibiotic-resistant isoleucyl-tRNA synthetase (ileS),mupirocin-like antibiotic,antibiotic target alteration
ARO:3000510,antibiotic-resistant isoleucyl-tRNA synthetase (ileS),mupirocin-like antibiotic,antibiotic target alteration
ARO:3003776,antibiotic-resistant murA transferase,phosphonic acid antibiotic,antibiotic target alteration
ARO:3004667,major facilitator superfamily (MFS) antibiotic efflux pump,fluoroquinolone antibiotic,antibiotic efflux
ARO:3003312,fluoroquinolone resistant parC,fluoroquinolone antibiotic,antibiotic target alteration
ARO:3003314,aminocoumarin resistant parE,aminocoumarin antibiotic,antibiotic target alteration
ARO:3003315,fluoroquinolone resistant parE,fluoroquinolone antibiotic,antibiotic target alteration
ARO:3003323,daptomycin resistant pgsA,peptide antibiotic,antibiotic target alteration
ARO:3003287,daptomycin-resistant beta-subunit of RNA polymerase (rpoB),peptide antibiotic;rifamycin antibiotic,antibiotic target alteration
ARO:3003285,rifamycin-resistant beta-subunit of RNA polymerase (rpoB),peptide antibiotic;rifamycin antibiotic,antibiotic target alteration;antibiotic target replacement
ARO:3003291,daptomycin-resistant beta prime subunit of RNA polymerase (rpoC),peptide antibiotic,antibiotic target alteration
ARO:3003902,antibiotic-resistant UhpT,phosphonic acid antibiotic,antibiotic target alteration
ARO:3003794,daptomycin resistant walK,peptide antibiotic,antibiotic target alteration
ARO:3004457,chloramphenicol acetyltransferase (CAT),phenicol antibiotic,antibiotic inactivation
ARO:3003774,defensin resistant mprF,peptide antibiotic,antibiotic target alteration
ARO:3004097,daptomycin resistant CdsA,peptide antibiotic,antibiotic target alteration
ARO:3004181,23S rRNA with mutation conferring resistance to macrolide antibiotics;23S rRNA with mutation conferring resistance to streptogramins antibiotics,glycopeptide antibiotic;lincosamide antibiotic;macrolide antibiotic;phenicol antibiotic;pleuromutilin antibiotic;streptogramin A antibiotic;streptogramin B antibiotic;streptogramin antibiotic,antibiotic target alteration
ARO:3004170,23S rRNA with mutation conferring resistance to macrolide antibiotics,glycopeptide antibiotic;lincosamide antibiotic;macrolide antibiotic;phenicol antibiotic;pleuromutilin antibiotic;streptogramin A antibiotic;streptogramin B antibiotic;streptogramin antibiotic,antibiotic target alteration
ARO:3003311,fluoroquinolone resistant parC,fluoroquinolone antibiotic,antibiotic target alteration
ARO:3003041,Penicillin-binding protein mutations conferring resistance to beta-lactam antibiotics,carbapenem;cephalosporin;monobactam;penicillin beta-lactam,antibiotic target alteration
ARO:3003042,Penicillin-binding protein mutations conferring resistance to beta-lactam antibiotics,carbapenem;cephalosporin;monobactam;penicillin beta-lactam,antibiotic target alteration
ARO:3003043,Penicillin-binding protein mutations conferring resistance to beta-lactam antibiotics,carbapenem;cephalosporin;monobactam;penicillin beta-lactam,antibiotic target alteration
ARO:3003387,sulfonamide resistant dihydropteroate synthase folP,sulfonamide antibiotic;sulfone antibiotic,antibiotic target alteration
ARO:3007531,Penicillin-binding protein mutations conferring resistance to beta-lactam antibiotics,carbapenem;cephalosporin;monobactam;penicillin beta-lactam,antibiotic target alteration
ARO:3004455,chloramphenicol acetyltransferase (CAT),phenicol antibiotic,antibiotic inactivation
ARO:3004171,23S rRNA with mutation conferring resistance to macrolide antibiotics,glycopeptide antibiotic;lincosamide antibiotic;macrolide antibiotic;phenicol antibiotic;pleuromutilin antibiotic;streptogramin A antibiotic;streptogramin B antibiotic;streptogramin antibiotic,antibiotic target alteration
ARO:3003359,elfamycin resistant EF-Tu,elfamycin antibiotic,antibiotic target alteration
ARO:3002690,major facilitator superfamily (MFS) antibiotic efflux pump,phenicol antibiotic,antibiotic efflux
ARO:3007127,tetracycline-resistant ribosomal protection protein,tetracycline antibiotic,antibiotic target protection
ARO:3002891,tetracycline-resistant ribosomal protection protein,tetracycline antibiotic,antibiotic target protection
ARO:3003318,aminocoumarin resistant parY,aminocoumarin antibiotic,antibiotic target alteration
ARO:3007209,rifampin monooxygenase,rifamycin antibiotic,antibiotic inactivation
ARO:3000410,sulfonamide resistant sul,sulfonamide antibiotic;sulfone antibiotic,antibiotic target replacement
ARO:3000412,sulfonamide resistant sul,sulfonamide antibiotic;sulfone antibiotic,antibiotic target replacement
ARO:3000413,sulfonamide resistant sul,sulfonamide antibiotic;sulfone antibiotic,antibiotic target replacement
ARO:3004361,sulfonamide resistant sul,sulfonamide antibiotic,antibiotic target replacement
ARO:3003986,ATP-binding cassette (ABC) antibiotic efflux pump,pleuromutilin antibiotic,antibiotic efflux
ARO:3000343,major facilitator superfamily (MFS) antibiotic efflux pump,tetracycline antibiotic,antibiotic efflux
ARO:3003554,major facilitator superfamily (MFS) antibiotic efflux pump,tetracenomycin antibiotic,antibiotic efflux
ARO:3002893,major facilitator superfamily (MFS) antibiotic efflux pump,tetracycline antibiotic,antibiotic efflux
ARO:3000873,TEM beta-lactamase,cephalosporin;monobactam;penicillin beta-lactam,antibiotic inactivation
ARO:3000882,TEM beta-lactamase,cephalosporin;monobactam;penicillin beta-lactam,antibiotic inactivation
ARO:3000964,TEM beta-lactamase,cephalosporin;monobactam;penicillin beta-lactam,antibiotic inactivation
ARO:3000965,TEM beta-lactamase,cephalosporin;monobactam;penicillin beta-lactam,antibiotic inactivation
ARO:3000966,TEM beta-lactamase,cephalosporin;monobactam;penicillin beta-lactam,antibiotic inactivation
ARO:3000967,TEM beta-lactamase,cephalosporin;monobactam;penicillin beta-lactam,antibiotic inactivation
ARO:3000968,TEM beta-lactamase,cephalosporin;monobactam;penicillin beta-lactam,antibiotic inactivation
ARO:3000969,TEM beta-lactamase,cephalosporin;monobactam;penicillin beta-lactam,antibiotic inactivation
ARO:3000970,TEM beta-lactamase,cephalosporin;monobactam;penicillin beta-lactam,antibiotic inactivation
ARO:3000971,TEM beta-lactamase,cephalosporin;monobactam;penicillin beta-lactam,antibiotic inactivation
ARO:3000972,TEM beta-lactamase,cephalosporin;monobactam;penicillin beta-lactam,antibiotic inactivation
ARO:3000883,TEM beta-lactamase,cephalosporin;monobactam;penicillin beta-lactam,antibiotic inactivation
ARO:3000973,TEM beta-lactamase,cephalosporin;monobactam;penicillin beta-lactam,antibiotic inactivation
ARO:3000974,TEM beta-lactamase,cephalosporin;monobactam;penicillin beta-lactam,antibiotic inactivation
ARO:3000975,TEM beta-lactamase,cephalosporin;monobactam;penicillin beta-lactam,antibiotic inactivation
ARO:3000976,TEM beta-lactamase,cephalosporin;monobactam;penicillin beta-lactam,antibiotic inactivation
ARO:3000977,TEM beta-lactamase,cephalosporin;monobactam;penicillin beta-lactam,antibiotic inactivation
ARO:3000978,TEM beta-lactamase,cephalosporin;monobactam;penicillin beta-lactam,antibiotic inactivation
ARO:3000979,TEM beta-lactamase,cephalosporin;monobactam;penicillin beta-lactam,antibiotic inactivation
ARO:3000980,TEM beta-lactamase,cephalosporin;monobactam;penicillin beta-lactam,antibiotic inactivation
ARO:3000981,TEM beta-lactamase,cephalosporin;monobactam;penicillin beta-lactam,antibiotic inactivation
ARO:3000884,TEM beta-lactamase,cephalosporin;monobactam;penicillin beta-lactam,antibiotic inactivation
ARO:3000982,TEM beta-lactamase,cephalosporin;monobactam;penicillin beta-lactam,antibiotic inactivation
ARO:3000983,TEM beta-lactamase,cephalosporin;monobactam;penicillin beta-lactam,antibiotic inactivation
ARO:3000984,TEM beta-lactamase,cephalosporin;monobactam;penicillin beta-lactam,antibiotic inactivation
ARO:3000985,TEM beta-lactamase,cephalosporin;monobactam;penicillin beta-lactam,antibiotic inactivation
ARO:3000986,TEM beta-lactamase,cephalosporin;monobactam;penicillin beta-lactam,antibiotic inactivation
ARO:3000987,TEM beta-lactamase,cephalosporin;monobactam;penicillin beta-lactam,antibiotic inactivation
ARO:3000988,TEM beta-lactamase,cephalosporin;monobactam;penicillin beta-lactam,antibiotic inactivation
ARO:3000989,TEM beta-lactamase,cephalosporin;monobactam;penicillin beta-lactam,antibiotic inactivation
ARO:3000990,TEM beta-lactamase,cephalosporin;monobactam;penicillin beta-lactam,antibiotic inactivation
ARO:3000993,TEM beta-lactamase,cephalosporin;monobactam;penicillin beta-lactam,antibiotic inactivation
ARO:3000994,TEM beta-lactamase,cephalosporin;monobactam;penicillin beta-lactam,antibiotic inactivation
ARO:3000995,TEM beta-lactamase,cephalosporin;monobactam;penicillin beta-lactam,antibiotic inactivation
ARO:3000996,TEM beta-lactamase,cephalosporin;monobactam;penicillin beta-lactam,antibiotic inactivation
ARO:3000997,TEM beta-lactamase,cephalosporin;monobactam;penicillin beta-lactam,antibiotic inactivation
ARO:3000998,TEM beta-lactamase,cephalosporin;monobactam;penicillin beta-lactam,antibiotic inactivation
ARO:3000999,TEM beta-lactamase,cephalosporin;monobactam;penicillin beta-lactam,antibiotic inactivation
ARO:3001000,TEM beta-lactamase,cephalosporin;monobactam;penicillin beta-lactam,antibiotic inactivation
ARO:3001001,TEM beta-lactamase,cephalosporin;monobactam;penicillin beta-lactam,antibiotic inactivation
ARO:3001002,TEM beta-lactamase,cephalosporin;monobactam;penicillin beta-lactam,antibiotic inactivation
ARO:3001003,TEM beta-lactamase,cephalosporin;monobactam;penicillin beta-lactam,antibiotic inactivation
ARO:3001004,TEM beta-lactamase,cephalosporin;monobactam;penicillin beta-lactam,antibiotic inactivation
ARO:3001005,TEM beta-lactamase,cephalosporin;monobactam;penicillin beta-lactam,antibiotic inactivation
ARO:3001006,TEM beta-lactamase,cephalosporin;monobactam;penicillin beta-lactam,antibiotic inactivation
ARO:3001007,TEM beta-lactamase,cephalosporin;monobactam;penicillin beta-lactam,antibiotic inactivation
ARO:3001012,TEM beta-lactamase,cephalosporin;monobactam;penicillin beta-lactam,antibiotic inactivation
ARO:3001013,TEM beta-lactamase,cephalosporin;monobactam;penicillin beta-lactam,antibiotic inactivation
ARO:3001014,TEM beta-lactamase,cephalosporin;monobactam;penicillin beta-lactam,antibiotic inactivation
ARO:3001015,TEM beta-lactamase,cephalosporin;monobactam;penicillin beta-lactam,antibiotic inactivation
ARO:3001016,TEM beta-lactamase,cephalosporin;monobactam;penicillin beta-lactam,antibiotic inactivation
ARO:3000886,TEM beta-lactamase,cephalosporin;monobactam;penicillin beta-lactam,antibiotic inactivation
ARO:3001017,TEM beta-lactamase,cephalosporin;monobactam;penicillin beta-lactam,antibiotic inactivation
ARO:3001018,TEM beta-lactamase,cephalosporin;monobactam;penicillin beta-lactam,antibiotic inactivation
ARO:3001019,TEM beta-lactamase,cephalosporin;monobactam;penicillin beta-lactam,antibiotic inactivation
ARO:3001369,TEM beta-lactamase,cephalosporin;monobactam;penicillin beta-lactam,antibiotic inactivation
ARO:3001020,TEM beta-lactamase,cephalosporin;monobactam;penicillin beta-lactam,antibiotic inactivation
ARO:3001021,TEM beta-lactamase,cephalosporin;monobactam;penicillin beta-lactam,antibiotic inactivation
ARO:3001022,TEM beta-lactamase,cephalosporin;monobactam;penicillin beta-lactam,antibiotic inactivation
ARO:3001023,TEM beta-lactamase,cephalosporin;monobactam;penicillin beta-lactam,antibiotic inactivation
ARO:3001024,TEM beta-lactamase,cephalosporin;monobactam;penicillin beta-lactam,antibiotic inactivation
ARO:3001025,TEM beta-lactamase,cephalosporin;monobactam;penicillin beta-lactam,antibiotic inactivation
ARO:3000887,TEM beta-lactamase,cephalosporin;monobactam;penicillin beta-lactam,antibiotic inactivation
ARO:3001026,TEM beta-lactamase,cephalosporin;monobactam;penicillin beta-lactam,antibiotic inactivation
ARO:3001028,TEM beta-lactamase,cephalosporin;monobactam;penicillin beta-lactam,antibiotic inactivation
ARO:3001029,TEM beta-lactamase,cephalosporin;monobactam;penicillin beta-lactam,antibiotic inactivation
ARO:3001030,TEM beta-lactamase,cephalosporin;monobactam;penicillin beta-lactam,antibiotic inactivation
ARO:3001032,TEM beta-lactamase,cephalosporin;monobactam;penicillin beta-lactam,antibiotic inactivation
ARO:3001033,TEM beta-lactamase,cephalosporin;monobactam;penicillin beta-lactam,antibiotic inactivation
ARO:3001034,TEM beta-lactamase,cephalosporin;monobactam;penicillin beta-lactam,antibiotic inactivation
ARO:3001035,TEM beta-lactamase,cephalosporin;monobactam;penicillin beta-lactam,antibiotic inactivation
ARO:3000888,TEM beta-lactamase,cephalosporin;monobactam;penicillin beta-lactam,antibiotic inactivation
ARO:3001037,TEM beta-lactamase,cephalosporin;monobactam;penicillin beta-lactam,antibiotic inactivation
ARO:3001041,TEM beta-lactamase,cephalosporin;monobactam;penicillin beta-lactam,antibiotic inactivation
ARO:3001042,TEM beta-lactamase,cephalosporin;monobactam;penicillin beta-lactam,antibiotic inactivation
ARO:3001043,TEM beta-lactamase,cephalosporin;monobactam;penicillin beta-lactam,antibiotic inactivation
ARO:3001044,TEM beta-lactamase,cephalosporin;monobactam;penicillin beta-lactam,antibiotic inactivation
ARO:3001373,TEM beta-lactamase,cephalosporin;monobactam;penicillin beta-lactam,antibiotic inactivation
ARO:3001045,TEM beta-lactamase,cephalosporin;monobactam;penicillin beta-lactam,antibiotic inactivation
ARO:3001375,TEM beta-lactamase,cephalosporin;monobactam;penicillin beta-lactam,antibiotic inactivation
ARO:3001374,TEM beta-lactamase,cephalosporin;monobactam;penicillin beta-lactam,antibiotic inactivation
ARO:3001046,TEM beta-lactamase,cephalosporin;monobactam;penicillin beta-lactam,antibiotic inactivation
ARO:3001047,TEM beta-lactamase,cephalosporin;monobactam;penicillin beta-lactam,antibiotic inactivation
ARO:3001048,TEM beta-lactamase,cephalosporin;monobactam;penicillin beta-lactam,antibiotic inactivation
ARO:3001049,TEM beta-lactamase,cephalosporin;monobactam;penicillin beta-lactam,antibiotic inactivation
ARO:3000890,TEM beta-lactamase,cephalosporin;monobactam;penicillin beta-lactam,antibiotic inactivation
ARO:3001050,TEM beta-lactamase,cephalosporin;monobactam;penicillin beta-lactam,antibiotic inactivation
ARO:3001051,TEM beta-lactamase,cephalosporin;monobactam;penicillin beta-lactam,antibiotic inactivation
ARO:3001052,TEM beta-lactamase,cephalosporin;monobactam;penicillin beta-lactam,antibiotic inactivation
ARO:3001053,TEM beta-lactamase,cephalosporin;monobactam;penicillin beta-lactam,antibiotic inactivation
ARO:3001054,TEM beta-lactamase,cephalosporin;monobactam;penicillin beta-lactam,antibiotic inactivation
ARO:3001055,TEM beta-lactamase,cephalosporin;monobactam;penicillin beta-lactam,antibiotic inactivation
ARO:3001376,TEM beta-lactamase,cephalosporin;monobactam;penicillin beta-lactam,antibiotic inactivation
ARO:3001056,TEM beta-lactamase,cephalosporin;monobactam;penicillin beta-lactam,antibiotic inactivation
ARO:3001057,TEM beta-lactamase,cephalosporin;monobactam;penicillin beta-lactam,antibiotic inactivation
ARO:3001058,TEM beta-lactamase,cephalosporin;monobactam;penicillin beta-lactam,antibiotic inactivation
ARO:3000874,TEM beta-lactamase,cephalosporin;monobactam;penicillin beta-lactam,antibiotic inactivation
ARO:3000891,TEM beta-lactamase,cephalosporin;monobactam;penicillin beta-lactam,antibiotic inactivation
ARO:3001378,TEM beta-lactamase,cephalosporin;monobactam;penicillin beta-lactam,antibiotic inactivation
ARO:3001382,TEM beta-lactamase,cephalosporin;monobactam;penicillin beta-lactam,antibiotic inactivation
ARO:3001383,TEM beta-lactamase,cephalosporin;monobactam;penicillin beta-lactam,antibiotic inactivation
ARO:3001384,TEM beta-lactamase,cephalosporin;monobactam;penicillin beta-lactam,antibiotic inactivation
ARO:3001385,TEM beta-lactamase,cephalosporin;monobactam;penicillin beta-lactam,antibiotic inactivation
ARO:3001386,TEM beta-lactamase,cephalosporin;monobactam;penicillin beta-lactam,antibiotic inactivation
ARO:3000892,TEM beta-lactamase,cephalosporin;monobactam;penicillin beta-lactam,antibiotic inactivation
ARO:3001387,TEM beta-lactamase,cephalosporin;monobactam;penicillin beta-lactam,antibiotic inactivation
ARO:3001388,TEM beta-lactamase,cephalosporin;monobactam;penicillin beta-lactam,antibiotic inactivation
ARO:3001389,TEM beta-lactamase,cephalosporin;monobactam;penicillin beta-lactam,antibiotic inactivation
ARO:3001390,TEM beta-lactamase,cephalosporin;monobactam;penicillin beta-lactam,antibiotic inactivation
ARO:3001391,TEM beta-lactamase,cephalosporin;monobactam;penicillin beta-lactam,antibiotic inactivation
ARO:3001392,TEM beta-lactamase,cephalosporin;monobactam;penicillin beta-lactam,antibiotic inactivation
ARO:3001393,TEM beta-lactamase,cephalosporin;monobactam;penicillin beta-lactam,antibiotic inactivation
ARO:3001394,TEM beta-lactamase,cephalosporin;monobactam;penicillin beta-lactam,antibiotic inactivation
ARO:3003157,TEM beta-lactamase,cephalosporin;monobactam;penicillin beta-lactam,antibiotic inactivation
ARO:3000893,TEM beta-lactamase,cephalosporin;monobactam;penicillin beta-lactam,antibiotic inactivation
ARO:3003158,TEM beta-lactamase,cephalosporin;monobactam;penicillin beta-lactam,antibiotic inactivation
ARO:3005255,TEM beta-lactamase,cephalosporin;monobactam;penicillin beta-lactam,antibiotic inactivation
ARO:3005256,TEM beta-lactamase,cephalosporin;monobactam;penicillin beta-lactam,antibiotic inactivation
ARO:3005257,TEM beta-lactamase,cephalosporin;monobactam;penicillin beta-lactam,antibiotic inactivation
ARO:3005258,TEM beta-lactamase,cephalosporin;monobactam;penicillin beta-lactam,antibiotic inactivation
ARO:3005259,TEM beta-lactamase,cephalosporin;monobactam;penicillin beta-lactam,antibiotic inactivation
ARO:3005260,TEM beta-lactamase,cephalosporin;monobactam;penicillin beta-lactam,antibiotic inactivation
ARO:3005261,TEM beta-lactamase,cephalosporin;monobactam;penicillin beta-lactam,antibiotic inactivation
ARO:3005262,TEM beta-lactamase,cephalosporin;monobactam;penicillin beta-lactam,antibiotic inactivation
ARO:3005263,TEM beta-lactamase,cephalosporin;monobactam;penicillin beta-lactam,antibiotic inactivation
ARO:3005264,TEM beta-lactamase,cephalosporin;monobactam;penicillin beta-lactam,antibiotic inactivation
ARO:3005265,TEM beta-lactamase,cephalosporin;monobactam;penicillin beta-lactam,antibiotic inactivation
ARO:3005266,TEM beta-lactamase,cephalosporin;monobactam;penicillin beta-lactam,antibiotic inactivation
ARO:3005267,TEM beta-lactamase,cephalosporin;monobactam;penicillin beta-lactam,antibiotic inactivation
ARO:3005268,TEM beta-lactamase,cephalosporin;monobactam;penicillin beta-lactam,antibiotic inactivation
ARO:3005269,TEM beta-lactamase,cephalosporin;monobactam;penicillin beta-lactam,antibiotic inactivation
ARO:3009066,TEM beta-lactamase,cephalosporin;monobactam;penicillin beta-lactam,antibiotic inactivation
ARO:3000894,TEM beta-lactamase,cephalosporin;monobactam;penicillin beta-lactam,antibiotic inactivation
ARO:3005270,TEM beta-lactamase,cephalosporin;monobactam;penicillin beta-lactam,antibiotic inactivation
ARO:3005271,TEM beta-lactamase,cephalosporin;monobactam;penicillin beta-lactam,antibiotic inactivation
ARO:3005272,TEM beta-lactamase,cephalosporin;monobactam;penicillin beta-lactam,antibiotic inactivation
ARO:3005273,TEM beta-lactamase,cephalosporin;monobactam;penicillin beta-lactam,antibiotic inactivation
ARO:3007453,TEM beta-lactamase,cephalosporin;monobactam;penicillin beta-lactam,antibiotic inactivation
ARO:3007454,TEM beta-lactamase,cephalosporin;monobactam;penicillin beta-lactam,antibiotic inactivation
ARO:3007448,TEM beta-lactamase,cephalosporin;monobactam;penicillin beta-lactam,antibiotic inactivation
ARO:3007451,TEM beta-lactamase,cephalosporin;monobactam;penicillin beta-lactam,antibiotic inactivation
ARO:3009067,TEM beta-lactamase,cephalosporin;monobactam;penicillin beta-lactam,antibiotic inactivation
ARO:3009068,TEM beta-lactamase,cephalosporin;monobactam;penicillin beta-lactam,antibiotic inactivation
ARO:3009069,TEM beta-lactamase,cephalosporin;monobactam;penicillin beta-lactam,antibiotic inactivation
ARO:3009070,TEM beta-lactamase,cephalosporin;monobactam;penicillin beta-lactam,antibiotic inactivation
ARO:3009071,TEM beta-lactamase,cephalosporin;monobactam;penicillin beta-lactam,antibiotic inactivation
ARO:3009072,TEM beta-lactamase,cephalosporin;monobactam;penicillin beta-lactam,antibiotic inactivation
ARO:3009073,TEM beta-lactamase,cephalosporin;monobactam;penicillin beta-lactam,antibiotic inactivation
ARO:3009074,TEM beta-lactamase,cephalosporin;monobactam;penicillin beta-lactam,antibiotic inactivation
ARO:3009075,TEM beta-lactamase,cephalosporin;monobactam;penicillin beta-lactam,antibiotic inactivation
ARO:3009076,TEM beta-lactamase,cephalosporin;monobactam;penicillin beta-lactam,antibiotic inactivation
ARO:3009077,TEM beta-lactamase,cephalosporin;monobactam;penicillin beta-lactam,antibiotic inactivation
ARO:3000896,TEM beta-lactamase,cephalosporin;monobactam;penicillin beta-lactam,antibiotic inactivation
ARO:3000898,TEM beta-lactamase,cephalosporin;monobactam;penicillin beta-lactam,antibiotic inactivation
ARO:3000899,TEM beta-lactamase,cephalosporin;monobactam;penicillin beta-lactam,antibiotic inactivation
ARO:3000875,TEM beta-lactamase,cephalosporin;monobactam;penicillin beta-lactam,antibiotic inactivation
ARO:3000900,TEM beta-lactamase,cephalosporin;monobactam;penicillin beta-lactam,antibiotic inactivation
ARO:3000901,TEM beta-lactamase,cephalosporin;monobactam;penicillin beta-lactam,antibiotic inactivation
ARO:3000902,TEM beta-lactamase,cephalosporin;monobactam;penicillin beta-lactam,antibiotic inactivation
ARO:3000903,TEM beta-lactamase,cephalosporin;monobactam;penicillin beta-lactam,antibiotic inactivation
ARO:3000904,TEM beta-lactamase,cephalosporin;monobactam;penicillin beta-lactam,antibiotic inactivation
ARO:3000905,TEM beta-lactamase,cephalosporin;monobactam;penicillin beta-lactam,antibiotic inactivation
ARO:3000906,TEM beta-lactamase,cephalosporin;monobactam;penicillin beta-lactam,antibiotic inactivation
ARO:3000907,TEM beta-lactamase,cephalosporin;monobactam;penicillin beta-lactam,antibiotic inactivation
ARO:3000909,TEM beta-lactamase,cephalosporin;monobactam;penicillin beta-lactam,antibiotic inactivation
ARO:3000876,TEM beta-lactamase,cephalosporin;monobactam;penicillin beta-lactam,antibiotic inactivation
ARO:3000910,TEM beta-lactamase,cephalosporin;monobactam;penicillin beta-lactam,antibiotic inactivation
ARO:3000911,TEM beta-lactamase,cephalosporin;monobactam;penicillin beta-lactam,antibiotic inactivation
ARO:3000912,TEM beta-lactamase,cephalosporin;monobactam;penicillin beta-lactam,antibiotic inactivation
ARO:3000914,TEM beta-lactamase,cephalosporin;monobactam;penicillin beta-lactam,antibiotic inactivation
ARO:3000916,TEM beta-lactamase,cephalosporin;monobactam;penicillin beta-lactam,antibiotic inactivation
ARO:3000917,TEM beta-lactamase,cephalosporin;monobactam;penicillin beta-lactam,antibiotic inactivation
ARO:3000918,TEM beta-lactamase,cephalosporin;monobactam;penicillin beta-lactam,antibiotic inactivation
ARO:3000877,TEM beta-lactamase,cephalosporin;monobactam;penicillin beta-lactam,antibiotic inactivation
ARO:3000921,TEM beta-lactamase,cephalosporin;monobactam;penicillin beta-lactam,antibiotic inactivation
ARO:3000922,TEM beta-lactamase,cephalosporin;monobactam;penicillin beta-lactam,antibiotic inactivation
ARO:3000923,TEM beta-lactamase,cephalosporin;monobactam;penicillin beta-lactam,antibiotic inactivation
ARO:3000924,TEM beta-lactamase,cephalosporin;monobactam;penicillin beta-lactam,antibiotic inactivation
ARO:3000926,TEM beta-lactamase,cephalosporin;monobactam;penicillin beta-lactam,antibiotic inactivation
ARO:3000928,TEM beta-lactamase,cephalosporin;monobactam;penicillin beta-lactam,antibiotic inactivation
ARO:3000878,TEM beta-lactamase,cephalosporin;monobactam;penicillin beta-lactam,antibiotic inactivation
ARO:3000929,TEM beta-lactamase,cephalosporin;monobactam;penicillin beta-lactam,antibiotic inactivation
ARO:3000930,TEM beta-lactamase,cephalosporin;monobactam;penicillin beta-lactam,antibiotic inactivation
ARO:3000931,TEM beta-lactamase,cephalosporin;monobactam;penicillin beta-lactam,antibiotic inactivation
ARO:3000934,TEM beta-lactamase,cephalosporin;monobactam;penicillin beta-lactam,antibiotic inactivation
ARO:3000935,TEM beta-lactamase,cephalosporin;monobactam;penicillin beta-lactam,antibiotic inactivation
ARO:3000879,TEM beta-lactamase,cephalosporin;monobactam;penicillin beta-lactam,antibiotic inactivation
ARO:3000936,TEM beta-lactamase,cephalosporin;monobactam;penicillin beta-lactam,antibiotic inactivation
ARO:3000937,TEM beta-lactamase,cephalosporin;monobactam;penicillin beta-lactam,antibiotic inactivation
ARO:3000938,TEM beta-lactamase,cephalosporin;monobactam;penicillin beta-lactam,antibiotic inactivation
ARO:3000939,TEM beta-lactamase,cephalosporin;monobactam;penicillin beta-lactam,antibiotic inactivation
ARO:3000941,TEM beta-lactamase,cephalosporin;monobactam;penicillin beta-lactam,antibiotic inactivation
ARO:3000942,TEM beta-lactamase,cephalosporin;monobactam;penicillin beta-lactam,antibiotic inactivation
ARO:3000944,TEM beta-lactamase,cephalosporin;monobactam;penicillin beta-lactam,antibiotic inactivation
ARO:3000946,TEM beta-lactamase,cephalosporin;monobactam;penicillin beta-lactam,antibiotic inactivation
ARO:3000880,TEM beta-lactamase,cephalosporin;monobactam;penicillin beta-lactam,antibiotic inactivation
ARO:3000947,TEM beta-lactamase,cephalosporin;monobactam;penicillin beta-lactam,antibiotic inactivation
ARO:3000948,TEM beta-lactamase,cephalosporin;monobactam;penicillin beta-lactam,antibiotic inactivation
ARO:3000949,TEM beta-lactamase,cephalosporin;monobactam;penicillin beta-lactam,antibiotic inactivation
ARO:3000950,TEM beta-lactamase,cephalosporin;monobactam;penicillin beta-lactam,antibiotic inactivation
ARO:3000951,TEM beta-lactamase,cephalosporin;monobactam;penicillin beta-lactam,antibiotic inactivation
ARO:3000952,TEM beta-lactamase,cephalosporin;monobactam;penicillin beta-lactam,antibiotic inactivation
ARO:3000953,TEM beta-lactamase,cephalosporin;monobactam;penicillin beta-lactam,antibiotic inactivation
ARO:3000954,TEM beta-lactamase,cephalosporin;monobactam;penicillin beta-lactam,antibiotic inactivation
ARO:3000955,TEM beta-lactamase,cephalosporin;monobactam;penicillin beta-lactam,antibiotic inactivation
ARO:3000956,TEM beta-lactamase,cephalosporin;monobactam;penicillin beta-lactam,antibiotic inactivation
ARO:3000881,TEM beta-lactamase,cephalosporin;monobactam;penicillin beta-lactam,antibiotic inactivation
ARO:3000957,TEM beta-lactamase,cephalosporin;monobactam;penicillin beta-lactam,antibiotic inactivation
ARO:3000958,TEM beta-lactamase,cephalosporin;monobactam;penicillin beta-lactam,antibiotic inactivation
ARO:3000959,TEM beta-lactamase,cephalosporin;monobactam;penicillin beta-lactam,antibiotic inactivation
ARO:3000960,TEM beta-lactamase,cephalosporin;monobactam;penicillin beta-lactam,antibiotic inactivation
ARO:3000961,TEM beta-lactamase,cephalosporin;monobactam;penicillin beta-lactam,antibiotic inactivation
ARO:3000962,TEM beta-lactamase,cephalosporin;monobactam;penicillin beta-lactam,antibiotic inactivation
ARO:3000963,TEM beta-lactamase,cephalosporin;monobactam;penicillin beta-lactam,antibiotic inactivation
ARO:3006139,TEM beta-lactamase,cephalosporin;monobactam;penicillin beta-lactam,antibiotic inactivation
ARO:3006140,TEM beta-lactamase,cephalosporin;monobactam;penicillin beta-lactam,antibiotic inactivation
ARO:3007001,TER beta-lactamase,carbapenem;cephalosporin,antibiotic inactivation
ARO:3007007,TER beta-lactamase,carbapenem;cephalosporin,antibiotic inactivation
ARO:3000561,major facilitator superfamily (MFS) antibiotic efflux pump,tetracycline antibiotic,antibiotic efflux
ARO:3000476,major facilitator superfamily (MFS) antibiotic efflux pump,tetracycline antibiotic,antibiotic efflux
ARO:3000196,tetracycline-resistant ribosomal protection protein,tetracycline antibiotic,antibiotic target protection
ARO:3000478,major facilitator superfamily (MFS) antibiotic efflux pump,tetracycline antibiotic,antibiotic efflux
ARO:3002870,tetracycline inactivation enzyme,tetracycline antibiotic,antibiotic inactivation;antibiotic target alteration
ARO:3000481,ATP-binding cassette (ABC) antibiotic efflux pump,tetracycline antibiotic,antibiotic efflux
ARO:3000197,tetracycline-resistant ribosomal protection protein,tetracycline antibiotic,antibiotic target protection
ARO:3002871,tetracycline inactivation enzyme,tetracycline antibiotic,antibiotic inactivation
ARO:3000565,major facilitator superfamily (MFS) antibiotic efflux pump,tetracycline antibiotic,antibiotic efflux
ARO:3000566,major facilitator superfamily (MFS) antibiotic efflux pump,tetracycline antibiotic,antibiotic efflux
ARO:3000567,major facilitator superfamily (MFS) antibiotic efflux pump,tetracycline antibiotic,antibiotic efflux
ARO:3000569,major facilitator superfamily (MFS) antibiotic efflux pump,tetracycline antibiotic,antibiotic efflux
ARO:3000572,major facilitator superfamily (MFS) antibiotic efflux pump,tetracycline antibiotic,antibiotic efflux
ARO:3000573,major facilitator superfamily (MFS) antibiotic efflux pump,tetracycline antibiotic,antibiotic efflux
ARO:3000556,tetracycline-resistant ribosomal protection protein,tetracycline antibiotic,antibiotic target protection
ARO:3003196,major facilitator superfamily (MFS) antibiotic efflux pump,tetracycline antibiotic,antibiotic efflux
ARO:3004613,tetracycline inactivation enzyme,tetracycline antibiotic,antibiotic inactivation
ARO:3004581,tetracycline inactivation enzyme,tetracycline antibiotic,antibiotic inactivation
ARO:3004582,tetracycline inactivation enzyme,tetracycline antibiotic,antibiotic inactivation
ARO:3004584,tetracycline inactivation enzyme,tetracycline antibiotic,antibiotic inactivation
ARO:3004586,tetracycline inactivation enzyme,tetracycline antibiotic,antibiotic inactivation
ARO:3004587,tetracycline inactivation enzyme,tetracycline antibiotic,antibiotic inactivation
ARO:3004589,tetracycline inactivation enzyme,tetracycline antibiotic,antibiotic inactivation
ARO:3004590,tetracycline inactivation enzyme,tetracycline antibiotic,antibiotic inactivation
ARO:3004591,tetracycline inactivation enzyme,tetracycline antibiotic,antibiotic inactivation
ARO:3004603,tetracycline inactivation enzyme,tetracycline antibiotic,antibiotic inactivation
ARO:3005006,major facilitator superfamily (MFS) antibiotic efflux pump,tetracycline antibiotic,antibiotic efflux
ARO:3004441,major facilitator superfamily (MFS) antibiotic efflux pump,tetracycline antibiotic,antibiotic efflux
ARO:3004576,tetracycline-resistant ribosomal protection protein,tetracycline antibiotic,antibiotic target protection
ARO:3007492,major facilitator superfamily (MFS) antibiotic efflux pump,tetracycline antibiotic,antibiotic efflux
ARO:3007493,major facilitator superfamily (MFS) antibiotic efflux pump,tetracycline antibiotic,antibiotic efflux
ARO:3007494,major facilitator superfamily (MFS) antibiotic efflux pump,tetracycline antibiotic,antibiotic efflux
ARO:3007838,major facilitator superfamily (MFS) antibiotic efflux pump,tetracycline antibiotic,antibiotic efflux
ARO:3000165,major facilitator superfamily (MFS) antibiotic efflux pump,tetracycline antibiotic,antibiotic efflux
ARO:3004032,ATP-binding cassette (ABC) antibiotic efflux pump,tetracycline antibiotic,antibiotic efflux
ARO:3003980,major facilitator superfamily (MFS) antibiotic efflux pump,tetracycline antibiotic,antibiotic efflux
ARO:3004035,ATP-binding cassette (ABC) antibiotic efflux pump,tetracycline antibiotic,antibiotic efflux
ARO:3000180,major facilitator superfamily (MFS) antibiotic efflux pump,tetracycline antibiotic,antibiotic efflux
ARO:3000166,major facilitator superfamily (MFS) antibiotic efflux pump,tetracycline antibiotic,antibiotic efflux
ARO:3004033,ATP-binding cassette (ABC) antibiotic efflux pump,tetracycline antibiotic,antibiotic efflux
ARO:3003981,major facilitator superfamily (MFS) antibiotic efflux pump,tetracycline antibiotic,antibiotic efflux
ARO:3004036,ATP-binding cassette (ABC) antibiotic efflux pump,tetracycline antibiotic,antibiotic efflux
ARO:3000195,tetracycline-resistant ribosomal protection protein,tetracycline antibiotic,antibiotic target protection
ARO:3000167,major facilitator superfamily (MFS) antibiotic efflux pump,tetracycline antibiotic,antibiotic efflux
ARO:3000168,major facilitator superfamily (MFS) antibiotic efflux pump,tetracycline antibiotic,antibiotic efflux
ARO:3000173,major facilitator superfamily (MFS) antibiotic efflux pump,tetracycline antibiotic,antibiotic efflux
ARO:3000174,major facilitator superfamily (MFS) antibiotic efflux pump,tetracycline antibiotic,antibiotic efflux
ARO:3000175,major facilitator superfamily (MFS) antibiotic efflux pump,tetracycline antibiotic,antibiotic efflux
ARO:3000177,major facilitator superfamily (MFS) antibiotic efflux pump,tetracycline antibiotic,antibiotic efflux
ARO:3000178,major facilitator superfamily (MFS) antibiotic efflux pump,tetracycline antibiotic,antibiotic efflux
ARO:3000179,major facilitator superfamily (MFS) antibiotic efflux pump,tetracycline antibiotic,antibiotic efflux
ARO:3000186,tetracycline-resistant ribosomal protection protein,tetracycline antibiotic,antibiotic target protection
ARO:3000190,tetracycline-resistant ribosomal protection protein,tetracycline antibiotic,antibiotic target protection
ARO:3007119,tetracycline-resistant ribosomal protection protein,tetracycline antibiotic,antibiotic target protection
ARO:3007120,tetracycline-resistant ribosomal protection protein,tetracycline antibiotic,antibiotic target protection
ARO:3007121,tetracycline-resistant ribosomal protection protein,tetracycline antibiotic,antibiotic target protection
ARO:3007122,tetracycline-resistant ribosomal protection protein,tetracycline antibiotic,antibiotic target protection
ARO:3007123,tetracycline-resistant ribosomal protection protein,tetracycline antibiotic,antibiotic target protection
ARO:3000191,tetracycline-resistant ribosomal protection protein,tetracycline antibiotic,antibiotic target protection
ARO:3003479,major facilitator superfamily (MFS) antibiotic efflux pump,tetracycline antibiotic,antibiotic efflux;antibiotic target alteration
ARO:3004653,major facilitator superfamily (MFS) antibiotic efflux pump,tetracycline antibiotic,antibiotic efflux
ARO:3000192,tetracycline-resistant ribosomal protection protein,tetracycline antibiotic,antibiotic target protection
ARO:3000193,tetracycline-resistant ribosomal protection protein,tetracycline antibiotic,antibiotic target protection
ARO:3000181,major facilitator superfamily (MFS) antibiotic efflux pump,tetracycline antibiotic,antibiotic efflux
ARO:3000194,tetracycline-resistant ribosomal protection protein,tetracycline antibiotic,antibiotic target protection
ARO:3007124,tetracycline-resistant ribosomal protection protein,tetracycline antibiotic,antibiotic target protection
ARO:3004442,tetracycline-resistant ribosomal protection protein,tetracycline antibiotic,antibiotic target protection
ARO:3000205,tetracycline inactivation enzyme,glycylcycline;tetracycline antibiotic,antibiotic inactivation
ARO:3005166,tetracycline inactivation enzyme,tetracycline antibiotic,antibiotic inactivation
ARO:3004719,tetracycline inactivation enzyme,glycylcycline;tetracycline antibiotic,antibiotic inactivation
ARO:3004720,tetracycline inactivation enzyme,glycylcycline;tetracycline antibiotic,antibiotic inactivation
ARO:3005057,tetracycline inactivation enzyme,tetracycline antibiotic,antibiotic inactivation
ARO:3005056,tetracycline inactivation enzyme,tetracycline antibiotic,antibiotic inactivation
ARO:3000182,major facilitator superfamily (MFS) antibiotic efflux pump,tetracycline antibiotic,antibiotic efflux
ARO:3000183,major facilitator superfamily (MFS) antibiotic efflux pump,tetracycline antibiotic,antibiotic efflux
ARO:3005083,23S rRNA with mutation conferring resistance to pleuromutilin antibiotics,glycopeptide antibiotic;lincosamide antibiotic;macrolide antibiotic;phenicol antibiotic;pleuromutilin antibiotic;streptogramin A antibiotic;streptogramin B antibiotic;streptogramin antibiotic,antibiotic target alteration
ARO:3005081,Ribosomal protein mutation conferring resistance to pleuromutilin antibiotics,pleuromutilin antibiotic,antibiotic target alteration
ARO:3007427,ECF transporter S component,sulfonamide antibiotic,resistance by host-dependent nutrient acquisition
ARO:3000851,THIN-B beta-lactamase,carbapenem;cephalosporin;penicillin beta-lactam,antibiotic inactivation
ARO:3003202,TLA beta-lactamase,cephalosporin;monobactam,antibiotic inactivation
ARO:3003203,TLA beta-lactamase,cephalosporin;monobactam,antibiotic inactivation
ARO:3003204,TLA beta-lactamase,cephalosporin;monobactam,antibiotic inactivation
ARO:3001299,non-erm 23S ribosomal RNA methyltransferase (G748),lincosamide antibiotic;macrolide antibiotic,antibiotic target alteration
ARO:3002827,Miscellaneous ABC-F subfamily ATP-binding cassette ribosomal protection proteins,lincosamide antibiotic;macrolide antibiotic,antibiotic target protection
ARO:3004105,TMB beta-lactamase,carbapenem;cephalosporin,antibiotic inactivation
ARO:3004106,TMB beta-lactamase,carbapenem;cephalosporin,antibiotic inactivation
ARO:3003059,tunicamycin resistance protein,nucleoside antibiotic,reduced permeability to antibiotic
ARO:3000237,ATP-binding cassette (ABC) antibiotic efflux pump;major facilitator superfamily (MFS) antibiotic efflux pump;resistance-nodulation-cell division (RND) antibiotic efflux pump,aminocoumarin antibiotic;aminoglycoside antibiotic;carbapenem;cephalosporin;disinfecting agents and antiseptics;fluoroquinolone antibiotic;glycylcycline;macrolide antibiotic;penicillin beta-lactam;peptide antibiotic;phenicol antibiotic;rifamycin antibiotic;tetracycline antibiotic,antibiotic efflux
ARO:3007759,23S rRNA with mutation conferring resistance to macrolide antibiotics,glycopeptide antibiotic;lincosamide antibiotic;macrolide antibiotic;phenicol antibiotic;pleuromutilin antibiotic;streptogramin A antibiotic;streptogramin B antibiotic;streptogramin antibiotic,antibiotic target alteration
ARO:3003679,resistance-nodulation-cell division (RND) antibiotic efflux pump,disinfecting agents and antiseptics,antibiotic efflux
ARO:3003680,resistance-nodulation-cell division (RND) antibiotic efflux pump,disinfecting agents and antiseptics,antibiotic efflux
ARO:3003681,resistance-nodulation-cell division (RND) antibiotic efflux pump,disinfecting agents and antiseptics,antibiotic efflux
ARO:3005334,trimethoprim resistant dihydrofolate reductase dfr,diaminopyrimidine antibiotic,antibiotic target replacement
ARO:3005345,trimethoprim resistant dihydrofolate reductase dfr,diaminopyrimidine antibiotic,antibiotic target replacement
ARO:3004450,TRU beta-lactamase,cephalosporin;penicillin beta-lactam,antibiotic inactivation
ARO:3003060,non-erm 23S ribosomal RNA methyltransferase (A1067),peptide antibiotic,antibiotic target alteration
ARO:3007002,TTU beta-lactamase,carbapenem,antibiotic inactivation
ARO:3000844,TUS beta-lactamase,carbapenem;cephalosporin;penicillin beta-lactam,antibiotic inactivation
ARO:3004730,Miscellaneous ABC-F subfamily ATP-binding cassette ribosomal protection proteins,pleuromutilin antibiotic,antibiotic target protection
ARO:3005008,ATP-binding cassette (ABC) antibiotic efflux pump,tetracycline antibiotic,antibiotic efflux
ARO:3004059,resistance-nodulation-cell division (RND) antibiotic efflux pump,aminocoumarin antibiotic;cephalosporin;diaminopyrimidine antibiotic;fluoroquinolone antibiotic;macrolide antibiotic;penicillin beta-lactam;phenicol antibiotic;tetracycline antibiotic,antibiotic efflux
ARO:3004060,resistance-nodulation-cell division (RND) antibiotic efflux pump,aminocoumarin antibiotic;aminoglycoside antibiotic;cephalosporin;diaminopyrimidine antibiotic;fluoroquinolone antibiotic;macrolide antibiotic;penicillin beta-lactam;phenicol antibiotic;tetracycline antibiotic,antibiotic efflux
ARO:3003577,pmr phosphoethanolamine transferase,peptide antibiotic,antibiotic target alteration
ARO:3003305,fluoroquinolone resistant gyrB,aminocoumarin antibiotic;fluoroquinolone antibiotic,antibiotic target alteration
ARO:3003309,fluoroquinolone resistant parC,fluoroquinolone antibiotic,antibiotic target alteration
ARO:3007062,VAM beta-lactamase,carbapenem;cephalosporin;penicillin beta-lactam,antibiotic inactivation
ARO:3000010,Van ligase;glycopeptide resistance gene cluster,glycopeptide antibiotic,antibiotic target alteration
ARO:3000013,Van ligase;glycopeptide resistance gene cluster,glycopeptide antibiotic,antibiotic target alteration
ARO:3000368,Van ligase;glycopeptide resistance gene cluster,glycopeptide antibiotic,antibiotic target alteration
ARO:3000005,Van ligase;glycopeptide resistance gene cluster,glycopeptide antibiotic,antibiotic target alteration
ARO:3002907,Van ligase;glycopeptide resistance gene cluster,glycopeptide antibiotic,antibiotic target alteration
ARO:3002908,Van ligase;glycopeptide resistance gene cluster,glycopeptide antibiotic,antibiotic target alteration
ARO:3002909,Van ligase;glycopeptide resistance gene cluster,glycopeptide antibiotic,antibiotic target alteration
ARO:3002942,glycopeptide resistance gene cluster;vanH,glycopeptide antibiotic,antibiotic target alteration
ARO:3002943,glycopeptide resistance gene cluster;vanH,glycopeptide antibiotic,antibiotic target alteration
ARO:3002944,glycopeptide resistance gene cluster;vanH,glycopeptide antibiotic,antibiotic target alteration
ARO:3002945,glycopeptide resistance gene cluster;vanH,glycopeptide antibiotic,antibiotic target alteration
ARO:3002947,glycopeptide resistance gene cluster;vanH,glycopeptide antibiotic,antibiotic target alteration
ARO:3002948,glycopeptide resistance gene cluster;vanH,glycopeptide antibiotic,antibiotic target alteration
ARO:3007188,glycopeptide resistance gene cluster;vanH,glycopeptide antibiotic,antibiotic target alteration
ARO:3003723,Van ligase;glycopeptide resistance gene cluster,glycopeptide antibiotic,antibiotic target alteration
ARO:3002914,vanJ membrane protein,glycopeptide antibiotic,antibiotic target alteration
ARO:3003727,glycopeptide resistance gene cluster;vanK,glycopeptide antibiotic,antibiotic target alteration
ARO:3002910,Van ligase;glycopeptide resistance gene cluster,glycopeptide antibiotic,antibiotic target alteration
ARO:3002911,Van ligase;glycopeptide resistance gene cluster,glycopeptide antibiotic,antibiotic target alteration
ARO:3002912,Van ligase;glycopeptide resistance gene cluster,glycopeptide antibiotic,antibiotic target alteration
ARO:3002913,Van ligase;glycopeptide resistance gene cluster,glycopeptide antibiotic,antibiotic target alteration
ARO:3007189,Van ligase;glycopeptide resistance gene cluster,glycopeptide antibiotic,antibiotic target alteration
ARO:3002919,glycopeptide resistance gene cluster;vanR,glycopeptide antibiotic,antibiotic target alteration
ARO:3002921,glycopeptide resistance gene cluster;vanR,glycopeptide antibiotic,antibiotic target alteration
ARO:3002922,glycopeptide resistance gene cluster;vanR,glycopeptide antibiotic,antibiotic target alteration
ARO:3002923,glycopeptide resistance gene cluster;vanR,glycopeptide antibiotic,antibiotic target alteration
ARO:3002924,glycopeptide resistance gene cluster;vanR,glycopeptide antibiotic,antibiotic target alteration
ARO:3002925,glycopeptide resistance gene cluster;vanR,glycopeptide antibiotic,antibiotic target alteration
ARO:3002926,glycopeptide resistance gene cluster;vanR,glycopeptide antibiotic,antibiotic target alteration
ARO:3003728,glycopeptide resistance gene cluster;vanR,glycopeptide antibiotic,antibiotic target alteration
ARO:3002927,glycopeptide resistance gene cluster;vanR,glycopeptide antibiotic,antibiotic target alteration
ARO:3002928,glycopeptide resistance gene cluster;vanR,glycopeptide antibiotic,antibiotic target alteration
ARO:3002929,glycopeptide resistance gene cluster;vanR,glycopeptide antibiotic,antibiotic target alteration
ARO:3002930,glycopeptide resistance gene cluster;vanR,glycopeptide antibiotic,antibiotic target alteration
ARO:3007191,glycopeptide resistance gene cluster;vanR,glycopeptide antibiotic,antibiotic target alteration
ARO:3002931,glycopeptide resistance gene cluster;vanS,glycopeptide antibiotic,antibiotic target alteration
ARO:3002932,glycopeptide resistance gene cluster;vanS,glycopeptide antibiotic,antibiotic target alteration
ARO:3002933,glycopeptide resistance gene cluster;vanS,glycopeptide antibiotic,antibiotic target alteration
ARO:3002934,glycopeptide resistance gene cluster;vanS,glycopeptide antibiotic,antibiotic target alteration
ARO:3002935,glycopeptide resistance gene cluster;vanS,glycopeptide antibiotic,antibiotic target alteration
ARO:3002936,glycopeptide resistance gene cluster;vanS,glycopeptide antibiotic,antibiotic target alteration
ARO:3002937,glycopeptide resistance gene cluster;vanS,glycopeptide antibiotic,antibiotic target alteration
ARO:3003726,glycopeptide resistance gene cluster;vanS,glycopeptide antibiotic,antibiotic target alteration
ARO:3002938,glycopeptide resistance gene cluster;vanS,glycopeptide antibiotic,antibiotic target alteration
ARO:3002939,glycopeptide resistance gene cluster;vanS,glycopeptide antibiotic,antibiotic target alteration
ARO:3002940,glycopeptide resistance gene cluster;vanS,glycopeptide antibiotic,antibiotic target alteration
ARO:3002941,glycopeptide resistance gene cluster;vanS,glycopeptide antibiotic,antibiotic target alteration
ARO:3007192,glycopeptide resistance gene cluster;vanS,glycopeptide antibiotic,antibiotic target alteration
ARO:3002970,glycopeptide resistance gene cluster;vanT,glycopeptide antibiotic,antibiotic target alteration
ARO:3002971,glycopeptide resistance gene cluster;vanT,glycopeptide antibiotic,antibiotic target alteration
ARO:3002972,glycopeptide resistance gene cluster;vanT,glycopeptide antibiotic,antibiotic target alteration
ARO:3002975,glycopeptide resistance gene cluster;vanT,glycopeptide antibiotic,antibiotic target alteration
ARO:3002973,glycopeptide resistance gene cluster;vanT,glycopeptide antibiotic,antibiotic target alteration
ARO:3002974,glycopeptide resistance gene cluster;vanT,glycopeptide antibiotic,antibiotic target alteration
ARO:3004253,glycopeptide resistance gene cluster;vanU,glycopeptide antibiotic,antibiotic target alteration
ARO:3004254,glycopeptide resistance gene cluster;vanV,glycopeptide antibiotic,antibiotic target alteration
ARO:3002964,glycopeptide resistance gene cluster;vanW,glycopeptide antibiotic,antibiotic target alteration
ARO:3002965,glycopeptide resistance gene cluster;vanW,glycopeptide antibiotic,antibiotic target alteration
ARO:3003724,glycopeptide resistance gene cluster;vanW,glycopeptide antibiotic,antibiotic target alteration
ARO:3002949,glycopeptide resistance gene cluster;vanX,glycopeptide antibiotic,antibiotic target alteration
ARO:3002950,glycopeptide resistance gene cluster;vanX,glycopeptide antibiotic,antibiotic target alteration
ARO:3003070,glycopeptide resistance gene cluster;vanX,glycopeptide antibiotic,antibiotic target alteration
ARO:3002952,glycopeptide resistance gene cluster;vanX,glycopeptide antibiotic,antibiotic target alteration
ARO:3003725,glycopeptide resistance gene cluster;vanX,glycopeptide antibiotic,antibiotic target alteration
ARO:3002953,glycopeptide resistance gene cluster;vanX,glycopeptide antibiotic,antibiotic target alteration
ARO:3002954,glycopeptide resistance gene cluster;vanX,glycopeptide antibiotic,antibiotic target alteration
ARO:3007190,glycopeptide resistance gene cluster;vanX,glycopeptide antibiotic,antibiotic target alteration
ARO:3002966,glycopeptide resistance gene cluster;vanXY,glycopeptide antibiotic,antibiotic target alteration
ARO:3002967,glycopeptide resistance gene cluster;vanXY,glycopeptide antibiotic,antibiotic target alteration
ARO:3003069,glycopeptide resistance gene cluster;vanXY,glycopeptide antibiotic,antibiotic target alteration
ARO:3002968,glycopeptide resistance gene cluster;vanXY,glycopeptide antibiotic,antibiotic target alteration
ARO:3002969,glycopeptide resistance gene cluster;vanXY,glycopeptide antibiotic,antibiotic target alteration
ARO:3002955,glycopeptide resistance gene cluster;vanY,glycopeptide antibiotic,antibiotic target alteration
ARO:3002956,glycopeptide resistance gene cluster;vanY,glycopeptide antibiotic,antibiotic target alteration
ARO:3002957,glycopeptide resistance gene cluster;vanY,glycopeptide antibiotic,antibiotic target alteration
ARO:3002958,glycopeptide resistance gene cluster;vanY,glycopeptide antibiotic,antibiotic target alteration
ARO:3002959,glycopeptide resistance gene cluster;vanY,glycopeptide antibiotic,antibiotic target alteration
ARO:3002961,glycopeptide resistance gene cluster;vanY,glycopeptide antibiotic,antibiotic target alteration
ARO:3002962,glycopeptide resistance gene cluster;vanZ,glycopeptide antibiotic,antibiotic target alteration
ARO:3002963,glycopeptide resistance gene cluster;vanZ,glycopeptide antibiotic,antibiotic target alteration
ARO:3002840,streptogramin vat acetyltransferase,streptogramin A antibiotic;streptogramin antibiotic,antibiotic inactivation
ARO:3002841,streptogramin vat acetyltransferase,streptogramin A antibiotic;streptogramin antibiotic,antibiotic inactivation
ARO:3002842,streptogramin vat acetyltransferase,streptogramin A antibiotic;streptogramin antibiotic,antibiotic inactivation
ARO:3002843,streptogramin vat acetyltransferase,streptogramin A antibiotic;streptogramin antibiotic,antibiotic inactivation
ARO:3002844,streptogramin vat acetyltransferase,streptogramin A antibiotic;streptogramin antibiotic,antibiotic inactivation
ARO:3003744,streptogramin vat acetyltransferase,streptogramin A antibiotic;streptogramin antibiotic,antibiotic inactivation
ARO:3002845,streptogramin vat acetyltransferase,streptogramin A antibiotic;streptogramin antibiotic,antibiotic inactivation
ARO:3003987,streptogramin vat acetyltransferase,streptogramin A antibiotic;streptogramin antibiotic,antibiotic inactivation
ARO:3003713,VCC beta-lactamase,carbapenem;monobactam;penicillin beta-lactam,antibiotic inactivation
ARO:3002370,VEB beta-lactamase,cephalosporin;monobactam,antibiotic inactivation
ARO:3003146,VEB beta-lactamase,cephalosporin;monobactam,antibiotic inactivation
ARO:3006208,VEB beta-lactamase,cephalosporin;monobactam,antibiotic inactivation
ARO:3006209,VEB beta-lactamase,cephalosporin;monobactam,antibiotic inactivation
ARO:3006210,VEB beta-lactamase,cephalosporin;monobactam,antibiotic inactivation
ARO:3006211,VEB beta-lactamase,cephalosporin;monobactam,antibiotic inactivation
ARO:3006212,VEB beta-lactamase,cephalosporin;monobactam,antibiotic inactivation
ARO:3003712,VEB beta-lactamase,cephalosporin;monobactam,antibiotic inactivation
ARO:3006213,VEB beta-lactamase,cephalosporin;monobactam,antibiotic inactivation
ARO:3009079,VEB beta-lactamase,cephalosporin;monobactam,antibiotic inactivation
ARO:3006214,VEB beta-lactamase,cephalosporin;monobactam,antibiotic inactivation
ARO:3002371,VEB beta-lactamase,cephalosporin;monobactam,antibiotic inactivation
ARO:3006215,VEB beta-lactamase,cephalosporin;monobactam,antibiotic inactivation
ARO:3006216,VEB beta-lactamase,cephalosporin;monobactam,antibiotic inactivation
ARO:3006217,VEB beta-lactamase,cephalosporin;monobactam,antibiotic inactivation
ARO:3006218,VEB beta-lactamase,cephalosporin;monobactam,antibiotic inactivation
ARO:3006219,VEB beta-lactamase,cephalosporin;monobactam,antibiotic inactivation
ARO:3006220,VEB beta-lactamase,cephalosporin;monobactam,antibiotic inactivation
ARO:3006221,VEB beta-lactamase,cephalosporin;monobactam,antibiotic inactivation
ARO:3006222,VEB beta-lactamase,cephalosporin;monobactam,antibiotic inactivation
ARO:3009080,VEB beta-lactamase,cephalosporin;monobactam,antibiotic inactivation
ARO:3009081,VEB beta-lactamase,cephalosporin;monobactam,antibiotic inactivation
ARO:3002372,VEB beta-lactamase,cephalosporin;monobactam,antibiotic inactivation
ARO:3009082,VEB beta-lactamase,cephalosporin;monobactam,antibiotic inactivation
ARO:3009083,VEB beta-lactamase,cephalosporin;monobactam,antibiotic inactivation
ARO:3009084,VEB beta-lactamase,cephalosporin;monobactam,antibiotic inactivation
ARO:3009085,VEB beta-lactamase,cephalosporin;monobactam,antibiotic inactivation
ARO:3009086,VEB beta-lactamase,cephalosporin;monobactam,antibiotic inactivation
ARO:3009087,VEB beta-lactamase,cephalosporin;monobactam,antibiotic inactivation
ARO:3009088,VEB beta-lactamase,cephalosporin;monobactam,antibiotic inactivation
ARO:3009089,VEB beta-lactamase,cephalosporin;monobactam,antibiotic inactivation
ARO:3009090,VEB beta-lactamase,cephalosporin;monobactam,antibiotic inactivation
ARO:3009091,VEB beta-lactamase,cephalosporin;monobactam,antibiotic inactivation
ARO:3002373,VEB beta-lactamase,cephalosporin;monobactam,antibiotic inactivation
ARO:3002375,VEB beta-lactamase,cephalosporin;monobactam,antibiotic inactivation
ARO:3002374,VEB beta-lactamase,cephalosporin;monobactam,antibiotic inactivation
ARO:3002376,VEB beta-lactamase,cephalosporin;monobactam,antibiotic inactivation
ARO:3002377,VEB beta-lactamase,cephalosporin;monobactam,antibiotic inactivation
ARO:3002378,VEB beta-lactamase,cephalosporin;monobactam,antibiotic inactivation
ARO:3002829,vga-type ABC-F protein,lincosamide antibiotic;pleuromutilin antibiotic;streptogramin A antibiotic;streptogramin antibiotic,antibiotic target protection
ARO:3002830,vga-type ABC-F protein,lincosamide antibiotic;pleuromutilin antibiotic;streptogramin A antibiotic;streptogramin antibiotic,antibiotic target protection
ARO:3000118,vga-type ABC-F protein,pleuromutilin antibiotic;streptogramin A antibiotic;streptogramin antibiotic,antibiotic target protection
ARO:3002831,vga-type ABC-F protein,lincosamide antibiotic;pleuromutilin antibiotic;streptogramin A antibiotic;streptogramin antibiotic,antibiotic target protection
ARO:3002832,vga-type ABC-F protein,pleuromutilin antibiotic;streptogramin A antibiotic;streptogramin antibiotic,antibiotic target protection
ARO:3002833,vga-type ABC-F protein,lincosamide antibiotic;pleuromutilin antibiotic;streptogramin A antibiotic;streptogramin antibiotic,antibiotic target protection
ARO:3004715,vga-type ABC-F protein,lincosamide antibiotic;pleuromutilin antibiotic;streptogramin A antibiotic;streptogramin antibiotic,antibiotic target protection
ARO:3001307,streptogramin vgb lyase,streptogramin B antibiotic;streptogramin antibiotic,antibiotic inactivation
ARO:3001308,streptogramin vgb lyase,streptogramin B antibiotic;streptogramin antibiotic,antibiotic inactivation
ARO:3003990,streptogramin vgb lyase,streptogramin B antibiotic;streptogramin antibiotic,antibiotic inactivation
ARO:3007003,VHH beta-lactamase,carbapenem;cephalosporin;penicillin beta-lactam,antibiotic inactivation
ARO:3007004,VHW beta-lactamase,carbapenem;cephalosporin;penicillin beta-lactam,antibiotic inactivation
ARO:3004460,chloramphenicol acetyltransferase (CAT),phenicol antibiotic,antibiotic inactivation
ARO:3004118,General Bacterial Porin with reduced permeability to peptide antibiotics,peptide antibiotic,reduced permeability to antibiotic
ARO:3004117,General Bacterial Porin with reduced permeability to peptide antibiotics,peptide antibiotic,reduced permeability to antibiotic
ARO:3004289,Subclass B1 Vibrio cholerae varG beta-lactamase,carbapenem,antibiotic inactivation
ARO:3007794,rifamycin-resistant beta-subunit of RNA polymerase (rpoB),peptide antibiotic;rifamycin antibiotic,antibiotic target alteration;antibiotic target replacement
ARO:3002271,VIM beta-lactamase,carbapenem;cephalosporin;penicillin beta-lactam,antibiotic inactivation
ARO:3002280,VIM beta-lactamase,carbapenem;cephalosporin;penicillin beta-lactam,antibiotic inactivation
ARO:3002281,VIM beta-lactamase,carbapenem;cephalosporin;penicillin beta-lactam,antibiotic inactivation
ARO:3002282,VIM beta-lactamase,carbapenem;cephalosporin;penicillin beta-lactam,antibiotic inactivation
ARO:3002283,VIM beta-lactamase,carbapenem;cephalosporin;penicillin beta-lactam,antibiotic inactivation
ARO:3002284,VIM beta-lactamase,carbapenem;cephalosporin;penicillin beta-lactam,antibiotic inactivation
ARO:3002285,VIM beta-lactamase,carbapenem;cephalosporin;penicillin beta-lactam,antibiotic inactivation
ARO:3002286,VIM beta-lactamase,carbapenem;cephalosporin;penicillin beta-lactam,antibiotic inactivation
ARO:3002287,VIM beta-lactamase,carbapenem;cephalosporin;penicillin beta-lactam,antibiotic inactivation
ARO:3002288,VIM beta-lactamase,carbapenem;cephalosporin;penicillin beta-lactam,antibiotic inactivation
ARO:3002289,VIM beta-lactamase,carbapenem;cephalosporin;penicillin beta-lactam,antibiotic inactivation
ARO:3002272,VIM beta-lactamase,carbapenem;cephalosporin;penicillin beta-lactam,antibiotic inactivation
ARO:3002290,VIM beta-lactamase,carbapenem;cephalosporin;penicillin beta-lactam,antibiotic inactivation
ARO:3002293,VIM beta-lactamase,carbapenem;cephalosporin;penicillin beta-lactam,antibiotic inactivation
ARO:3002294,VIM beta-lactamase,carbapenem;cephalosporin;penicillin beta-lactam,antibiotic inactivation
ARO:3002295,VIM beta-lactamase,carbapenem;cephalosporin;penicillin beta-lactam,antibiotic inactivation
ARO:3002296,VIM beta-lactamase,carbapenem;cephalosporin;penicillin beta-lactam,antibiotic inactivation
ARO:3002297,VIM beta-lactamase,carbapenem;cephalosporin;penicillin beta-lactam,antibiotic inactivation
ARO:3002298,VIM beta-lactamase,carbapenem;cephalosporin;penicillin beta-lactam,antibiotic inactivation
ARO:3002299,VIM beta-lactamase,carbapenem;cephalosporin;penicillin beta-lactam,antibiotic inactivation
ARO:3002273,VIM beta-lactamase,carbapenem;cephalosporin;penicillin beta-lactam,antibiotic inactivation
ARO:3002300,VIM beta-lactamase,carbapenem;cephalosporin;penicillin beta-lactam,antibiotic inactivation
ARO:3002301,VIM beta-lactamase,carbapenem;cephalosporin;penicillin beta-lactam,antibiotic inactivation
ARO:3002302,VIM beta-lactamase,carbapenem;cephalosporin;penicillin beta-lactam,antibiotic inactivation
ARO:3002303,VIM beta-lactamase,carbapenem;cephalosporin;penicillin beta-lactam,antibiotic inactivation
ARO:3002304,VIM beta-lactamase,carbapenem;cephalosporin;penicillin beta-lactam,antibiotic inactivation
ARO:3002305,VIM beta-lactamase,carbapenem;cephalosporin;penicillin beta-lactam,antibiotic inactivation
ARO:3002306,VIM beta-lactamase,carbapenem;cephalosporin;penicillin beta-lactam,antibiotic inactivation
ARO:3002307,VIM beta-lactamase,carbapenem;cephalosporin;penicillin beta-lactam,antibiotic inactivation
ARO:3002308,VIM beta-lactamase,carbapenem;cephalosporin;penicillin beta-lactam,antibiotic inactivation
ARO:3002309,VIM beta-lactamase,carbapenem;cephalosporin;penicillin beta-lactam,antibiotic inactivation
ARO:3002274,VIM beta-lactamase,carbapenem;cephalosporin;penicillin beta-lactam,antibiotic inactivation
ARO:3002310,VIM beta-lactamase,carbapenem;cephalosporin;penicillin beta-lactam,antibiotic inactivation
ARO:3002311,VIM beta-lactamase,carbapenem;cephalosporin;penicillin beta-lactam,antibiotic inactivation
ARO:3003178,VIM beta-lactamase,carbapenem;cephalosporin;penicillin beta-lactam,antibiotic inactivation
ARO:3003179,VIM beta-lactamase,carbapenem;cephalosporin;penicillin beta-lactam,antibiotic inactivation
ARO:3003660,VIM beta-lactamase,carbapenem;cephalosporin;penicillin beta-lactam,antibiotic inactivation
ARO:3003661,VIM beta-lactamase,carbapenem;cephalosporin;penicillin beta-lactam,antibiotic inactivation
ARO:3003662,VIM beta-lactamase,carbapenem;cephalosporin;penicillin beta-lactam,antibiotic inactivation
ARO:3005495,VIM beta-lactamase,carbapenem;cephalosporin;penicillin beta-lactam,antibiotic inactivation
ARO:3005496,VIM beta-lactamase,carbapenem;cephalosporin;penicillin beta-lactam,antibiotic inactivation
ARO:3005497,VIM beta-lactamase,carbapenem;cephalosporin;penicillin beta-lactam,antibiotic inactivation
ARO:3002275,VIM beta-lactamase,carbapenem;cephalosporin;penicillin beta-lactam,antibiotic inactivation
ARO:3005498,VIM beta-lactamase,carbapenem;cephalosporin;penicillin beta-lactam,antibiotic inactivation
ARO:3005499,VIM beta-lactamase,carbapenem;cephalosporin;penicillin beta-lactam,antibiotic inactivation
ARO:3005500,VIM beta-lactamase,carbapenem;cephalosporin;penicillin beta-lactam,antibiotic inactivation
ARO:3005501,VIM beta-lactamase,carbapenem;cephalosporin;penicillin beta-lactam,antibiotic inactivation
ARO:3005502,VIM beta-lactamase,carbapenem;cephalosporin;penicillin beta-lactam,antibiotic inactivation
ARO:3005503,VIM beta-lactamase,carbapenem;cephalosporin;penicillin beta-lactam,antibiotic inactivation
ARO:3005504,VIM beta-lactamase,carbapenem;cephalosporin;penicillin beta-lactam,antibiotic inactivation
ARO:3005505,VIM beta-lactamase,carbapenem;cephalosporin;penicillin beta-lactam,antibiotic inactivation
ARO:3005506,VIM beta-lactamase,carbapenem;cephalosporin;penicillin beta-lactam,antibiotic inactivation
ARO:3005507,VIM beta-lactamase,carbapenem;cephalosporin;penicillin beta-lactam,antibiotic inactivation
ARO:3002276,VIM beta-lactamase,carbapenem;cephalosporin;penicillin beta-lactam,antibiotic inactivation
ARO:3005508,VIM beta-lactamase,carbapenem;cephalosporin;penicillin beta-lactam,antibiotic inactivation
ARO:3005509,VIM beta-lactamase,carbapenem;cephalosporin;penicillin beta-lactam,antibiotic inactivation
ARO:3005510,VIM beta-lactamase,carbapenem;cephalosporin;penicillin beta-lactam,antibiotic inactivation
ARO:3005511,VIM beta-lactamase,carbapenem;cephalosporin;penicillin beta-lactam,antibiotic inactivation
ARO:3005512,VIM beta-lactamase,carbapenem;cephalosporin;penicillin beta-lactam,antibiotic inactivation
ARO:3005513,VIM beta-lactamase,carbapenem;cephalosporin;penicillin beta-lactam,antibiotic inactivation
ARO:3005514,VIM beta-lactamase,carbapenem;cephalosporin;penicillin beta-lactam,antibiotic inactivation
ARO:3005515,VIM beta-lactamase,carbapenem;cephalosporin;penicillin beta-lactam,antibiotic inactivation
ARO:3005516,VIM beta-lactamase,carbapenem;cephalosporin;penicillin beta-lactam,antibiotic inactivation
ARO:3005517,VIM beta-lactamase,carbapenem;cephalosporin;penicillin beta-lactam,antibiotic inactivation
ARO:3002277,VIM beta-lactamase,carbapenem;cephalosporin;penicillin beta-lactam,antibiotic inactivation
ARO:3005518,VIM beta-lactamase,carbapenem;cephalosporin;penicillin beta-lactam,antibiotic inactivation
ARO:3005519,VIM beta-lactamase,carbapenem;cephalosporin;penicillin beta-lactam,antibiotic inactivation
ARO:3005520,VIM beta-lactamase,carbapenem;cephalosporin;penicillin beta-lactam,antibiotic inactivation
ARO:3005521,VIM beta-lactamase,carbapenem;cephalosporin;penicillin beta-lactam,antibiotic inactivation
ARO:3007804,VIM beta-lactamase,carbapenem;cephalosporin;penicillin beta-lactam,antibiotic inactivation
ARO:3007812,VIM beta-lactamase,carbapenem;cephalosporin;penicillin beta-lactam,antibiotic inactivation
ARO:3007813,VIM beta-lactamase,carbapenem;cephalosporin;penicillin beta-lactam,antibiotic inactivation
ARO:3007814,VIM beta-lactamase,carbapenem;cephalosporin;penicillin beta-lactam,antibiotic inactivation
ARO:3007815,VIM beta-lactamase,carbapenem;cephalosporin;penicillin beta-lactam,antibiotic inactivation
ARO:3007816,VIM beta-lactamase,carbapenem;cephalosporin;penicillin beta-lactam,antibiotic inactivation
ARO:3002278,VIM beta-lactamase,carbapenem;cephalosporin;penicillin beta-lactam,antibiotic inactivation
ARO:3007817,VIM beta-lactamase,carbapenem;cephalosporin;penicillin beta-lactam,antibiotic inactivation
ARO:3007818,VIM beta-lactamase,carbapenem;cephalosporin;penicillin beta-lactam,antibiotic inactivation
ARO:3007819,VIM beta-lactamase,carbapenem;cephalosporin;penicillin beta-lactam,antibiotic inactivation
ARO:3007820,VIM beta-lactamase,carbapenem;cephalosporin;penicillin beta-lactam,antibiotic inactivation
ARO:3007821,VIM beta-lactamase,carbapenem;cephalosporin;penicillin beta-lactam,antibiotic inactivation
ARO:3007822,VIM beta-lactamase,carbapenem;cephalosporin;penicillin beta-lactam,antibiotic inactivation
ARO:3007823,VIM beta-lactamase,carbapenem;cephalosporin;penicillin beta-lactam,antibiotic inactivation
ARO:3007824,VIM beta-lactamase,carbapenem;cephalosporin;penicillin beta-lactam,antibiotic inactivation
ARO:3009092,VIM beta-lactamase,carbapenem;cephalosporin;penicillin beta-lactam,antibiotic inactivation
ARO:3009093,VIM beta-lactamase,carbapenem;cephalosporin;penicillin beta-lactam,antibiotic inactivation
ARO:3002279,VIM beta-lactamase,carbapenem;cephalosporin;penicillin beta-lactam,antibiotic inactivation
ARO:3009094,VIM beta-lactamase,carbapenem;cephalosporin;penicillin beta-lactam,antibiotic inactivation
ARO:3009095,VIM beta-lactamase,carbapenem;cephalosporin;penicillin beta-lactam,antibiotic inactivation
ARO:3005015,VMB beta-lactamase,carbapenem;cephalosporin;penicillin beta-lactam,antibiotic inactivation
ARO:3004476,Miscellaneous ABC-F subfamily ATP-binding cassette ribosomal protection proteins,antibiotic without defined classification;lincosamide antibiotic;nucleoside antibiotic;pleuromutilin antibiotic;streptogramin A antibiotic;streptogramin B antibiotic;streptogramin antibiotic,antibiotic target protection
ARO:3003061,viomycin phosphotransferase,peptide antibiotic,antibiotic inactivation
ARO:3007843,ATP-binding cassette (ABC) antibiotic efflux pump,glycopeptide antibiotic,antibiotic efflux
ARO:3007435,WUS beta-lactamase,carbapenem;penicillin beta-lactam,antibiotic inactivation
ARO:3003558,BlaA beta-lactamase,cephalosporin;penicillin beta-lactam,antibiotic inactivation
ARO:3005040,resistance-nodulation-cell division (RND) antibiotic efflux pump,cephalosporin;disinfecting agents and antiseptics;fluoroquinolone antibiotic;glycopeptide antibiotic;glycylcycline;oxazolidinone antibiotic;penicillin beta-lactam;phenicol antibiotic;rifamycin antibiotic;tetracycline antibiotic,antibiotic efflux
ARO:3007005,YEM beta-lactamase,carbapenem,antibiotic inactivation
ARO:3003063,small multidrug resistance (SMR) antibiotic efflux pump,aminoglycoside antibiotic;phenicol antibiotic;tetracycline antibiotic,antibiotic efflux
ARO:3003064,small multidrug resistance (SMR) antibiotic efflux pump,aminoglycoside antibiotic;phenicol antibiotic;tetracycline antibiotic,antibiotic efflux
ARO:3009096,YOC beta-lactamase,cephalosporin,antibiotic inactivation
ARO:3003952,ATP-binding cassette (ABC) antibiotic efflux pump,peptide antibiotic,antibiotic efflux
ARO:3005035,YRC beta-lactamase,cephalosporin;penicillin beta-lactam,antibiotic inactivation
ARO:3007006,ZOG beta-lactamase,carbapenem,antibiotic inactivation